sep=,
"user_id","ring_size","avg_oct_2025","avg_nov_2025","avg_dec_2025","avg_jan_2026","avg_feb_2026","avg_mar_2026","avg_apr_2026","avg_may_2026","avg_jun_2026","avg_jul_2026","avg_aug_2026","avg_sep_2026","avg_last_7_days"
00162518-ebf3-47f0-84f7-ac3625d87aee,10,35.7,32.7,28.5,19.1,10.0,NO DATA,NO DATA,NO DATA,41.6,40.7,NO DATA,39.3,39.6
0025ceca-7312-40dd-9a91-5da2c10a0ba3,8,NO DATA,NO DATA,NO DATA,NO DATA,NO DATA,NO DATA,34.5,35.1,34.4,39.1,28.2,14.8,NO DATA
002a3e36-09b1-46a7-91fe-7a4e51aa3ec3,10,31.4,NO DATA,NO DATA,NO DATA,NO DATA,NO DATA,NO DATA,NO DATA,NO DATA,NO DATA,NO DATA,NO DATA,NO DATA
002efa44-572f-42da-ad81-16065cca9cba,10,28.7,32.7,29.4,27.3,19.7,17.4,9.5,NO DATA,NO DATA,NO DATA,NO DATA,NO DATA,NO DATA
00369bd7-cd39-448d-8516-7d617042f580,10,NO DATA,NO DATA,32.7,NO DATA,NO DATA,34.3,NO DATA,NO DATA,NO DATA,NO DATA,NO DATA,NO DATA,NO DATA
005366dd-9b0d-46b3-b879-b800e367f030,8,NO DATA,NO DATA,NO DATA,NO DATA,NO DATA,37.6,36.2,34.7,21.4,30.3,28.5,19.5,14.0
0057c172-b1bf-4d86-923e-5c28e7abea66,10,NO DATA,32.0,32.0,NO DATA,NO DATA,NO DATA,NO DATA,NO DATA,NO DATA,NO DATA,NO DATA,NO DATA,NO DATA
00668696-7cc2-41d1-85bb-f87ee53e8586,8,23.7,28.5,31.4,28.8,34.4,34.1,35.4,NO DATA,NO DATA,NO DATA,NO DATA,NO DATA,NO DATA
00668696-7cc2-41d1-85bb-f87ee53e8586,10,25.9,NO DATA,NO DATA,NO DATA,NO DATA,NO DATA,NO DATA,NO DATA,NO DATA,NO DATA,NO DATA,NO DATA,NO DATA
00785b21-0f14-43fb-9c57-6b52036df5b9,10,29.2,33.6,NO DATA,NO DATA,NO DATA,NO DATA,NO DATA,NO DATA,NO DATA,NO DATA,NO DATA,NO DATA,NO DATA
00982b80-d577-49c7-81fd-f52a8298879d,10,NO DATA,NO DATA,NO DATA,NO DATA,NO DATA,NO DATA,NO DATA,NO DATA,NO DATA,NO DATA,44.1,NO DATA,NO DATA
00a13bb4-b457-4c24-92ad-7e91d9ea07d8,10,30.1,NO DATA,NO DATA,NO DATA,NO DATA,NO DATA,NO DATA,NO DATA,NO DATA,NO DATA,NO DATA,NO DATA,NO DATA
00a7985a-3bd0-4039-996e-78057b7a00d7,10,34.2,33.5,31.6,24.8,24.4,20.6,16.2,11.7,NO DATA,NO DATA,NO DATA,NO DATA,NO DATA
00c431ba-f4a5-4d34-ac3e-6396a82b0b16,8,NO DATA,NO DATA,NO DATA,NO DATA,NO DATA,NO DATA,45.6,45.9,46.6,50.4,NO DATA,NO DATA,NO DATA
00c59ea7-2bac-445e-8d7f-1889f06c831f,10,NO DATA,NO DATA,NO DATA,NO DATA,38.6,NO DATA,NO DATA,NO DATA,NO DATA,NO DATA,NO DATA,NO DATA,NO DATA
01162aa6-8a7f-4382-a3bd-5a6905e2b700,10,NO DATA,NO DATA,NO DATA,NO DATA,NO DATA,NO DATA,NO DATA,NO DATA,49.7,46.8,43.0,36.2,33.4
01175088-1d06-4301-8c36-76e0f9ae3346,6,NO DATA,NO DATA,NO DATA,NO DATA,NO DATA,NO DATA,NO DATA,NO DATA,25.0,23.0,NO DATA,NO DATA,NO DATA
0119e210-b1e9-452c-a9ed-e99505c61ce0,10,33.7,35.2,29.0,25.2,NO DATA,NO DATA,13.3,9.3,39.8,47.2,10.1,28.5,35.5
011aae11-2e1e-40b7-b086-3c022c2fdcd3,8,NO DATA,NO DATA,NO DATA,NO DATA,NO DATA,NO DATA,NO DATA,NO DATA,35.4,31.2,37.5,NO DATA,NO DATA
011acd64-dbf1-44a5-8207-e82874677b27,8,NO DATA,NO DATA,NO DATA,NO DATA,NO DATA,NO DATA,37.1,NO DATA,NO DATA,NO DATA,NO DATA,NO DATA,NO DATA
011b781b-f5bf-45bb-8212-52eb4eae1748,10,24.9,19.9,16.4,9.6,NO DATA,NO DATA,NO DATA,NO DATA,39.8,38.7,31.7,20.2,19.4
01203302-07b0-44ce-b95d-69bdc6ad975c,10,NO DATA,35.7,23.1,13.1,NO DATA,28.0,23.2,23.2,46.4,45.9,NO DATA,31.6,24.6
0123a40d-e124-4d96-b268-83353cc05df3,10,NO DATA,NO DATA,NO DATA,NO DATA,35.9,33.8,41.9,37.1,NO DATA,NO DATA,NO DATA,NO DATA,NO DATA
0123a40d-e124-4d96-b268-83353cc05df3,12,NO DATA,NO DATA,NO DATA,NO DATA,NO DATA,NO DATA,NO DATA,NO DATA,NO DATA,37.3,NO DATA,NO DATA,NO DATA
012c7c15-d976-4994-a5cf-f0cb81673445,6,NO DATA,NO DATA,28.9,NO DATA,NO DATA,NO DATA,NO DATA,NO DATA,NO DATA,NO DATA,NO DATA,NO DATA,NO DATA
012cd210-d0ce-4f33-99f4-858cec10455e,10,33.6,36.0,NO DATA,NO DATA,NO DATA,NO DATA,NO DATA,NO DATA,NO DATA,NO DATA,NO DATA,NO DATA,NO DATA
01407b5a-caa0-4836-9d71-4bb84558a223,10,NO DATA,NO DATA,NO DATA,35.7,NO DATA,NO DATA,NO DATA,NO DATA,NO DATA,NO DATA,NO DATA,NO DATA,NO DATA
01450014-9c04-464a-8ee7-61e5f3343bd5,10,32.0,32.8,31.5,28.0,NO DATA,NO DATA,23.5,NO DATA,NO DATA,NO DATA,NO DATA,NO DATA,NO DATA
01586ba8-eb6d-4be4-b6ac-e8e12db55ea5,6,21.9,22.8,18.4,12.7,9.2,9.2,NO DATA,NO DATA,NO DATA,NO DATA,NO DATA,NO DATA,NO DATA
015f6ab7-f8df-4ef9-be93-5119df2954b0,10,26.5,31.6,28.5,20.4,14.3,14.2,NO DATA,NO DATA,NO DATA,NO DATA,NO DATA,NO DATA,NO DATA
01747af2-fbe7-49ad-8c55-b4b3a2a7d8dd,8,NO DATA,NO DATA,NO DATA,NO DATA,NO DATA,NO DATA,35.5,34.0,30.6,30.0,22.8,19.4,14.1
017f471e-4f26-4183-982d-d9f5751003a7,8,NO DATA,NO DATA,NO DATA,NO DATA,NO DATA,NO DATA,34.8,37.2,32.7,NO DATA,NO DATA,NO DATA,NO DATA
01b60a77-65e9-4883-a8e7-bc654b51544a,10,35.7,37.1,36.5,34.6,33.3,35.5,30.9,22.9,15.2,NO DATA,NO DATA,NO DATA,NO DATA
01ba39a2-77b1-449e-93be-9eba31e2a7bc,10,22.8,30.0,NO DATA,22.3,NO DATA,NO DATA,35.9,NO DATA,NO DATA,NO DATA,NO DATA,NO DATA,NO DATA
01badfae-fc3d-4464-8747-60d4c1058ab0,8,NO DATA,NO DATA,NO DATA,NO DATA,NO DATA,NO DATA,37.5,NO DATA,NO DATA,NO DATA,NO DATA,NO DATA,NO DATA
01ddeaf3-6ed1-4507-9961-3974adbb3997,10,NO DATA,NO DATA,NO DATA,NO DATA,NO DATA,NO DATA,NO DATA,32.9,41.7,NO DATA,NO DATA,NO DATA,NO DATA
01e4fd45-382a-45f6-b278-48d5aff9cdab,12,NO DATA,NO DATA,NO DATA,NO DATA,NO DATA,NO DATA,NO DATA,NO DATA,48.1,49.7,NO DATA,20.2,NO DATA
01f18ddc-6be3-4477-903c-2d426fa51885,10,NO DATA,44.8,NO DATA,NO DATA,NO DATA,NO DATA,NO DATA,NO DATA,NO DATA,NO DATA,NO DATA,NO DATA,NO DATA
02025c74-15ca-46db-a0aa-2beda8e34eb7,8,NO DATA,NO DATA,NO DATA,NO DATA,NO DATA,NO DATA,30.1,NO DATA,NO DATA,NO DATA,NO DATA,NO DATA,NO DATA
02323fc2-4d54-42e6-9ff3-1bc3776bac0f,10,NO DATA,NO DATA,NO DATA,NO DATA,NO DATA,NO DATA,42.0,41.2,37.8,37.1,16.6,12.1,NO DATA
0256b770-1485-43fe-b68c-0bce8c757705,10,34.9,NO DATA,NO DATA,NO DATA,NO DATA,NO DATA,NO DATA,NO DATA,NO DATA,NO DATA,NO DATA,NO DATA,NO DATA
025714e4-6f09-4007-a7d4-8c601b5e458b,10,NO DATA,33.4,34.2,NO DATA,NO DATA,NO DATA,NO DATA,NO DATA,NO DATA,NO DATA,NO DATA,NO DATA,NO DATA
0288831b-a0d2-4445-afe0-1e7181e550f4,10,35.3,37.0,34.8,NO DATA,NO DATA,35.4,34.2,39.1,NO DATA,NO DATA,NO DATA,NO DATA,NO DATA
02a001b9-e15d-45c8-8481-5643b31d3fec,8,NO DATA,NO DATA,NO DATA,NO DATA,NO DATA,NO DATA,29.2,NO DATA,NO DATA,NO DATA,NO DATA,NO DATA,NO DATA
02b23b8b-c002-4ba5-99fb-70ec13ea98bd,10,32.5,33.8,34.2,NO DATA,NO DATA,NO DATA,NO DATA,NO DATA,NO DATA,NO DATA,NO DATA,NO DATA,NO DATA
02c45630-8adf-4840-b398-9781d78b5888,12,NO DATA,NO DATA,NO DATA,NO DATA,NO DATA,NO DATA,46.8,47.3,38.9,37.5,8.8,6.9,NO DATA
02d5ef9c-f23d-474d-9a45-9c45e4ef28d0,8,NO DATA,NO DATA,NO DATA,NO DATA,NO DATA,NO DATA,37.6,41.7,NO DATA,NO DATA,NO DATA,NO DATA,NO DATA
02ee9d25-ae0c-4b96-8383-4d0f2054b4b9,8,NO DATA,38.1,37.0,NO DATA,NO DATA,NO DATA,NO DATA,NO DATA,NO DATA,NO DATA,NO DATA,NO DATA,NO DATA
02f8c91f-5e85-4019-942f-13936b948b2d,10,36.1,NO DATA,NO DATA,NO DATA,NO DATA,NO DATA,NO DATA,NO DATA,NO DATA,NO DATA,NO DATA,NO DATA,NO DATA
03104d31-8f1a-4e6e-a74e-954ebca84d17,8,NO DATA,NO DATA,NO DATA,NO DATA,NO DATA,NO DATA,29.8,26.8,26.7,NO DATA,NO DATA,NO DATA,NO DATA
0328ae3a-7ffc-4cdf-8f5b-1c5b47837a3e,6,24.5,27.4,23.6,19.7,16.6,15.1,32.2,27.6,25.0,24.9,NO DATA,14.3,13.5
032aa2a6-ec22-4276-91e3-d17acb784a52,6,21.9,NO DATA,NO DATA,NO DATA,NO DATA,NO DATA,NO DATA,NO DATA,NO DATA,NO DATA,NO DATA,NO DATA,NO DATA
032aa2a6-ec22-4276-91e3-d17acb784a52,8,25.0,25.1,21.7,NO DATA,NO DATA,NO DATA,NO DATA,NO DATA,NO DATA,NO DATA,NO DATA,NO DATA,NO DATA
037fd4aa-3432-451a-a770-00f9b831cb3f,8,NO DATA,NO DATA,NO DATA,NO DATA,NO DATA,NO DATA,42.9,41.6,NO DATA,NO DATA,NO DATA,NO DATA,NO DATA
0385ef28-fbbf-421b-8bf4-cfda27291c6f,8,26.0,31.1,NO DATA,NO DATA,NO DATA,NO DATA,NO DATA,NO DATA,NO DATA,NO DATA,NO DATA,NO DATA,NO DATA
03c68b11-512d-4ffe-9a16-493fe8e071ca,10,30.3,31.7,NO DATA,NO DATA,NO DATA,NO DATA,NO DATA,NO DATA,NO DATA,NO DATA,NO DATA,NO DATA,NO DATA
03c9b611-5673-4f2b-b4e7-8234ba5057fc,10,NO DATA,NO DATA,NO DATA,NO DATA,NO DATA,NO DATA,NO DATA,NO DATA,42.1,53.2,NO DATA,NO DATA,NO DATA
03fd9236-9454-473f-b6dd-17a6e53bf230,10,28.3,31.1,27.2,20.8,NO DATA,NO DATA,14.5,NO DATA,NO DATA,NO DATA,NO DATA,NO DATA,NO DATA
04013431-972b-46c3-b2a4-e92c0733de28,6,18.0,NO DATA,NO DATA,NO DATA,NO DATA,NO DATA,NO DATA,NO DATA,NO DATA,NO DATA,NO DATA,NO DATA,NO DATA
040cea83-0786-4870-86d1-f1751fffefee,8,22.3,26.5,NO DATA,NO DATA,NO DATA,NO DATA,NO DATA,NO DATA,NO DATA,NO DATA,NO DATA,NO DATA,NO DATA
042d0710-7e29-4142-a18c-71c92705a1de,10,NO DATA,37.8,41.2,23.4,56.0,40.6,NO DATA,NO DATA,NO DATA,NO DATA,NO DATA,NO DATA,NO DATA
043671ce-14c7-4c27-9355-02dd16c91eec,6,25.7,26.9,25.2,22.8,NO DATA,NO DATA,26.6,22.9,NO DATA,NO DATA,NO DATA,NO DATA,NO DATA
043b29d1-3e07-436e-90cf-8c45fe10880b,10,32.1,34.6,41.2,40.2,40.4,NO DATA,24.2,NO DATA,NO DATA,NO DATA,NO DATA,NO DATA,NO DATA
044414b6-6d56-4ca0-ab45-69e237cb0c98,6,NO DATA,26.2,23.7,19.6,16.0,17.2,NO DATA,NO DATA,NO DATA,NO DATA,NO DATA,NO DATA,NO DATA
045bb69c-d1a9-4b5f-91bd-ee3f7224ed63,10,NO DATA,26.1,28.0,NO DATA,NO DATA,NO DATA,NO DATA,NO DATA,NO DATA,NO DATA,NO DATA,NO DATA,NO DATA
04637ac9-939b-4bfe-92d5-8e8547472b46,10,NO DATA,NO DATA,NO DATA,NO DATA,NO DATA,NO DATA,31.0,NO DATA,NO DATA,NO DATA,NO DATA,NO DATA,NO DATA
0470b8fc-26c3-4c42-9459-1dc57082bc21,8,21.4,25.1,NO DATA,25.5,25.6,25.3,23.3,NO DATA,36.4,38.2,NO DATA,28.3,30.6
04cadcc0-7f76-4030-abf7-beaa28122810,10,NO DATA,NO DATA,NO DATA,NO DATA,NO DATA,NO DATA,NO DATA,38.3,NO DATA,NO DATA,NO DATA,NO DATA,NO DATA
04f67ae6-bc51-4f69-8991-7cd8ffb928d9,10,32.6,35.3,33.1,31.9,31.0,29.4,32.6,32.1,29.2,27.8,NO DATA,17.8,16.4
050ca7ea-0767-46f6-b653-00829d8043bf,8,NO DATA,NO DATA,NO DATA,NO DATA,NO DATA,NO DATA,NO DATA,NO DATA,NO DATA,NO DATA,NO DATA,36.1,36.1
051afabb-4d61-42fe-9ce7-3e49fc441641,6,NO DATA,24.4,NO DATA,NO DATA,NO DATA,NO DATA,NO DATA,NO DATA,NO DATA,NO DATA,NO DATA,NO DATA,NO DATA
051e4b3e-253e-406f-9943-4920b3fc30c0,8,NO DATA,NO DATA,NO DATA,NO DATA,NO DATA,NO DATA,NO DATA,NO DATA,39.4,NO DATA,NO DATA,NO DATA,NO DATA
052419fb-7a78-4a33-ba48-f3eefbe7e2a9,10,31.2,30.3,26.9,26.7,24.8,20.7,17.3,10.2,5.8,NO DATA,NO DATA,NO DATA,NO DATA
05312d9f-62e1-4d5e-aafd-423492dce067,12,NO DATA,NO DATA,NO DATA,NO DATA,NO DATA,NO DATA,NO DATA,NO DATA,43.1,38.4,NO DATA,NO DATA,NO DATA
054a6d2e-e930-4ea7-8502-f47c287bdc7b,8,NO DATA,NO DATA,NO DATA,NO DATA,NO DATA,NO DATA,NO DATA,37.1,33.1,29.5,22.2,21.1,18.4
05530efd-ab49-4b94-aa33-d70db57ec49b,10,NO DATA,39.3,38.6,NO DATA,NO DATA,NO DATA,NO DATA,NO DATA,NO DATA,NO DATA,NO DATA,NO DATA,NO DATA
056f44d9-0f46-40c6-a532-a2c8fbc091a9,10,NO DATA,30.0,25.7,19.6,NO DATA,13.6,8.8,7.9,NO DATA,35.8,40.3,33.6,32.5
0574917b-eb9d-4cd2-8b37-29992b3bc2de,10,NO DATA,32.3,36.7,36.7,36.1,36.0,35.7,NO DATA,NO DATA,NO DATA,NO DATA,NO DATA,NO DATA
05a027ba-c15b-4672-adf5-221bf24d62d6,10,32.6,35.4,31.0,20.7,12.6,17.6,NO DATA,NO DATA,41.4,43.5,NO DATA,NO DATA,NO DATA
05a225cf-c875-433b-924b-c18fe0b167f2,10,35.3,38.4,39.2,37.1,NO DATA,NO DATA,NO DATA,NO DATA,NO DATA,NO DATA,NO DATA,NO DATA,NO DATA
05adec66-405d-4335-9cc7-f2c6f5735b43,8,NO DATA,NO DATA,NO DATA,NO DATA,NO DATA,39.0,41.7,NO DATA,NO DATA,NO DATA,NO DATA,NO DATA,NO DATA
05bb99c3-e161-4fe1-bd4b-898e7599396b,10,29.8,33.7,28.8,NO DATA,NO DATA,32.2,NO DATA,NO DATA,NO DATA,NO DATA,NO DATA,NO DATA,NO DATA
05d41059-cb54-407e-a4ab-2b495894fec0,8,NO DATA,NO DATA,NO DATA,NO DATA,NO DATA,NO DATA,31.6,31.7,24.1,21.5,NO DATA,NO DATA,NO DATA
05dde781-fbe7-417e-be7b-dda2f700c574,10,NO DATA,22.8,NO DATA,NO DATA,NO DATA,NO DATA,NO DATA,NO DATA,NO DATA,NO DATA,NO DATA,NO DATA,NO DATA
05e003f1-d5f6-4d22-ab43-2c323dca28a3,8,NO DATA,NO DATA,NO DATA,NO DATA,NO DATA,NO DATA,32.9,26.4,26.0,NO DATA,NO DATA,NO DATA,NO DATA
060c739a-bf8c-4e0e-9e2d-70bd376737bc,10,32.2,37.4,NO DATA,35.8,NO DATA,31.0,NO DATA,26.8,NO DATA,NO DATA,NO DATA,NO DATA,NO DATA
0632a5d8-b8ff-42f6-80be-060a42337b0d,6,NO DATA,27.2,25.6,NO DATA,NO DATA,NO DATA,NO DATA,33.9,28.9,21.8,NO DATA,NO DATA,NO DATA
06369b74-d538-4f1d-91ef-6a6fbbaae49a,10,NO DATA,NO DATA,29.1,NO DATA,NO DATA,NO DATA,NO DATA,NO DATA,NO DATA,NO DATA,NO DATA,NO DATA,NO DATA
06946ad2-6b70-45ee-b248-31c17fcdcaa8,10,31.2,38.4,33.1,32.9,31.6,36.0,NO DATA,NO DATA,NO DATA,NO DATA,NO DATA,NO DATA,NO DATA
06a14106-574e-458d-8b77-91b0b7266828,6,NO DATA,26.7,23.2,19.7,17.6,14.7,NO DATA,NO DATA,NO DATA,NO DATA,NO DATA,NO DATA,NO DATA
06ab8d6f-6cd1-4fbe-8d5e-6384a5f1589b,8,NO DATA,NO DATA,NO DATA,NO DATA,NO DATA,NO DATA,36.3,32.9,32.4,NO DATA,NO DATA,NO DATA,NO DATA
06b9180f-cafc-4d24-b38b-1bbab8627f85,6,7.1,NO DATA,8.4,NO DATA,NO DATA,26.5,26.6,25.1,23.1,22.6,NO DATA,NO DATA,NO DATA
06cd2ad1-6c5a-493d-b67b-b97f374a0014,10,NO DATA,NO DATA,31.4,27.9,26.6,32.0,28.8,25.5,20.7,11.7,6.2,NO DATA,NO DATA
06e05863-3712-4cfe-bdf3-beb0b6e19814,6,25.6,27.6,29.3,NO DATA,NO DATA,NO DATA,NO DATA,NO DATA,NO DATA,NO DATA,NO DATA,NO DATA,NO DATA
070433c4-ae57-4f0b-a617-3ef125aabbd2,10,NO DATA,NO DATA,NO DATA,NO DATA,NO DATA,NO DATA,NO DATA,NO DATA,NO DATA,35.9,NO DATA,NO DATA,NO DATA
0719338a-5134-439a-a720-259003b611ce,8,NO DATA,NO DATA,NO DATA,NO DATA,NO DATA,46.0,43.3,37.4,27.6,19.5,NO DATA,NO DATA,NO DATA
0719a87d-717a-443b-aecb-c9d6d20a00db,10,26.0,33.5,NO DATA,NO DATA,NO DATA,NO DATA,34.5,35.2,NO DATA,NO DATA,NO DATA,NO DATA,NO DATA
071d97c1-0f58-4ca7-8caf-49fbdf068bde,6,NO DATA,NO DATA,NO DATA,NO DATA,NO DATA,NO DATA,35.4,28.6,25.0,24.0,14.1,NO DATA,NO DATA
07480bd7-4fd5-4513-bfb4-727cb2c02f82,8,NO DATA,NO DATA,NO DATA,NO DATA,NO DATA,NO DATA,30.6,22.2,NO DATA,NO DATA,NO DATA,NO DATA,NO DATA
0751a029-e5dc-4f69-b9dd-7e95aa7f0217,10,NO DATA,NO DATA,NO DATA,NO DATA,NO DATA,NO DATA,NO DATA,NO DATA,24.5,32.1,26.3,NO DATA,NO DATA
07708b10-a428-45cf-9b52-56d29686c37a,8,NO DATA,NO DATA,NO DATA,NO DATA,NO DATA,NO DATA,NO DATA,9.9,NO DATA,NO DATA,NO DATA,NO DATA,NO DATA
077eed15-4904-4dc2-9e24-d59b56caded0,8,NO DATA,NO DATA,NO DATA,NO DATA,NO DATA,NO DATA,61.7,NO DATA,NO DATA,NO DATA,NO DATA,NO DATA,NO DATA
07ae911e-005e-4551-bd74-e59dd4f2f818,8,NO DATA,NO DATA,NO DATA,NO DATA,NO DATA,NO DATA,NO DATA,50.4,68.1,59.8,NO DATA,NO DATA,NO DATA
07c3e5a5-57dd-44e9-a2cb-0e2412c3c616,8,NO DATA,38.7,NO DATA,NO DATA,NO DATA,NO DATA,NO DATA,NO DATA,NO DATA,NO DATA,NO DATA,NO DATA,NO DATA
07c88756-df06-4d17-aec8-8d68ad65134d,12,NO DATA,NO DATA,NO DATA,NO DATA,NO DATA,NO DATA,NO DATA,NO DATA,41.2,37.1,NO DATA,NO DATA,NO DATA
08014846-528b-4c7b-aff7-9d24df5adc5b,10,NO DATA,48.3,NO DATA,NO DATA,NO DATA,NO DATA,NO DATA,NO DATA,NO DATA,NO DATA,NO DATA,NO DATA,NO DATA
0801fcc9-d6b3-41d3-876d-399e14051ec4,6,NO DATA,NO DATA,NO DATA,NO DATA,NO DATA,NO DATA,NO DATA,NO DATA,NO DATA,NO DATA,28.3,28.7,NO DATA
08064b38-6ca9-4a2e-b366-b2e506ec33d8,10,NO DATA,NO DATA,NO DATA,NO DATA,38.3,41.8,32.3,23.2,NO DATA,NO DATA,NO DATA,NO DATA,NO DATA
08181b5d-0592-4aae-b5f9-0aac4750a17d,8,NO DATA,NO DATA,NO DATA,NO DATA,NO DATA,NO DATA,42.0,NO DATA,39.9,41.3,NO DATA,NO DATA,NO DATA
081930bb-5a00-44c3-a888-6a359c8b1e65,6,NO DATA,NO DATA,NO DATA,NO DATA,NO DATA,NO DATA,27.5,27.1,24.7,NO DATA,NO DATA,23.0,23.0
082134f0-f473-4cb5-aa87-995e1572bcd7,6,NO DATA,37.2,NO DATA,NO DATA,NO DATA,NO DATA,NO DATA,NO DATA,NO DATA,NO DATA,NO DATA,NO DATA,NO DATA
082134f0-f473-4cb5-aa87-995e1572bcd7,10,NO DATA,NO DATA,NO DATA,NO DATA,NO DATA,NO DATA,NO DATA,NO DATA,44.0,56.5,27.7,NO DATA,NO DATA
08351a32-d02d-4a74-adbb-311725d34361,10,28.4,27.5,16.5,NO DATA,NO DATA,NO DATA,NO DATA,NO DATA,40.1,44.9,NO DATA,NO DATA,NO DATA
08489303-44e2-49b5-9d52-c8846beb206e,10,NO DATA,NO DATA,NO DATA,38.1,33.9,31.6,23.1,14.0,38.7,51.5,27.2,27.2,26.6
084ac0be-7c3c-4850-b990-604c3a1a38db,10,NO DATA,41.0,44.3,43.4,NO DATA,NO DATA,54.4,56.9,NO DATA,NO DATA,NO DATA,NO DATA,NO DATA
085fe09c-e836-4c72-bbdd-793e92dddcc7,10,36.1,38.7,35.7,31.8,32.9,30.5,28.7,25.3,25.2,NO DATA,NO DATA,NO DATA,NO DATA
086169df-1eae-4157-a644-038ef3430a86,6,NO DATA,38.8,NO DATA,NO DATA,NO DATA,NO DATA,NO DATA,NO DATA,NO DATA,NO DATA,NO DATA,NO DATA,NO DATA
0868946c-a106-451f-be37-053f9693e310,10,NO DATA,37.2,37.5,34.9,31.0,NO DATA,16.0,NO DATA,46.1,38.3,NO DATA,13.4,10.9
0879c020-5fb9-40a9-947c-384279ca1ea3,6,24.0,29.0,26.0,23.9,20.4,19.6,19.8,16.0,11.0,NO DATA,NO DATA,16.8,13.9
0889ce33-58c9-42f7-8cba-24d4e82b134e,10,32.0,34.2,34.1,NO DATA,14.9,14.0,10.1,NO DATA,NO DATA,NO DATA,NO DATA,NO DATA,NO DATA
088ca698-9fdd-4c84-b4db-5a17895cd87d,10,25.9,30.0,22.3,18.9,NO DATA,NO DATA,NO DATA,NO DATA,NO DATA,NO DATA,NO DATA,NO DATA,NO DATA
089f971c-7a43-4c99-a83a-c047885de419,10,28.3,31.3,29.9,23.5,NO DATA,NO DATA,6.4,NO DATA,NO DATA,NO DATA,NO DATA,NO DATA,NO DATA
08a2c133-1bb4-48df-9a84-5f35f4955cc8,10,34.3,36.2,23.9,10.9,NO DATA,NO DATA,NO DATA,NO DATA,NO DATA,NO DATA,NO DATA,NO DATA,NO DATA
08ac3b4a-f9bb-4100-9fc0-ef5c266fa56a,10,28.7,30.6,23.2,22.6,NO DATA,NO DATA,NO DATA,NO DATA,NO DATA,NO DATA,NO DATA,NO DATA,NO DATA
08b320c4-6a73-41d5-9724-90d198435dca,10,30.9,NO DATA,NO DATA,NO DATA,NO DATA,NO DATA,NO DATA,NO DATA,NO DATA,NO DATA,NO DATA,NO DATA,NO DATA
08cdcdce-b68d-4044-a6c0-0a35f14a4351,10,NO DATA,40.8,37.0,35.6,34.4,45.7,40.1,NO DATA,NO DATA,NO DATA,NO DATA,NO DATA,NO DATA
08db6e48-30c0-4ea3-9fc5-f291a51bf800,8,NO DATA,NO DATA,NO DATA,NO DATA,NO DATA,NO DATA,NO DATA,37.6,35.9,29.1,31.7,24.9,23.3
08fd2e7d-7288-46bd-ac67-a1ac89be1907,10,NO DATA,NO DATA,NO DATA,NO DATA,NO DATA,NO DATA,NO DATA,NO DATA,43.2,NO DATA,NO DATA,NO DATA,NO DATA
0918dd48-d4ad-437f-bb7f-bd6cac7a5d4b,8,NO DATA,NO DATA,NO DATA,NO DATA,NO DATA,NO DATA,33.3,31.2,NO DATA,NO DATA,NO DATA,NO DATA,NO DATA
093cc62a-1af5-4b33-ae1d-f0aae34fb4b5,10,24.8,NO DATA,NO DATA,NO DATA,NO DATA,NO DATA,NO DATA,NO DATA,NO DATA,NO DATA,NO DATA,NO DATA,NO DATA
09412608-9e83-4f5b-988e-5479801beb1e,8,NO DATA,NO DATA,NO DATA,NO DATA,NO DATA,NO DATA,NO DATA,NO DATA,27.9,39.8,NO DATA,NO DATA,NO DATA
09417207-8b90-460c-a84e-2f29b11d7617,10,33.6,37.0,NO DATA,NO DATA,NO DATA,NO DATA,NO DATA,NO DATA,NO DATA,NO DATA,NO DATA,NO DATA,NO DATA
09522e92-1f48-40a5-ad5f-6ffacdb137dd,8,NO DATA,NO DATA,NO DATA,NO DATA,NO DATA,NO DATA,39.4,38.7,NO DATA,NO DATA,NO DATA,NO DATA,NO DATA
09779648-91ea-49d1-bb4d-09eb2647f0f4,10,NO DATA,NO DATA,26.6,25.1,23.7,29.4,29.4,26.8,25.6,28.6,NO DATA,10.5,10.7
0979a490-2c1b-4f3e-a495-30751467c7b1,10,31.2,NO DATA,NO DATA,NO DATA,NO DATA,NO DATA,NO DATA,NO DATA,NO DATA,NO DATA,NO DATA,NO DATA,NO DATA
0996a14e-b540-4ee3-af91-5d0bb856d18a,8,NO DATA,NO DATA,NO DATA,NO DATA,NO DATA,NO DATA,NO DATA,34.6,31.1,31.4,18.4,19.1,19.7
0996a14e-b540-4ee3-af91-5d0bb856d18a,12,NO DATA,NO DATA,NO DATA,NO DATA,NO DATA,NO DATA,44.3,35.9,NO DATA,NO DATA,NO DATA,39.2,39.2
099b550f-f003-44c6-83e8-0c7115a467ae,10,NO DATA,NO DATA,NO DATA,NO DATA,NO DATA,NO DATA,NO DATA,NO DATA,46.9,46.3,NO DATA,NO DATA,NO DATA
09a5d237-edbe-4c06-be8e-f7577d912589,10,NO DATA,NO DATA,NO DATA,33.9,36.4,33.3,28.4,20.8,20.4,NO DATA,NO DATA,NO DATA,NO DATA
09c717c2-0ee8-4519-9f6e-aeb467c56acd,12,NO DATA,NO DATA,NO DATA,NO DATA,NO DATA,NO DATA,NO DATA,NO DATA,37.4,35.0,NO DATA,12.8,10.0
09d0e6ca-2b64-4fd3-9398-a982dae49c2e,10,40.9,NO DATA,NO DATA,NO DATA,NO DATA,NO DATA,NO DATA,NO DATA,NO DATA,NO DATA,NO DATA,NO DATA,NO DATA
09e11730-b3ef-4052-be7b-3242d0d559e2,10,34.8,38.6,NO DATA,NO DATA,NO DATA,NO DATA,NO DATA,NO DATA,NO DATA,NO DATA,NO DATA,NO DATA,NO DATA
09fc9cec-6b38-4e36-8f48-bfac92072438,10,NO DATA,26.0,5.8,NO DATA,NO DATA,NO DATA,NO DATA,NO DATA,NO DATA,NO DATA,NO DATA,NO DATA,NO DATA
0a06f571-ebd4-455c-85fa-2b8d502e0392,10,NO DATA,NO DATA,NO DATA,NO DATA,NO DATA,NO DATA,NO DATA,NO DATA,46.8,NO DATA,NO DATA,35.7,34.2
0a1112fe-2972-4576-90df-350a24728eeb,10,42.1,NO DATA,NO DATA,NO DATA,NO DATA,NO DATA,NO DATA,NO DATA,NO DATA,NO DATA,NO DATA,NO DATA,NO DATA
0a113590-38bc-4737-8a3d-7e84a1e3fe78,6,NO DATA,28.1,26.1,23.3,23.7,26.6,17.7,NO DATA,NO DATA,NO DATA,NO DATA,NO DATA,NO DATA
0a11ca82-4d57-4e9e-88cb-44f1c83c2e98,8,NO DATA,NO DATA,NO DATA,NO DATA,NO DATA,NO DATA,36.4,NO DATA,NO DATA,NO DATA,NO DATA,NO DATA,NO DATA
0a470541-5cda-4cc0-8285-021873e80166,8,NO DATA,NO DATA,NO DATA,NO DATA,NO DATA,NO DATA,NO DATA,NO DATA,34.5,33.3,NO DATA,21.0,24.0
0a4cfafb-ed5f-461c-b8cd-985594ce977d,8,NO DATA,NO DATA,NO DATA,NO DATA,NO DATA,NO DATA,42.1,NO DATA,29.1,14.1,NO DATA,NO DATA,NO DATA
0a4f9a50-d970-4591-afa4-bdd9b32eb2ff,8,NO DATA,NO DATA,NO DATA,NO DATA,35.0,35.1,36.4,33.0,28.8,26.8,NO DATA,NO DATA,NO DATA
0a741c98-707b-4d54-8de7-36a267351aff,12,NO DATA,NO DATA,NO DATA,NO DATA,NO DATA,NO DATA,NO DATA,NO DATA,40.7,30.8,20.2,26.2,24.1
0a951974-cba5-4ff8-bc9a-1da1de5d210b,8,NO DATA,NO DATA,NO DATA,NO DATA,NO DATA,NO DATA,37.5,40.2,NO DATA,NO DATA,NO DATA,NO DATA,NO DATA
0aada417-1b45-469a-b716-e83e4a877cde,10,NO DATA,30.5,NO DATA,NO DATA,NO DATA,NO DATA,NO DATA,NO DATA,NO DATA,NO DATA,NO DATA,NO DATA,NO DATA
0abd9c8d-c094-47d7-bc65-03cc181a4688,8,NO DATA,NO DATA,NO DATA,NO DATA,NO DATA,NO DATA,NO DATA,40.3,NO DATA,NO DATA,NO DATA,NO DATA,NO DATA
0ada4904-9d86-4d24-b1f6-67475d2e2195,8,NO DATA,NO DATA,NO DATA,NO DATA,NO DATA,NO DATA,37.1,33.4,30.3,27.6,NO DATA,NO DATA,NO DATA
0addf24c-2560-4129-9f1e-607a3b2cbe15,10,39.0,39.0,NO DATA,NO DATA,NO DATA,NO DATA,NO DATA,28.5,NO DATA,NO DATA,NO DATA,NO DATA,NO DATA
0ae6fc2b-9f89-4246-881f-88ecc072c2b4,6,22.0,34.9,21.8,NO DATA,NO DATA,NO DATA,NO DATA,NO DATA,NO DATA,NO DATA,NO DATA,NO DATA,NO DATA
0aec3fb2-1ec8-43bc-b4bf-24b50f7bf7bd,10,25.8,NO DATA,NO DATA,NO DATA,NO DATA,NO DATA,NO DATA,NO DATA,NO DATA,NO DATA,NO DATA,NO DATA,NO DATA
0b01e1b5-5122-496f-b6ea-0054207a886b,10,NO DATA,NO DATA,NO DATA,38.7,NO DATA,NO DATA,NO DATA,NO DATA,NO DATA,NO DATA,NO DATA,NO DATA,NO DATA
0b1b5d37-12a0-4eb1-8ad1-b6f436d7d545,8,NO DATA,NO DATA,NO DATA,NO DATA,NO DATA,40.5,44.2,44.8,NO DATA,NO DATA,NO DATA,NO DATA,NO DATA
0b251271-ff68-4dad-b7a8-bec05e2b1fce,10,31.4,32.9,31.5,28.5,28.4,NO DATA,NO DATA,NO DATA,NO DATA,NO DATA,NO DATA,NO DATA,NO DATA
0b5dd249-3e57-4d70-ad81-9bba5637bcc9,8,NO DATA,NO DATA,NO DATA,NO DATA,NO DATA,NO DATA,42.7,NO DATA,NO DATA,NO DATA,NO DATA,NO DATA,NO DATA
0b5df65a-3cf3-443c-949d-fb4d426ffe70,10,28.2,35.9,NO DATA,NO DATA,NO DATA,NO DATA,NO DATA,NO DATA,NO DATA,NO DATA,NO DATA,NO DATA,NO DATA
0b651b70-6533-4f63-bfd1-697ab7919f1f,10,NO DATA,NO DATA,NO DATA,NO DATA,22.0,NO DATA,NO DATA,NO DATA,NO DATA,NO DATA,NO DATA,NO DATA,NO DATA
0b81156b-9c0c-47e9-9278-625fe0281033,10,30.0,33.6,35.0,30.5,30.5,28.7,33.3,30.7,29.1,25.4,18.3,17.0,16.5
0bb5388d-39df-4e1b-9c9b-f9d9bfa0eaa4,6,NO DATA,NO DATA,NO DATA,NO DATA,NO DATA,NO DATA,NO DATA,NO DATA,25.6,NO DATA,NO DATA,NO DATA,NO DATA
0bc298c5-2211-4114-9aae-ed3d2a68b084,10,NO DATA,NO DATA,NO DATA,NO DATA,NO DATA,NO DATA,29.6,31.3,NO DATA,NO DATA,NO DATA,NO DATA,NO DATA
0bc89bf4-0097-4361-bd1c-1e44758510a1,10,NO DATA,53.6,53.1,NO DATA,46.4,NO DATA,31.9,NO DATA,NO DATA,NO DATA,NO DATA,NO DATA,NO DATA
0be9da6d-fa5b-434e-adb4-9eac10c34de9,10,33.0,37.5,37.7,36.0,26.5,43.8,NO DATA,NO DATA,39.4,29.9,NO DATA,28.2,26.4
0bf22bc3-70c4-4333-8087-c16f556f83d9,6,NO DATA,NO DATA,NO DATA,NO DATA,NO DATA,NO DATA,NO DATA,NO DATA,NO DATA,32.9,29.5,23.7,24.2
0bff0050-7fe0-4762-963d-9b5ffb454c15,10,NO DATA,39.2,NO DATA,NO DATA,NO DATA,NO DATA,NO DATA,NO DATA,NO DATA,NO DATA,NO DATA,NO DATA,NO DATA
0c183906-f5b0-43e1-b041-e1ed635c1c83,10,34.5,32.4,30.0,NO DATA,NO DATA,30.3,37.9,NO DATA,NO DATA,NO DATA,NO DATA,NO DATA,NO DATA
0c289cfd-6648-478c-b19b-2a9672b5dc4d,10,NO DATA,56.1,55.5,56.1,NO DATA,NO DATA,NO DATA,NO DATA,NO DATA,NO DATA,NO DATA,NO DATA,NO DATA
0c2963e0-b827-40ae-9af8-ae0e45c80c1a,10,37.1,33.6,NO DATA,NO DATA,NO DATA,NO DATA,42.7,40.5,NO DATA,NO DATA,NO DATA,NO DATA,NO DATA
0c5b481a-5eba-4c43-95ec-c96d11e8a696,10,NO DATA,NO DATA,NO DATA,NO DATA,NO DATA,NO DATA,NO DATA,NO DATA,46.9,NO DATA,NO DATA,NO DATA,NO DATA
0c6e74d1-e293-4999-92eb-0ddf3c4a7902,10,NO DATA,27.9,NO DATA,NO DATA,NO DATA,NO DATA,NO DATA,NO DATA,NO DATA,NO DATA,NO DATA,NO DATA,NO DATA
0cbfe3e6-6693-4dab-bea9-8e53819ceb9e,8,NO DATA,NO DATA,NO DATA,NO DATA,NO DATA,NO DATA,NO DATA,NO DATA,NO DATA,NO DATA,NO DATA,38.4,38.4
0cca3147-56aa-4331-a02a-f8003917a675,10,NO DATA,39.9,35.1,NO DATA,NO DATA,NO DATA,NO DATA,NO DATA,NO DATA,NO DATA,NO DATA,NO DATA,NO DATA
0cdee46d-9c17-4517-a0e8-f67002fc0061,8,NO DATA,NO DATA,NO DATA,NO DATA,NO DATA,NO DATA,NO DATA,29.2,NO DATA,NO DATA,NO DATA,NO DATA,NO DATA
0d05742f-155c-422a-8065-66849e4c9056,6,NO DATA,NO DATA,NO DATA,NO DATA,NO DATA,NO DATA,24.7,NO DATA,NO DATA,NO DATA,NO DATA,NO DATA,NO DATA
0d126043-059f-426b-b771-eed5da839ede,10,34.5,35.0,33.3,32.0,31.9,27.8,26.5,20.6,38.4,37.8,NO DATA,NO DATA,NO DATA
0d152cbb-0915-4f14-bff1-48b3b763efd6,10,18.1,16.6,NO DATA,NO DATA,NO DATA,NO DATA,NO DATA,NO DATA,NO DATA,NO DATA,NO DATA,NO DATA,NO DATA
0d317279-a282-42cc-81e3-1a32ea7faf1f,10,43.0,59.2,NO DATA,NO DATA,42.6,NO DATA,NO DATA,NO DATA,NO DATA,NO DATA,NO DATA,NO DATA,NO DATA
0d46dee5-c16b-45bc-8f1c-fe072367d6db,10,36.2,42.4,44.0,37.3,35.4,30.5,32.8,34.8,20.6,8.9,NO DATA,NO DATA,NO DATA
0d6634ff-00c7-4dc6-93cf-da052d17643e,10,38.5,41.3,37.4,32.9,31.0,30.4,20.8,15.3,NO DATA,NO DATA,NO DATA,NO DATA,NO DATA
0d76a565-d323-4f7d-9509-a38a858e80c1,10,31.8,32.0,30.9,28.7,NO DATA,NO DATA,NO DATA,28.7,NO DATA,NO DATA,NO DATA,NO DATA,NO DATA
0da6e938-fb00-4eea-997c-2d5ccc75225c,10,NO DATA,NO DATA,NO DATA,NO DATA,45.6,42.0,39.5,34.2,28.6,20.1,NO DATA,NO DATA,NO DATA
0dbc83af-628c-4142-a988-1cd187c03d5d,8,NO DATA,NO DATA,NO DATA,NO DATA,NO DATA,NO DATA,NO DATA,40.8,36.3,34.3,NO DATA,NO DATA,NO DATA
0dd52bb3-4441-4327-9baf-325cfad52906,6,NO DATA,NO DATA,25.2,NO DATA,NO DATA,NO DATA,NO DATA,NO DATA,NO DATA,NO DATA,NO DATA,NO DATA,NO DATA
0dd7aa99-7928-4c75-99b8-dd88187ede95,10,NO DATA,NO DATA,NO DATA,NO DATA,NO DATA,NO DATA,42.9,47.7,42.2,NO DATA,NO DATA,NO DATA,NO DATA
0df91126-42ff-449c-b332-cfa74d463bf6,10,26.9,34.3,34.5,27.8,26.3,29.2,13.3,6.7,NO DATA,NO DATA,NO DATA,NO DATA,NO DATA
0e1345f6-eccc-4efa-b564-99067ef0c941,10,21.3,18.4,11.8,NO DATA,NO DATA,NO DATA,NO DATA,NO DATA,NO DATA,NO DATA,NO DATA,NO DATA,NO DATA
0e13f599-7f10-449a-8765-cc24aad51257,8,NO DATA,NO DATA,NO DATA,NO DATA,NO DATA,NO DATA,NO DATA,NO DATA,35.1,34.2,25.1,20.2,18.4
0e73a8cf-fe28-4e3e-9bbd-a2f6737f09ab,10,39.6,42.7,36.5,41.4,NO DATA,NO DATA,NO DATA,NO DATA,NO DATA,NO DATA,NO DATA,NO DATA,NO DATA
0e888094-0e4d-4af6-a4bd-d0b05bc221eb,8,29.3,NO DATA,37.8,47.7,36.7,31.0,30.7,28.2,26.3,22.1,NO DATA,NO DATA,NO DATA
0e90f384-89c1-4132-bf3e-64d481e3e711,8,NO DATA,NO DATA,NO DATA,NO DATA,NO DATA,NO DATA,45.4,41.3,40.5,39.8,33.1,25.3,24.8
0e930d37-f69c-47e2-83a6-989612949544,10,NO DATA,35.9,33.9,NO DATA,NO DATA,NO DATA,NO DATA,NO DATA,NO DATA,NO DATA,NO DATA,NO DATA,NO DATA
0e93e28f-4934-4054-8213-217cedb1f699,6,24.9,26.5,23.7,21.2,NO DATA,NO DATA,NO DATA,NO DATA,NO DATA,NO DATA,NO DATA,NO DATA,NO DATA
0e9465e5-0693-49c0-b86c-53c5f6af68e2,8,NO DATA,25.6,24.4,NO DATA,NO DATA,NO DATA,NO DATA,NO DATA,NO DATA,NO DATA,NO DATA,NO DATA,NO DATA
0e9477c1-22c5-49e3-a2b0-111ac22a2a8e,10,24.2,24.0,22.7,20.4,NO DATA,NO DATA,13.4,NO DATA,48.8,32.1,NO DATA,NO DATA,NO DATA
0eb3db83-c4dc-4851-aa68-f982034c0ab6,6,NO DATA,NO DATA,NO DATA,NO DATA,NO DATA,27.9,26.3,26.1,19.6,NO DATA,NO DATA,NO DATA,NO DATA
0eb3db83-c4dc-4851-aa68-f982034c0ab6,8,NO DATA,NO DATA,NO DATA,NO DATA,NO DATA,NO DATA,NO DATA,NO DATA,NO DATA,39.5,35.6,32.9,32.1
0eb93adf-6e62-4c4a-bbe4-27d04740b896,10,NO DATA,NO DATA,NO DATA,NO DATA,NO DATA,NO DATA,37.6,37.7,33.9,NO DATA,NO DATA,NO DATA,NO DATA
0ecccf7c-5f07-4dbd-8df7-9057b8294c41,10,36.2,NO DATA,49.8,43.3,NO DATA,NO DATA,NO DATA,NO DATA,NO DATA,NO DATA,NO DATA,NO DATA,NO DATA
0ed52e5e-1d5c-4b95-aa5e-3678239730c1,8,21.8,23.1,17.8,12.3,NO DATA,NO DATA,NO DATA,NO DATA,NO DATA,NO DATA,NO DATA,NO DATA,NO DATA
0ed6ed2a-a834-4fc5-805d-6af3c15026b8,10,NO DATA,NO DATA,47.3,NO DATA,NO DATA,NO DATA,NO DATA,NO DATA,NO DATA,NO DATA,NO DATA,NO DATA,NO DATA
0ed8440a-d16e-4f04-96c5-c084820bc38e,10,31.0,30.5,NO DATA,NO DATA,NO DATA,NO DATA,NO DATA,NO DATA,NO DATA,NO DATA,NO DATA,NO DATA,NO DATA
0f01f122-ae7f-47af-b5d1-2e488c1180e5,8,NO DATA,NO DATA,NO DATA,NO DATA,NO DATA,33.4,34.2,25.1,18.8,35.7,33.1,27.0,22.8
0f073f7f-2437-40fb-bb42-ea34fbf6bddd,10,33.2,36.4,36.3,NO DATA,NO DATA,NO DATA,NO DATA,NO DATA,NO DATA,NO DATA,NO DATA,NO DATA,NO DATA
0f0a3bb9-97df-4bb0-8b75-69cfefc114c0,10,NO DATA,NO DATA,NO DATA,NO DATA,NO DATA,NO DATA,37.3,38.3,NO DATA,NO DATA,NO DATA,NO DATA,NO DATA
0f0a3bb9-97df-4bb0-8b75-69cfefc114c0,12,NO DATA,NO DATA,NO DATA,NO DATA,NO DATA,NO DATA,NO DATA,NO DATA,46.0,53.8,NO DATA,NO DATA,NO DATA
0f1dcc49-347e-438e-ab49-840fd62a8b22,8,NO DATA,31.5,NO DATA,NO DATA,NO DATA,NO DATA,NO DATA,NO DATA,NO DATA,NO DATA,NO DATA,NO DATA,NO DATA
0f1e84df-67c0-4ec0-aa3c-26fee115ca73,8,NO DATA,24.0,18.7,13.6,NO DATA,NO DATA,NO DATA,NO DATA,NO DATA,NO DATA,NO DATA,NO DATA,NO DATA
0f4178c4-47a2-47f4-b9e0-e0794257dcb7,10,30.2,33.3,31.9,NO DATA,31.4,NO DATA,NO DATA,NO DATA,NO DATA,NO DATA,NO DATA,NO DATA,NO DATA
0f534f16-aac9-4be6-9fb4-3d3b55792b21,10,30.1,31.8,NO DATA,NO DATA,NO DATA,38.5,NO DATA,NO DATA,NO DATA,NO DATA,NO DATA,NO DATA,NO DATA
0f5a002c-145a-483e-b077-98c5c2949805,10,33.5,29.7,21.7,18.3,21.2,21.3,41.4,46.2,39.0,36.9,NO DATA,NO DATA,NO DATA
0f67d701-6e74-49e6-a561-9f6814a4abcf,10,34.7,35.3,35.0,30.0,NO DATA,NO DATA,38.9,32.7,26.7,22.2,NO DATA,NO DATA,NO DATA
0f766e5d-d73f-407f-8695-630784bd5a27,12,NO DATA,NO DATA,NO DATA,NO DATA,NO DATA,NO DATA,NO DATA,NO DATA,47.5,NO DATA,NO DATA,NO DATA,NO DATA
0f859a0e-b4ee-472c-815f-47ed4e66bb6a,10,33.8,40.7,NO DATA,NO DATA,NO DATA,NO DATA,NO DATA,NO DATA,NO DATA,NO DATA,NO DATA,NO DATA,NO DATA
0f9d5ed2-69a9-408a-9d7d-b93e9b09352e,8,NO DATA,NO DATA,NO DATA,NO DATA,NO DATA,NO DATA,41.0,NO DATA,NO DATA,NO DATA,NO DATA,NO DATA,NO DATA
0fa03db1-60ec-4112-b22e-afe010575484,8,NO DATA,NO DATA,NO DATA,NO DATA,NO DATA,37.0,35.9,32.3,23.3,29.6,5.2,6.8,NO DATA
0fc5bb62-0eae-48c1-8100-fd9cd8bf7df1,10,11.0,NO DATA,NO DATA,NO DATA,19.0,NO DATA,NO DATA,NO DATA,NO DATA,NO DATA,NO DATA,NO DATA,NO DATA
0fe7f868-8e0d-4f11-a022-cf7e34f852ce,6,NO DATA,NO DATA,NO DATA,NO DATA,NO DATA,NO DATA,NO DATA,NO DATA,34.9,29.4,NO DATA,NO DATA,NO DATA
0fe92852-51c2-4bb7-9ced-eb3d847a0b3b,10,27.1,28.4,23.5,17.4,NO DATA,NO DATA,NO DATA,NO DATA,NO DATA,NO DATA,NO DATA,NO DATA,NO DATA
0ffde593-aa0e-440e-9eb8-c25d13f2a764,10,NO DATA,43.0,NO DATA,NO DATA,NO DATA,36.1,36.4,NO DATA,NO DATA,NO DATA,NO DATA,NO DATA,NO DATA
101142e0-7c32-4559-bb73-680908f56651,10,NO DATA,NO DATA,34.7,31.7,NO DATA,NO DATA,NO DATA,NO DATA,NO DATA,NO DATA,NO DATA,NO DATA,NO DATA
10480fdd-cccb-43e2-a539-f38a69e89279,10,NO DATA,42.7,54.3,NO DATA,NO DATA,NO DATA,NO DATA,NO DATA,NO DATA,NO DATA,NO DATA,NO DATA,NO DATA
10646e58-4a2c-40e4-ad23-5430426f11a4,10,NO DATA,43.1,NO DATA,NO DATA,NO DATA,NO DATA,NO DATA,NO DATA,NO DATA,NO DATA,NO DATA,NO DATA,NO DATA
10710814-47e0-4ed6-8a65-19c75b26641c,8,NO DATA,NO DATA,NO DATA,NO DATA,NO DATA,NO DATA,34.3,36.3,35.9,NO DATA,NO DATA,25.5,24.0
107b67c8-6078-4ab8-9c73-2371de08de92,10,33.9,47.2,NO DATA,NO DATA,NO DATA,19.8,NO DATA,NO DATA,NO DATA,NO DATA,NO DATA,NO DATA,NO DATA
108b61f9-c1f0-4795-b10d-a6d329f6b81d,10,34.4,35.6,NO DATA,NO DATA,34.5,30.2,NO DATA,38.9,NO DATA,NO DATA,NO DATA,NO DATA,NO DATA
108f99e3-bfa0-4747-96a1-e8e4a856c8e1,10,NO DATA,30.4,NO DATA,NO DATA,NO DATA,NO DATA,NO DATA,NO DATA,NO DATA,NO DATA,NO DATA,NO DATA,NO DATA
10aedbba-8246-4faf-bb1b-9f89c0c39f9f,10,36.3,34.9,33.3,30.6,27.6,25.8,NO DATA,NO DATA,NO DATA,NO DATA,NO DATA,NO DATA,NO DATA
10b077bf-0a07-4d81-9633-8d564fab314c,8,NO DATA,NO DATA,NO DATA,NO DATA,NO DATA,NO DATA,35.0,41.1,NO DATA,NO DATA,NO DATA,NO DATA,NO DATA
10b48dc0-5bd1-4aef-9123-c4b1ccd603dd,10,31.0,33.5,NO DATA,NO DATA,NO DATA,NO DATA,NO DATA,NO DATA,NO DATA,NO DATA,NO DATA,NO DATA,NO DATA
10bd2290-801d-499c-8220-df5e5db0ba89,6,NO DATA,NO DATA,NO DATA,NO DATA,NO DATA,NO DATA,NO DATA,NO DATA,30.3,31.5,NO DATA,NO DATA,NO DATA
10d3f547-16cc-4133-b14e-6ed7eed03984,10,31.6,36.8,NO DATA,NO DATA,NO DATA,NO DATA,NO DATA,NO DATA,NO DATA,NO DATA,NO DATA,NO DATA,NO DATA
10d4663b-f7f8-4ce5-88d6-04e50abde568,8,NO DATA,NO DATA,NO DATA,NO DATA,NO DATA,NO DATA,36.3,30.1,28.9,6.6,NO DATA,31.7,29.4
10d8d6bb-807b-4857-aba9-c1c893d76263,10,NO DATA,35.6,NO DATA,NO DATA,NO DATA,NO DATA,NO DATA,NO DATA,NO DATA,NO DATA,NO DATA,NO DATA,NO DATA
10df938e-dc23-4c66-990f-2de48b342688,10,NO DATA,NO DATA,NO DATA,NO DATA,NO DATA,NO DATA,NO DATA,NO DATA,37.6,37.8,NO DATA,NO DATA,NO DATA
10eb2d60-02af-45fb-862c-eb034a6328ed,10,NO DATA,NO DATA,NO DATA,44.2,NO DATA,NO DATA,NO DATA,NO DATA,NO DATA,NO DATA,NO DATA,NO DATA,NO DATA
10ecf9c2-1c68-4c26-a8b9-4fc08c970afb,8,NO DATA,NO DATA,NO DATA,NO DATA,NO DATA,35.8,40.2,NO DATA,NO DATA,NO DATA,NO DATA,NO DATA,NO DATA
11024d58-6675-4be2-9b40-d8af936dc325,10,30.5,36.8,33.9,31.9,30.6,26.7,19.9,15.9,NO DATA,NO DATA,NO DATA,NO DATA,NO DATA
11383035-b90a-42ff-8e45-eb095a477ea7,10,29.6,32.4,29.6,25.1,18.6,16.2,13.0,NO DATA,44.0,49.8,NO DATA,36.3,35.9
113d6148-2318-424d-aefa-66abb1e0c387,8,NO DATA,NO DATA,NO DATA,NO DATA,NO DATA,NO DATA,35.1,35.5,NO DATA,NO DATA,NO DATA,NO DATA,NO DATA
11739e66-5254-49da-b9e6-aa8b07bce209,8,NO DATA,NO DATA,NO DATA,NO DATA,NO DATA,NO DATA,39.8,42.4,35.9,NO DATA,NO DATA,NO DATA,NO DATA
11b0d792-0bbe-4ee0-a778-bb472b59d9a8,10,23.7,31.5,27.8,21.6,14.4,9.8,44.1,43.7,37.6,37.4,NO DATA,14.8,13.6
11b578fa-de62-4e01-87c9-9a787107fdd3,10,29.0,33.7,NO DATA,NO DATA,NO DATA,NO DATA,NO DATA,NO DATA,NO DATA,NO DATA,NO DATA,NO DATA,NO DATA
11cbcd5c-3889-4e9a-9c7b-8800e227ee79,10,NO DATA,29.7,NO DATA,NO DATA,NO DATA,NO DATA,NO DATA,NO DATA,NO DATA,NO DATA,NO DATA,NO DATA,NO DATA
11d9f144-923e-450b-a966-bd45ea107fad,10,37.7,42.0,39.0,39.0,39.6,48.4,39.5,38.5,34.9,NO DATA,NO DATA,21.0,21.2
11ddaabe-aebb-4488-94de-a6e3e655b26b,10,NO DATA,NO DATA,NO DATA,NO DATA,NO DATA,30.6,21.6,14.2,12.0,NO DATA,NO DATA,NO DATA,NO DATA
11e09c9f-d057-40d7-8602-5ed6927fd0e7,6,24.8,28.5,25.5,21.2,18.2,11.9,27.9,26.4,23.8,12.9,9.5,14.7,17.6
11fae2a1-57d1-490c-a5ec-b629e30891c6,10,33.4,31.9,33.9,31.4,NO DATA,9.9,NO DATA,NO DATA,NO DATA,NO DATA,NO DATA,NO DATA,NO DATA
11faf690-a058-4a00-a005-cd9c16d64733,10,NO DATA,NO DATA,NO DATA,NO DATA,NO DATA,NO DATA,NO DATA,NO DATA,42.4,NO DATA,NO DATA,NO DATA,NO DATA
12169acc-29ec-4da2-b6b7-a1acc337758a,10,34.8,33.4,NO DATA,NO DATA,28.9,NO DATA,NO DATA,NO DATA,NO DATA,NO DATA,NO DATA,NO DATA,NO DATA
121e0dc0-b86b-4528-b602-17bd093308b3,10,NO DATA,NO DATA,NO DATA,NO DATA,NO DATA,NO DATA,NO DATA,NO DATA,45.8,54.5,NO DATA,NO DATA,NO DATA
12277527-d8b3-41c3-97d7-1ecda8b98f83,10,32.5,23.9,5.1,NO DATA,NO DATA,NO DATA,NO DATA,NO DATA,38.3,36.1,NO DATA,20.6,19.2
125a2588-0a8a-49b9-96fa-b9c9ebd56bc5,8,NO DATA,NO DATA,NO DATA,NO DATA,NO DATA,NO DATA,37.4,32.7,26.6,NO DATA,NO DATA,NO DATA,NO DATA
125e0519-6e16-4303-be7a-5058523aed3a,10,36.6,42.4,40.1,NO DATA,NO DATA,NO DATA,NO DATA,NO DATA,NO DATA,NO DATA,NO DATA,NO DATA,NO DATA
1262229d-617f-4b2c-946b-8cafa74ba8e7,10,30.6,31.8,32.7,NO DATA,33.4,29.7,NO DATA,NO DATA,NO DATA,NO DATA,NO DATA,NO DATA,NO DATA
126af71e-4518-4743-83b5-c2c3088afc86,10,NO DATA,NO DATA,NO DATA,NO DATA,NO DATA,NO DATA,NO DATA,NO DATA,42.5,38.3,NO DATA,37.0,30.3
129384b2-4ed7-486f-b063-b3a7046fa803,10,NO DATA,NO DATA,NO DATA,NO DATA,NO DATA,NO DATA,NO DATA,NO DATA,NO DATA,NO DATA,NO DATA,34.3,35.0
12d11eb0-beca-444f-a914-5811ecb721ea,6,26.9,31.9,NO DATA,NO DATA,NO DATA,NO DATA,NO DATA,NO DATA,NO DATA,NO DATA,NO DATA,NO DATA,NO DATA
12d485c3-2858-465e-8a59-38744859a712,8,NO DATA,NO DATA,NO DATA,NO DATA,NO DATA,NO DATA,44.1,55.6,NO DATA,NO DATA,NO DATA,NO DATA,NO DATA
12f2a93a-96f7-4fe9-98c2-55ef538a37ae,10,30.4,31.6,26.7,20.0,NO DATA,13.5,NO DATA,NO DATA,NO DATA,NO DATA,NO DATA,NO DATA,NO DATA
131835de-d3a2-4362-bbba-4e1b27f332df,8,NO DATA,25.2,NO DATA,NO DATA,NO DATA,NO DATA,NO DATA,NO DATA,NO DATA,NO DATA,NO DATA,NO DATA,NO DATA
131835de-d3a2-4362-bbba-4e1b27f332df,10,NO DATA,11.3,NO DATA,NO DATA,NO DATA,NO DATA,NO DATA,NO DATA,NO DATA,NO DATA,NO DATA,NO DATA,NO DATA
13194126-8261-4aee-936a-5f24a506d80f,8,NO DATA,NO DATA,NO DATA,NO DATA,NO DATA,NO DATA,31.5,NO DATA,NO DATA,NO DATA,NO DATA,NO DATA,NO DATA
1322e0ac-3233-4cbe-b1d8-28e7a3507740,6,23.9,NO DATA,NO DATA,NO DATA,NO DATA,NO DATA,NO DATA,NO DATA,NO DATA,NO DATA,NO DATA,NO DATA,NO DATA
13249471-96ce-4d1e-98a0-d21d3566ff99,8,NO DATA,NO DATA,NO DATA,NO DATA,NO DATA,NO DATA,NO DATA,38.0,37.0,40.3,18.8,25.9,22.6
133c0c35-3fa7-4a6a-bc03-ad6eaee9d67b,8,NO DATA,NO DATA,NO DATA,NO DATA,NO DATA,NO DATA,39.5,37.1,35.3,29.2,NO DATA,16.3,15.4
13427b1a-552a-4bd2-bb80-4fd9bcc2f272,8,NO DATA,NO DATA,NO DATA,NO DATA,NO DATA,NO DATA,NO DATA,NO DATA,42.5,NO DATA,NO DATA,NO DATA,NO DATA
1349d03a-78eb-481a-b345-bd0c7567ad1e,10,19.4,NO DATA,NO DATA,NO DATA,NO DATA,NO DATA,NO DATA,NO DATA,NO DATA,NO DATA,NO DATA,NO DATA,NO DATA
1370c971-aeef-4ea1-89de-131971f943b6,10,NO DATA,NO DATA,NO DATA,NO DATA,24.1,22.0,19.3,15.1,NO DATA,NO DATA,NO DATA,NO DATA,NO DATA
137a79a1-4420-4f62-a166-72b1995d8245,10,NO DATA,38.5,NO DATA,NO DATA,41.8,NO DATA,33.2,NO DATA,NO DATA,NO DATA,NO DATA,NO DATA,NO DATA
138e9e95-ff9f-4615-8cd5-16aad0856d16,10,NO DATA,38.4,43.4,46.6,NO DATA,NO DATA,39.9,NO DATA,NO DATA,NO DATA,NO DATA,NO DATA,NO DATA
138f3643-4d0c-4f53-8983-a561ad34a7e7,10,26.6,31.2,30.8,29.7,24.3,19.4,23.6,35.9,31.7,NO DATA,NO DATA,6.4,NO DATA
13a6369a-f91d-4ff5-9397-6e2867b47832,10,32.8,37.3,NO DATA,38.7,NO DATA,32.5,34.0,24.6,91.9,NO DATA,NO DATA,NO DATA,NO DATA
13ad781c-fe85-4d9a-b001-b5a29a487891,8,NO DATA,NO DATA,NO DATA,NO DATA,NO DATA,NO DATA,37.9,36.2,34.3,NO DATA,NO DATA,NO DATA,NO DATA
13c9f28a-33ea-45fc-8ab4-ee43cbf05085,8,NO DATA,NO DATA,NO DATA,NO DATA,NO DATA,33.3,35.1,NO DATA,NO DATA,NO DATA,NO DATA,NO DATA,NO DATA
13cd1a57-61f5-48f9-a4de-c439925d3205,10,NO DATA,28.6,16.1,7.9,NO DATA,NO DATA,NO DATA,NO DATA,NO DATA,NO DATA,NO DATA,NO DATA,NO DATA
13d7486b-57f5-4fe8-8cf2-64a2a8c393e1,12,NO DATA,44.6,40.9,34.7,34.3,39.0,31.5,32.6,NO DATA,NO DATA,NO DATA,NO DATA,NO DATA
13e6f200-914a-406f-ab1d-9f5f3fbb3a3b,10,NO DATA,34.5,33.7,32.1,31.3,47.4,43.1,33.4,32.8,28.2,55.8,28.4,NO DATA
13f95cd5-7a1a-44b3-8203-359293b651b1,10,NO DATA,NO DATA,NO DATA,NO DATA,NO DATA,NO DATA,NO DATA,NO DATA,NO DATA,NO DATA,53.8,44.3,44.5
1404502f-f37b-4c05-a4be-d8109c7bcc0e,10,33.2,NO DATA,NO DATA,NO DATA,NO DATA,NO DATA,NO DATA,NO DATA,NO DATA,NO DATA,NO DATA,NO DATA,NO DATA
140aac7c-2dd3-4fc9-82d8-31dbac70d135,10,28.4,26.0,17.2,9.7,NO DATA,NO DATA,NO DATA,NO DATA,38.7,46.9,NO DATA,19.0,25.0
142abfd0-eb96-457d-b0bd-73f16c5c25eb,10,NO DATA,NO DATA,NO DATA,NO DATA,NO DATA,NO DATA,53.8,NO DATA,NO DATA,NO DATA,NO DATA,NO DATA,NO DATA
142eb5d5-b1e0-4566-80fc-991b8bc0e7c5,8,NO DATA,NO DATA,NO DATA,NO DATA,NO DATA,43.1,NO DATA,NO DATA,NO DATA,NO DATA,NO DATA,NO DATA,NO DATA
142f0459-750e-4729-926b-052290672bd9,10,25.7,NO DATA,NO DATA,NO DATA,NO DATA,NO DATA,NO DATA,NO DATA,NO DATA,NO DATA,NO DATA,NO DATA,NO DATA
1438ce26-f241-4a7c-a44b-0b3e7acf792b,10,NO DATA,33.7,NO DATA,NO DATA,NO DATA,NO DATA,NO DATA,NO DATA,NO DATA,NO DATA,NO DATA,NO DATA,NO DATA
14404aa7-0882-49f5-b714-3531558f3479,10,33.1,31.6,29.7,30.4,30.4,32.2,32.0,31.3,28.4,25.1,NO DATA,15.1,NO DATA
1451f870-9750-4290-9861-37d93d98b818,10,NO DATA,44.2,41.1,37.8,38.4,34.6,33.9,27.6,23.5,16.5,NO DATA,NO DATA,NO DATA
147be7f9-54a0-4812-907f-57e6fc9bd8ac,6,NO DATA,26.4,24.0,22.9,NO DATA,24.5,24.2,NO DATA,NO DATA,NO DATA,NO DATA,NO DATA,NO DATA
148ecde5-1cdc-4f9b-9a6b-8b323d9417bf,6,NO DATA,21.3,18.8,11.8,8.0,9.5,NO DATA,NO DATA,24.4,23.2,NO DATA,8.6,NO DATA
14912fab-379d-4590-847a-1e4a480a7dab,10,27.7,25.2,12.6,NO DATA,20.0,18.5,NO DATA,NO DATA,NO DATA,NO DATA,NO DATA,NO DATA,NO DATA
14a533bc-012c-442a-b173-d89174cf26f8,10,NO DATA,38.0,NO DATA,NO DATA,NO DATA,39.1,35.4,NO DATA,NO DATA,NO DATA,NO DATA,NO DATA,NO DATA
14caac83-fd51-4bf5-98c5-381bab6ee039,10,25.0,32.8,28.4,20.5,14.3,9.9,7.7,NO DATA,NO DATA,NO DATA,NO DATA,27.3,24.6
1500c3d6-d04e-40d3-ac99-0b524a1da2f9,6,NO DATA,NO DATA,32.7,32.1,30.6,28.7,32.2,26.5,22.1,19.9,NO DATA,NO DATA,NO DATA
1513ad5b-dba0-42c9-ba17-aa57cffd3506,10,33.3,39.1,35.2,34.5,31.4,32.8,29.4,26.7,18.4,13.2,NO DATA,NO DATA,NO DATA
151d538c-bf9a-42ee-9b45-3fd10e29d4c6,6,NO DATA,NO DATA,NO DATA,NO DATA,18.1,15.9,10.5,NO DATA,NO DATA,NO DATA,NO DATA,NO DATA,NO DATA
1528f5fe-9efc-4dd8-93a2-1439ac19b8ff,10,33.3,34.2,29.3,25.3,23.1,19.4,15.7,12.2,7.7,NO DATA,NO DATA,NO DATA,NO DATA
15527e95-8e18-468e-b62d-14a928e4168b,8,NO DATA,NO DATA,NO DATA,NO DATA,NO DATA,NO DATA,45.5,66.4,46.9,NO DATA,NO DATA,NO DATA,NO DATA
155de6ff-6f26-406c-b3e0-bd249c46148f,10,24.6,NO DATA,NO DATA,NO DATA,NO DATA,NO DATA,NO DATA,NO DATA,NO DATA,NO DATA,NO DATA,NO DATA,NO DATA
15623c4e-e9dd-489e-84a2-25c0d0679de9,10,NO DATA,34.8,NO DATA,NO DATA,NO DATA,NO DATA,NO DATA,NO DATA,NO DATA,NO DATA,NO DATA,NO DATA,NO DATA
15752440-9aab-4d70-9272-bf17e7560a1a,10,32.2,34.3,NO DATA,NO DATA,NO DATA,51.0,NO DATA,35.1,35.3,NO DATA,NO DATA,NO DATA,NO DATA
15851611-5a9c-496c-8426-9f3c2ea85cf3,8,NO DATA,NO DATA,NO DATA,NO DATA,NO DATA,NO DATA,32.4,NO DATA,NO DATA,NO DATA,NO DATA,NO DATA,NO DATA
159b5b4d-48ea-4365-96a7-9a71f0bd0a14,6,NO DATA,32.1,NO DATA,NO DATA,NO DATA,NO DATA,NO DATA,NO DATA,NO DATA,NO DATA,NO DATA,NO DATA,NO DATA
15a28e52-cffa-4547-99af-969f6d8f0b01,10,NO DATA,35.7,36.3,NO DATA,NO DATA,NO DATA,NO DATA,NO DATA,NO DATA,NO DATA,NO DATA,NO DATA,NO DATA
15a56c40-236a-4413-8c1d-b4e971d5da7a,10,NO DATA,NO DATA,33.4,30.7,28.8,29.4,27.8,24.0,20.8,18.7,10.6,NO DATA,NO DATA
15b43eed-31b0-4aa9-a0bb-6935949f51eb,8,33.2,39.9,29.8,28.6,NO DATA,NO DATA,NO DATA,NO DATA,NO DATA,NO DATA,NO DATA,NO DATA,NO DATA
15b43eed-31b0-4aa9-a0bb-6935949f51eb,10,26.6,NO DATA,NO DATA,NO DATA,NO DATA,NO DATA,NO DATA,NO DATA,NO DATA,NO DATA,NO DATA,NO DATA,NO DATA
15d25312-0220-4796-8c38-ed24fcb3b5dd,10,NO DATA,36.0,NO DATA,NO DATA,NO DATA,NO DATA,NO DATA,NO DATA,NO DATA,NO DATA,NO DATA,NO DATA,NO DATA
15ddefc5-dea2-4166-88ba-ea49ceb5ee9c,8,NO DATA,24.0,NO DATA,NO DATA,NO DATA,NO DATA,NO DATA,NO DATA,NO DATA,NO DATA,NO DATA,NO DATA,NO DATA
15e0b8cd-c63c-4210-820d-b95d8191b460,10,NO DATA,NO DATA,NO DATA,NO DATA,NO DATA,NO DATA,NO DATA,NO DATA,NO DATA,40.5,NO DATA,NO DATA,NO DATA
15e25ce5-f25c-4e09-82c4-cbb53eab2650,10,29.9,32.6,28.7,24.0,16.7,18.2,12.3,NO DATA,NO DATA,NO DATA,NO DATA,NO DATA,NO DATA
15ea46fd-72ac-4c60-99d6-d5307d465636,10,NO DATA,34.8,25.2,14.5,NO DATA,NO DATA,NO DATA,NO DATA,NO DATA,NO DATA,NO DATA,NO DATA,NO DATA
16000b04-6d92-454b-b274-5fdb5efe0bc5,8,NO DATA,NO DATA,NO DATA,NO DATA,NO DATA,NO DATA,38.1,35.2,31.6,27.0,15.2,NO DATA,NO DATA
160253df-3b26-45e5-9e80-9ac98e2d13cf,6,21.7,17.8,NO DATA,NO DATA,NO DATA,NO DATA,NO DATA,NO DATA,NO DATA,NO DATA,NO DATA,NO DATA,NO DATA
1607f0f9-7310-4953-aca0-e0a99a11d84f,10,NO DATA,39.5,41.3,1.1,44.2,46.3,NO DATA,NO DATA,NO DATA,NO DATA,NO DATA,NO DATA,NO DATA
160f8405-10b8-44b0-824c-d2827fdaf003,10,NO DATA,NO DATA,NO DATA,49.9,53.1,46.1,NO DATA,NO DATA,NO DATA,NO DATA,NO DATA,NO DATA,NO DATA
16105440-fe8a-4b7e-b446-9f95347c3dda,6,NO DATA,20.7,NO DATA,NO DATA,NO DATA,NO DATA,NO DATA,NO DATA,NO DATA,NO DATA,NO DATA,NO DATA,NO DATA
164f8d18-f282-4502-95a5-f358e7b93fa7,12,35.1,44.4,41.0,35.8,33.2,NO DATA,NO DATA,NO DATA,37.2,39.2,7.1,NO DATA,NO DATA
167519a3-8ce2-4343-8c53-ebe152d8203f,10,34.1,40.4,38.7,NO DATA,NO DATA,32.2,NO DATA,NO DATA,NO DATA,NO DATA,NO DATA,NO DATA,NO DATA
16761b4f-c334-4787-be02-62aba987ad4c,10,31.2,34.2,32.2,31.7,32.1,34.5,32.9,28.3,NO DATA,NO DATA,NO DATA,NO DATA,NO DATA
16ad6c32-d4b0-4f4a-9377-212590e6549c,10,34.1,30.5,NO DATA,NO DATA,NO DATA,NO DATA,NO DATA,NO DATA,NO DATA,NO DATA,NO DATA,NO DATA,NO DATA
16adbd04-5358-466c-ad91-ed6de7c891be,10,30.8,38.4,37.2,33.9,NO DATA,NO DATA,40.1,NO DATA,NO DATA,NO DATA,NO DATA,NO DATA,NO DATA
16ba41bd-1b7b-4dcb-adf3-ce40d3b59759,10,NO DATA,NO DATA,30.6,NO DATA,NO DATA,NO DATA,NO DATA,NO DATA,NO DATA,NO DATA,NO DATA,NO DATA,NO DATA
16be9ffd-dc7c-4cd4-8fc6-0b5e676359fb,10,NO DATA,38.3,35.0,33.0,31.0,31.7,34.0,32.8,31.1,30.0,NO DATA,22.3,21.9
16dd3368-701c-4b26-b790-c7a8b877baad,6,26.7,28.3,26.3,24.4,24.0,16.2,NO DATA,29.2,28.3,25.3,26.1,NO DATA,NO DATA
16fb604e-91e7-4ce5-b0ce-4cf8e5095c12,10,NO DATA,26.0,NO DATA,NO DATA,NO DATA,NO DATA,NO DATA,NO DATA,NO DATA,NO DATA,NO DATA,NO DATA,NO DATA
1712ea6a-a9be-4055-8d8f-62c588053ab8,10,39.8,NO DATA,NO DATA,NO DATA,NO DATA,NO DATA,NO DATA,NO DATA,NO DATA,NO DATA,NO DATA,NO DATA,NO DATA
1713aed5-12d9-4468-8c7d-943e8a7c2ff0,10,NO DATA,41.9,NO DATA,NO DATA,NO DATA,NO DATA,NO DATA,NO DATA,NO DATA,NO DATA,NO DATA,NO DATA,NO DATA
17148db3-416e-4c81-9175-73fff76689cc,8,NO DATA,NO DATA,NO DATA,NO DATA,NO DATA,NO DATA,36.3,33.0,43.4,NO DATA,NO DATA,17.0,17.0
17165d50-920c-4df8-bdde-09102275abe9,8,NO DATA,NO DATA,NO DATA,NO DATA,NO DATA,NO DATA,38.1,37.0,37.1,33.5,NO DATA,NO DATA,NO DATA
172570c3-e2b7-4982-bb94-78ea80c56f8f,6,25.0,27.0,25.9,21.0,NO DATA,NO DATA,18.6,20.1,NO DATA,NO DATA,NO DATA,NO DATA,NO DATA
172fb368-97c0-4564-936b-7da8d4ad8ca2,12,NO DATA,NO DATA,NO DATA,NO DATA,NO DATA,NO DATA,NO DATA,NO DATA,39.9,NO DATA,NO DATA,NO DATA,NO DATA
1746f68f-da25-4aff-bb13-1382f809e1e5,10,NO DATA,NO DATA,NO DATA,NO DATA,21.1,NO DATA,NO DATA,NO DATA,NO DATA,NO DATA,NO DATA,NO DATA,NO DATA
174d96d3-dca8-4eec-bb67-c14272269b0d,10,NO DATA,38.6,NO DATA,NO DATA,NO DATA,NO DATA,NO DATA,NO DATA,NO DATA,NO DATA,NO DATA,NO DATA,NO DATA
17527bf6-5925-4fc7-8930-f29740f4fcd6,6,NO DATA,21.2,16.1,NO DATA,NO DATA,NO DATA,NO DATA,NO DATA,NO DATA,NO DATA,NO DATA,NO DATA,NO DATA
175792c2-c32e-4a8b-be64-e7525f25b5b7,10,35.3,33.8,NO DATA,NO DATA,NO DATA,NO DATA,NO DATA,NO DATA,43.1,NO DATA,NO DATA,NO DATA,NO DATA
1783d7e9-77f0-45be-a0bd-1c1ab247fa20,10,NO DATA,NO DATA,NO DATA,NO DATA,NO DATA,NO DATA,NO DATA,NO DATA,NO DATA,24.7,NO DATA,28.7,27.1
17b91047-667f-440d-9019-a33cd3d19dfe,10,NO DATA,32.0,30.2,NO DATA,NO DATA,NO DATA,NO DATA,NO DATA,NO DATA,NO DATA,NO DATA,NO DATA,NO DATA
180d7524-1f56-44db-9a1a-bc3c9d5b8157,8,NO DATA,NO DATA,NO DATA,NO DATA,NO DATA,NO DATA,NO DATA,NO DATA,NO DATA,NO DATA,NO DATA,17.2,NO DATA
18106ec6-0b8b-47b9-bbf3-e1cd4fe6e255,8,NO DATA,NO DATA,NO DATA,NO DATA,NO DATA,36.3,NO DATA,NO DATA,NO DATA,NO DATA,NO DATA,NO DATA,NO DATA
1833b9cc-6106-4a01-a9d8-a27b53e453dc,6,NO DATA,24.2,24.6,22.7,23.3,NO DATA,30.2,38.2,NO DATA,NO DATA,NO DATA,NO DATA,NO DATA
1842e4d9-e034-471f-b4bc-96119a5d029c,10,NO DATA,36.7,21.7,NO DATA,NO DATA,NO DATA,NO DATA,NO DATA,43.1,42.3,NO DATA,75.2,NO DATA
186af6fc-c137-485d-b9aa-4e29017fd897,6,NO DATA,NO DATA,NO DATA,NO DATA,NO DATA,NO DATA,30.3,NO DATA,NO DATA,NO DATA,27.6,NO DATA,NO DATA
18891b9d-4e9f-4e36-a691-278763ed17b8,10,28.7,31.1,28.8,NO DATA,NO DATA,NO DATA,NO DATA,NO DATA,NO DATA,NO DATA,NO DATA,NO DATA,NO DATA
1898a8ef-ca5c-4962-a3d4-bf1a5939e8bd,6,NO DATA,30.5,27.5,NO DATA,NO DATA,NO DATA,NO DATA,NO DATA,NO DATA,NO DATA,NO DATA,NO DATA,NO DATA
189b7d4d-e9d8-4761-bba4-85aa76d17874,8,NO DATA,NO DATA,NO DATA,NO DATA,NO DATA,36.8,36.5,35.7,32.2,32.9,NO DATA,NO DATA,NO DATA
18abc9e6-9f1a-4f13-a449-9352b9430425,12,NO DATA,NO DATA,NO DATA,NO DATA,NO DATA,NO DATA,72.5,NO DATA,NO DATA,NO DATA,NO DATA,NO DATA,NO DATA
18b9092c-414c-4410-afae-b1439feafd25,10,38.5,43.1,NO DATA,NO DATA,NO DATA,NO DATA,NO DATA,NO DATA,NO DATA,NO DATA,NO DATA,NO DATA,NO DATA
18c03ee8-46b9-43b2-902c-a45829f7d822,8,NO DATA,NO DATA,NO DATA,NO DATA,NO DATA,NO DATA,35.1,32.1,26.9,25.9,NO DATA,NO DATA,NO DATA
18f75838-66b4-4e7e-bf9f-81d005e95e3f,10,NO DATA,32.9,37.6,32.2,28.4,32.2,27.6,26.3,19.6,NO DATA,NO DATA,NO DATA,NO DATA
19179be4-bfd1-46f1-b8ac-75f7739aa350,6,16.6,NO DATA,NO DATA,NO DATA,NO DATA,NO DATA,NO DATA,NO DATA,NO DATA,NO DATA,NO DATA,NO DATA,NO DATA
1947cfce-808b-48ff-85b9-fd4888cbf3f2,10,37.4,30.8,NO DATA,NO DATA,NO DATA,NO DATA,NO DATA,NO DATA,NO DATA,NO DATA,NO DATA,NO DATA,NO DATA
197f566e-8f35-4aef-ac54-5b918325e6f8,6,NO DATA,26.9,20.4,NO DATA,NO DATA,NO DATA,NO DATA,NO DATA,NO DATA,NO DATA,NO DATA,NO DATA,NO DATA
198a17ed-be5d-40f3-8f70-f518ab7dcd0e,10,29.6,31.5,30.4,NO DATA,NO DATA,NO DATA,29.4,24.4,NO DATA,NO DATA,NO DATA,NO DATA,NO DATA
198a8771-87fe-497b-88f5-afe96298b5ca,10,NO DATA,45.4,43.5,37.4,29.4,16.2,NO DATA,NO DATA,NO DATA,NO DATA,NO DATA,NO DATA,NO DATA
198b0e92-21bb-4e4d-b612-77dfce06f742,10,NO DATA,37.9,37.3,38.5,NO DATA,NO DATA,NO DATA,NO DATA,NO DATA,NO DATA,NO DATA,NO DATA,NO DATA
19a8f669-adad-4218-8e00-542af45b6a18,8,NO DATA,NO DATA,NO DATA,NO DATA,NO DATA,NO DATA,31.7,31.2,NO DATA,NO DATA,NO DATA,NO DATA,NO DATA
19af8d6f-b8ee-4a92-890c-83ce33f0cc91,10,NO DATA,36.1,NO DATA,NO DATA,NO DATA,NO DATA,NO DATA,NO DATA,NO DATA,NO DATA,NO DATA,NO DATA,NO DATA
19be0c3f-7554-4edd-8f32-a5238ab9f71c,10,34.6,39.7,NO DATA,54.5,NO DATA,34.3,NO DATA,NO DATA,NO DATA,NO DATA,NO DATA,NO DATA,NO DATA
19d9e557-1472-4fb1-b6c4-a998efdc8743,10,34.1,31.8,NO DATA,41.5,32.0,NO DATA,NO DATA,NO DATA,NO DATA,NO DATA,NO DATA,NO DATA,NO DATA
1a04a629-5226-4ce1-831b-f78391bc3f5d,10,NO DATA,NO DATA,31.9,34.8,NO DATA,NO DATA,NO DATA,NO DATA,NO DATA,NO DATA,NO DATA,NO DATA,NO DATA
1a0d4a3e-f93a-4b3e-a6bb-703770c57f1a,6,NO DATA,NO DATA,NO DATA,NO DATA,NO DATA,NO DATA,33.4,29.1,28.2,26.7,NO DATA,NO DATA,NO DATA
1a27f2a0-4565-4fd0-819d-5b1d6f0fdb1e,12,NO DATA,NO DATA,NO DATA,NO DATA,NO DATA,NO DATA,NO DATA,NO DATA,47.8,45.9,21.0,NO DATA,NO DATA
1a423ddb-8be2-426b-a8d6-2bd9d1bc01c7,8,NO DATA,NO DATA,NO DATA,NO DATA,NO DATA,NO DATA,35.6,31.8,24.9,12.1,NO DATA,NO DATA,NO DATA
1a44c6e4-bc76-4c5f-a4a7-98712a15451b,10,29.9,25.2,NO DATA,NO DATA,NO DATA,NO DATA,NO DATA,NO DATA,NO DATA,NO DATA,NO DATA,NO DATA,NO DATA
1a521cab-6c7f-4003-8c03-426c0c4256a1,10,NO DATA,NO DATA,NO DATA,NO DATA,NO DATA,NO DATA,NO DATA,NO DATA,43.0,NO DATA,NO DATA,NO DATA,NO DATA
1a6017e0-7394-499f-a727-25fc760b2744,10,35.3,39.4,NO DATA,NO DATA,NO DATA,NO DATA,NO DATA,35.5,NO DATA,NO DATA,NO DATA,NO DATA,NO DATA
1a7278b6-d297-434e-9585-39adaa0dd93f,8,NO DATA,NO DATA,NO DATA,NO DATA,NO DATA,NO DATA,NO DATA,43.1,44.2,39.4,NO DATA,NO DATA,NO DATA
1a9361e5-aee9-46c6-ae4c-91d8fa587c44,10,NO DATA,NO DATA,NO DATA,NO DATA,55.5,NO DATA,NO DATA,NO DATA,NO DATA,NO DATA,NO DATA,NO DATA,NO DATA
1a9a78ea-b8df-410a-84ac-b5852d2e3d45,8,NO DATA,NO DATA,NO DATA,NO DATA,32.7,29.8,NO DATA,NO DATA,NO DATA,NO DATA,NO DATA,NO DATA,NO DATA
1aae9ebc-ef92-4a98-b46f-163222d38339,10,NO DATA,36.8,36.8,NO DATA,NO DATA,NO DATA,NO DATA,NO DATA,NO DATA,NO DATA,NO DATA,NO DATA,NO DATA
1b024d40-89c3-4b66-8570-6bec72b9dbbe,6,NO DATA,NO DATA,28.1,27.2,23.5,21.6,21.0,15.9,5.2,NO DATA,NO DATA,NO DATA,NO DATA
1b2778a3-9233-4d5c-b6d8-0c46a38d37dc,8,NO DATA,NO DATA,NO DATA,NO DATA,NO DATA,NO DATA,NO DATA,37.5,NO DATA,NO DATA,NO DATA,NO DATA,NO DATA
1b2d7fd7-936c-4536-b028-a0c044bc1c33,10,NO DATA,36.4,NO DATA,NO DATA,NO DATA,NO DATA,NO DATA,NO DATA,NO DATA,NO DATA,NO DATA,NO DATA,NO DATA
1b68ee9c-0a53-4b68-b0df-40f1d8f8b7f7,8,NO DATA,NO DATA,NO DATA,NO DATA,NO DATA,NO DATA,42.8,NO DATA,31.8,36.5,NO DATA,NO DATA,NO DATA
1b6b5d13-d45c-43db-bfe4-12db67971abd,10,33.0,35.2,33.6,27.3,21.7,20.6,12.2,NO DATA,NO DATA,NO DATA,NO DATA,NO DATA,NO DATA
1b8a254b-1d3b-4b13-9695-3e08c127f944,12,NO DATA,NO DATA,NO DATA,NO DATA,NO DATA,NO DATA,46.7,48.9,19.9,NO DATA,NO DATA,NO DATA,NO DATA
1ba30442-ccd8-4767-9dc3-4b83df24a69c,10,31.4,NO DATA,NO DATA,NO DATA,NO DATA,NO DATA,NO DATA,NO DATA,NO DATA,NO DATA,NO DATA,NO DATA,NO DATA
1bc0abb7-c9e5-4f18-b7a9-79eda1258555,10,37.6,37.5,35.8,31.0,29.7,NO DATA,NO DATA,NO DATA,NO DATA,NO DATA,NO DATA,NO DATA,NO DATA
1bc2785e-9ffa-44ea-8c5d-988858398ef6,6,24.1,22.2,NO DATA,21.3,18.5,16.6,14.9,21.0,NO DATA,NO DATA,NO DATA,NO DATA,NO DATA
1bd65eb3-727b-4b49-8157-e6a9fb30020a,10,32.7,33.6,NO DATA,NO DATA,NO DATA,NO DATA,NO DATA,NO DATA,NO DATA,NO DATA,NO DATA,NO DATA,NO DATA
1be10bd8-852f-4f9c-89ab-f7ebb9a8a217,10,29.4,NO DATA,NO DATA,NO DATA,NO DATA,NO DATA,NO DATA,NO DATA,NO DATA,NO DATA,NO DATA,NO DATA,NO DATA
1c0d3bf2-0f54-4b8c-a77d-565669ae0414,8,NO DATA,NO DATA,NO DATA,NO DATA,NO DATA,NO DATA,NO DATA,NO DATA,36.8,NO DATA,NO DATA,NO DATA,NO DATA
1c1ce250-4383-4b2d-9a52-1d2a56f6fa4b,10,NO DATA,NO DATA,NO DATA,NO DATA,NO DATA,NO DATA,NO DATA,NO DATA,NO DATA,38.4,40.6,31.9,27.1
1c1fec5d-dd64-440a-bd63-ef2d897386f3,10,NO DATA,40.7,NO DATA,NO DATA,NO DATA,NO DATA,NO DATA,NO DATA,NO DATA,NO DATA,NO DATA,NO DATA,NO DATA
1c54575a-fda1-4c88-b61f-9cd70b49b406,10,NO DATA,39.9,41.9,NO DATA,37.9,NO DATA,NO DATA,32.5,38.2,NO DATA,NO DATA,NO DATA,NO DATA
1c55e6ac-78e2-4caa-b60f-a47527a26b60,8,NO DATA,NO DATA,NO DATA,NO DATA,NO DATA,NO DATA,35.3,NO DATA,NO DATA,NO DATA,NO DATA,NO DATA,NO DATA
1c5c7a21-3cd3-4748-a538-41fd4de1b76f,6,26.6,24.4,NO DATA,NO DATA,NO DATA,NO DATA,NO DATA,NO DATA,NO DATA,NO DATA,NO DATA,NO DATA,NO DATA
1c77f6d8-6a52-4dc1-be71-ac0b8c203783,8,NO DATA,NO DATA,NO DATA,NO DATA,NO DATA,39.9,36.5,35.5,33.9,32.9,NO DATA,15.0,15.0
1c7a65fd-320b-4985-b60f-3cd1760d2a4f,10,34.7,39.1,44.3,39.1,NO DATA,40.8,36.6,31.7,32.6,NO DATA,NO DATA,NO DATA,NO DATA
1cb2af72-c8f7-4977-9395-1b1e4f56cb05,10,32.4,36.0,42.5,NO DATA,NO DATA,41.9,NO DATA,NO DATA,NO DATA,NO DATA,NO DATA,NO DATA,NO DATA
1cd6808c-4149-4b64-a35b-a9b63ac685ec,10,28.0,29.8,14.3,NO DATA,NO DATA,NO DATA,NO DATA,NO DATA,43.9,47.7,18.2,24.9,NO DATA
1ce7efa3-8962-468a-8e5a-3c5f036641e8,8,NO DATA,NO DATA,NO DATA,NO DATA,NO DATA,NO DATA,NO DATA,41.6,NO DATA,NO DATA,NO DATA,NO DATA,NO DATA
1cee093e-33eb-4793-988f-5a2a5f83fe4d,8,NO DATA,NO DATA,NO DATA,NO DATA,NO DATA,NO DATA,36.4,35.3,32.7,NO DATA,NO DATA,NO DATA,NO DATA
1cf363c6-3377-454b-bd7a-9f8ef29c7ad0,6,NO DATA,NO DATA,23.0,NO DATA,NO DATA,NO DATA,NO DATA,NO DATA,NO DATA,NO DATA,NO DATA,NO DATA,NO DATA
1cf54a5d-814a-408b-9364-140c7e622636,10,NO DATA,34.6,30.0,26.4,22.9,7.3,NO DATA,NO DATA,36.3,34.4,NO DATA,26.8,25.9
1cf732c9-4081-4ebc-9a33-4ff32a2e17be,8,NO DATA,NO DATA,NO DATA,NO DATA,NO DATA,NO DATA,36.5,NO DATA,NO DATA,NO DATA,NO DATA,NO DATA,NO DATA
1cfca828-22dd-4404-bcf9-3918c7cb3918,8,NO DATA,NO DATA,NO DATA,NO DATA,NO DATA,NO DATA,38.5,36.0,35.6,31.4,NO DATA,22.1,20.9
1d097828-3d30-4a9e-b8c8-221b746f156f,10,34.8,28.0,NO DATA,NO DATA,NO DATA,NO DATA,NO DATA,NO DATA,NO DATA,NO DATA,NO DATA,NO DATA,NO DATA
1d1ab17d-001f-4b8c-884c-cf54ec049d88,8,32.7,32.5,32.1,25.5,18.5,17.8,NO DATA,NO DATA,35.4,27.9,NO DATA,NO DATA,NO DATA
1d211cd7-1c98-469c-84e6-8623781fac72,10,NO DATA,NO DATA,NO DATA,NO DATA,NO DATA,NO DATA,NO DATA,34.8,33.9,32.4,NO DATA,NO DATA,NO DATA
1d65371d-830b-4251-9fa1-00567fc28ba0,10,33.0,25.9,NO DATA,NO DATA,NO DATA,NO DATA,NO DATA,NO DATA,NO DATA,NO DATA,NO DATA,NO DATA,NO DATA
1d6f48fe-5da6-4564-ad2d-b5295fc0ae0b,10,32.5,32.9,33.7,33.4,24.7,NO DATA,NO DATA,NO DATA,NO DATA,NO DATA,NO DATA,NO DATA,NO DATA
1d899e7c-fdd0-499e-8998-ded0f323ce56,10,NO DATA,NO DATA,26.4,NO DATA,NO DATA,NO DATA,NO DATA,NO DATA,NO DATA,NO DATA,NO DATA,NO DATA,NO DATA
1d9c0cdf-b0c5-4dc9-a7c1-5f2da8723334,6,NO DATA,NO DATA,NO DATA,NO DATA,42.2,46.7,NO DATA,NO DATA,NO DATA,NO DATA,NO DATA,NO DATA,NO DATA
1d9d17d7-077b-4e09-9228-ab6851c7d790,10,NO DATA,36.0,NO DATA,NO DATA,NO DATA,NO DATA,NO DATA,NO DATA,NO DATA,NO DATA,NO DATA,NO DATA,NO DATA
1da73cc2-dbca-47be-bf96-1bad384db8a2,6,NO DATA,34.4,NO DATA,NO DATA,NO DATA,NO DATA,NO DATA,NO DATA,NO DATA,NO DATA,NO DATA,NO DATA,NO DATA
1da88e02-a3db-43dd-a670-3c8e9d690a40,8,NO DATA,NO DATA,NO DATA,NO DATA,NO DATA,NO DATA,37.7,36.0,35.5,NO DATA,NO DATA,NO DATA,NO DATA
1dbbf002-122d-40c8-b66c-aeb868e6b05b,6,NO DATA,NO DATA,NO DATA,NO DATA,NO DATA,NO DATA,NO DATA,NO DATA,29.8,27.2,NO DATA,20.9,20.2
1dc07ffb-0003-4793-a075-624985b7cba4,10,NO DATA,37.6,NO DATA,NO DATA,NO DATA,NO DATA,NO DATA,NO DATA,NO DATA,NO DATA,NO DATA,NO DATA,NO DATA
1dc3654a-ccf2-4326-a10e-cbc9363672fe,8,NO DATA,NO DATA,NO DATA,NO DATA,31.8,36.7,46.8,41.5,NO DATA,NO DATA,NO DATA,NO DATA,NO DATA
1dc82eaf-76ad-4c77-8071-073d81f84d91,10,34.3,41.1,34.6,NO DATA,38.2,37.9,31.8,29.0,20.0,NO DATA,NO DATA,NO DATA,NO DATA
1dcc32a7-6632-4e7e-918a-9044c868b742,10,30.3,30.2,NO DATA,NO DATA,NO DATA,39.3,29.4,NO DATA,34.4,NO DATA,NO DATA,NO DATA,NO DATA
1dce61c2-4d68-4294-8fdc-3396f4e0a0f4,10,NO DATA,33.6,29.2,NO DATA,NO DATA,NO DATA,NO DATA,NO DATA,NO DATA,NO DATA,NO DATA,NO DATA,NO DATA
1df40c02-22fb-4c42-91e0-385e3c65d106,10,21.2,NO DATA,NO DATA,NO DATA,NO DATA,NO DATA,NO DATA,NO DATA,NO DATA,NO DATA,NO DATA,NO DATA,NO DATA
1e0b8f85-3d44-4329-b588-f3c62b448cdc,10,NO DATA,30.0,34.9,NO DATA,NO DATA,34.0,26.7,11.7,39.4,48.7,NO DATA,29.9,30.7
1e0fc3d6-7a85-45c0-8074-2e1a3ad0af33,10,28.6,NO DATA,NO DATA,NO DATA,NO DATA,NO DATA,NO DATA,NO DATA,NO DATA,NO DATA,NO DATA,NO DATA,NO DATA
1e103a85-349c-4591-848b-e6f727e4f393,10,NO DATA,24.1,NO DATA,NO DATA,NO DATA,NO DATA,NO DATA,NO DATA,NO DATA,NO DATA,NO DATA,NO DATA,NO DATA
1e24aba2-74a6-4142-ba04-35427278da3d,10,33.6,37.6,NO DATA,32.9,39.0,NO DATA,NO DATA,NO DATA,NO DATA,NO DATA,NO DATA,NO DATA,NO DATA
1e295fa4-1896-42f8-9ac8-e64da1e3c37c,12,NO DATA,NO DATA,NO DATA,NO DATA,NO DATA,NO DATA,NO DATA,NO DATA,42.6,40.1,NO DATA,22.1,26.0
1e3361e4-aca7-48bf-a84f-9010a1942600,10,NO DATA,NO DATA,NO DATA,NO DATA,NO DATA,38.6,38.0,NO DATA,NO DATA,NO DATA,NO DATA,NO DATA,NO DATA
1e41732d-ac33-40fb-86d2-b020d25cec8c,8,NO DATA,NO DATA,NO DATA,NO DATA,NO DATA,NO DATA,NO DATA,41.7,39.1,NO DATA,NO DATA,NO DATA,NO DATA
1e556f5d-43a2-473f-8cb3-52141c9e33bc,12,NO DATA,NO DATA,NO DATA,NO DATA,NO DATA,NO DATA,NO DATA,40.4,47.4,53.6,NO DATA,NO DATA,NO DATA
1e5b1fd2-5c91-4c76-a858-755d7411454a,8,NO DATA,NO DATA,NO DATA,NO DATA,NO DATA,NO DATA,NO DATA,41.5,NO DATA,NO DATA,NO DATA,NO DATA,NO DATA
1e5cb0cf-9ca6-4e98-8d3e-cffd5481e4fa,10,28.8,NO DATA,NO DATA,26.8,27.0,NO DATA,NO DATA,NO DATA,NO DATA,NO DATA,NO DATA,NO DATA,NO DATA
1e5cb0cf-9ca6-4e98-8d3e-cffd5481e4fa,12,42.5,44.3,31.8,23.7,38.1,33.9,34.9,37.3,36.3,33.2,NO DATA,27.3,33.7
1e6af698-0c9b-4840-ab5c-3b2938da0e4b,6,26.6,27.7,29.6,NO DATA,NO DATA,24.9,24.6,NO DATA,NO DATA,NO DATA,NO DATA,NO DATA,NO DATA
1e760f11-e9b2-4d16-89ee-708fe5b349c9,10,32.9,45.6,45.6,35.6,31.5,42.4,45.6,41.9,NO DATA,NO DATA,NO DATA,NO DATA,NO DATA
1e8fe662-63e7-4e4f-9429-2d4031d9ee7e,12,NO DATA,NO DATA,NO DATA,NO DATA,NO DATA,NO DATA,NO DATA,NO DATA,51.9,NO DATA,NO DATA,NO DATA,NO DATA
1e9addd8-1350-41e9-a348-5d23dce5e8c6,10,32.7,35.3,NO DATA,NO DATA,NO DATA,NO DATA,NO DATA,NO DATA,NO DATA,NO DATA,NO DATA,NO DATA,NO DATA
1eb3eda9-2257-472d-831b-2230ddb1c5ad,6,24.5,24.8,19.8,NO DATA,NO DATA,NO DATA,31.5,29.6,28.6,NO DATA,NO DATA,NO DATA,NO DATA
1ecabd93-54ae-4ad9-9092-f01fd30f72ab,10,50.1,NO DATA,NO DATA,NO DATA,NO DATA,NO DATA,NO DATA,NO DATA,NO DATA,NO DATA,NO DATA,NO DATA,NO DATA
1ee8980a-04bd-45a2-8364-537b44f5ff96,6,24.7,24.0,21.2,17.4,14.4,13.6,11.8,NO DATA,NO DATA,NO DATA,NO DATA,NO DATA,NO DATA
1f38d9fb-1b3a-40a0-b49f-683567b13733,6,NO DATA,22.6,18.8,14.6,NO DATA,NO DATA,NO DATA,NO DATA,NO DATA,NO DATA,NO DATA,NO DATA,NO DATA
1f3b1814-63be-4b3d-9231-f287b463bf08,10,28.4,NO DATA,NO DATA,NO DATA,NO DATA,NO DATA,NO DATA,NO DATA,NO DATA,NO DATA,NO DATA,NO DATA,NO DATA
1f427d82-86cf-45b9-a42c-9c000a500906,8,NO DATA,NO DATA,NO DATA,NO DATA,NO DATA,NO DATA,40.3,33.7,NO DATA,NO DATA,NO DATA,NO DATA,NO DATA
1f4ce417-0f51-46a3-84c9-0185d79ce443,10,32.7,34.1,30.4,25.8,18.6,16.0,NO DATA,NO DATA,NO DATA,NO DATA,NO DATA,NO DATA,NO DATA
1f6f5856-843a-4416-a513-273612597dbf,10,39.0,25.3,NO DATA,NO DATA,NO DATA,NO DATA,NO DATA,NO DATA,NO DATA,NO DATA,NO DATA,NO DATA,NO DATA
1f73772c-59b7-457e-9d39-ba020d5fb88a,8,NO DATA,NO DATA,NO DATA,NO DATA,NO DATA,NO DATA,33.8,31.1,28.8,NO DATA,NO DATA,NO DATA,NO DATA
1fa3cfba-8123-4911-a685-b267ec193d25,8,NO DATA,NO DATA,NO DATA,NO DATA,NO DATA,NO DATA,38.8,37.8,32.4,37.2,NO DATA,12.2,12.8
1fcd0e43-6039-4c8d-87b9-5cc776c55a58,10,34.8,19.4,NO DATA,NO DATA,NO DATA,NO DATA,NO DATA,NO DATA,NO DATA,NO DATA,NO DATA,NO DATA,NO DATA
1fd5ca7b-e288-49b5-9ad1-d213d8d67f76,10,34.2,NO DATA,NO DATA,NO DATA,NO DATA,NO DATA,NO DATA,NO DATA,NO DATA,NO DATA,NO DATA,NO DATA,NO DATA
1ffe6045-c5d9-46cf-845f-362234a12b08,10,NO DATA,38.3,36.0,33.9,34.6,40.0,33.3,23.4,NO DATA,NO DATA,NO DATA,NO DATA,NO DATA
2006624d-261c-4271-80fe-c8f20d8c52b9,10,35.3,33.6,30.4,28.7,27.8,25.7,22.8,15.1,7.7,NO DATA,NO DATA,NO DATA,NO DATA
20217b01-dd07-46b8-80bf-a76503e9b8e8,10,29.6,36.8,NO DATA,NO DATA,NO DATA,NO DATA,NO DATA,NO DATA,NO DATA,NO DATA,NO DATA,NO DATA,NO DATA
202c683e-1a34-4785-8b84-5744577d50e6,10,30.3,31.0,NO DATA,NO DATA,NO DATA,NO DATA,NO DATA,NO DATA,NO DATA,NO DATA,NO DATA,NO DATA,NO DATA
2037decc-7444-4cbe-b2c5-1acceaf033c7,10,NO DATA,NO DATA,NO DATA,NO DATA,77.4,NO DATA,NO DATA,NO DATA,NO DATA,NO DATA,NO DATA,NO DATA,NO DATA
2067bdee-0297-4865-8ee0-f06d6f761427,10,37.6,37.9,36.4,NO DATA,NO DATA,NO DATA,NO DATA,NO DATA,NO DATA,NO DATA,NO DATA,NO DATA,NO DATA
206aefa8-3f20-4592-af4f-c9c6b3caf264,10,NO DATA,39.6,41.7,35.4,32.5,38.6,32.5,30.5,30.0,30.6,21.8,20.4,24.6
206b1c2c-f63f-4d48-9d09-8500b2160a6f,6,NO DATA,NO DATA,NO DATA,NO DATA,NO DATA,NO DATA,NO DATA,NO DATA,NO DATA,23.8,NO DATA,23.5,18.6
2070b241-71ae-4090-abdb-71a08118a5ce,10,NO DATA,NO DATA,NO DATA,NO DATA,NO DATA,NO DATA,NO DATA,NO DATA,NO DATA,43.0,NO DATA,NO DATA,NO DATA
20865b3f-582f-4091-a9dd-e095c5ae26aa,10,32.7,NO DATA,NO DATA,NO DATA,NO DATA,NO DATA,NO DATA,NO DATA,NO DATA,NO DATA,NO DATA,NO DATA,NO DATA
20a34c12-7e6d-449f-814f-87ef06992de2,10,36.6,50.9,43.6,NO DATA,NO DATA,NO DATA,NO DATA,NO DATA,NO DATA,NO DATA,NO DATA,NO DATA,NO DATA
20bfe5e9-7675-44ea-93f6-5c577a1849da,12,NO DATA,NO DATA,NO DATA,NO DATA,NO DATA,NO DATA,55.6,54.0,52.9,97.2,NO DATA,37.5,41.6
20c6edd3-bdfa-4d5f-8111-b889e40c2d8c,6,NO DATA,NO DATA,NO DATA,NO DATA,NO DATA,NO DATA,NO DATA,NO DATA,NO DATA,NO DATA,NO DATA,21.6,22.5
20c91781-3210-4d59-a1c0-a8fc138b853a,12,NO DATA,NO DATA,NO DATA,NO DATA,NO DATA,NO DATA,NO DATA,NO DATA,NO DATA,NO DATA,NO DATA,40.1,NO DATA
20de2c62-a147-4ab9-a73e-7da877f057a3,10,26.6,8.8,NO DATA,NO DATA,NO DATA,NO DATA,NO DATA,NO DATA,NO DATA,NO DATA,NO DATA,NO DATA,NO DATA
20e86260-1535-4cdd-86e9-73bc88272d94,10,28.9,34.3,NO DATA,NO DATA,NO DATA,NO DATA,NO DATA,NO DATA,38.5,37.7,NO DATA,27.7,25.8
20ef2b27-5c5b-40d3-9ed8-d50e3080cfe3,10,41.5,35.1,32.9,30.2,NO DATA,NO DATA,NO DATA,NO DATA,NO DATA,NO DATA,NO DATA,NO DATA,NO DATA
20ff572c-30ac-4f3e-aaa6-45de8ce6fa88,6,23.2,NO DATA,NO DATA,NO DATA,NO DATA,NO DATA,NO DATA,NO DATA,NO DATA,NO DATA,NO DATA,NO DATA,NO DATA
2152cc2f-1076-46ff-a476-217dfb0cac51,10,11.0,NO DATA,NO DATA,NO DATA,NO DATA,NO DATA,NO DATA,NO DATA,NO DATA,NO DATA,NO DATA,NO DATA,NO DATA
215dc6af-1b41-405c-b96c-022509fe69f2,6,17.7,25.8,NO DATA,27.6,23.6,24.3,22.0,NO DATA,NO DATA,NO DATA,NO DATA,NO DATA,NO DATA
215f55c6-5d7b-4a74-b846-eb636c811f27,10,NO DATA,35.3,32.5,29.7,NO DATA,NO DATA,NO DATA,NO DATA,NO DATA,NO DATA,NO DATA,NO DATA,NO DATA
21993b59-0f89-43e8-ac2b-08f99cfc1530,10,NO DATA,NO DATA,NO DATA,43.3,34.2,NO DATA,NO DATA,NO DATA,NO DATA,NO DATA,NO DATA,NO DATA,NO DATA
21a93dcb-6ced-4d32-bcb9-9fb44eee51d5,6,NO DATA,28.7,27.1,24.4,NO DATA,NO DATA,NO DATA,NO DATA,NO DATA,NO DATA,NO DATA,NO DATA,NO DATA
21be415e-b9d9-4194-9075-14d50b8d180e,10,NO DATA,NO DATA,33.6,33.6,30.9,31.0,29.8,NO DATA,NO DATA,NO DATA,NO DATA,NO DATA,NO DATA
21c52693-0ec2-44ea-9939-474c7409eed3,6,NO DATA,NO DATA,NO DATA,25.8,24.1,NO DATA,NO DATA,NO DATA,NO DATA,NO DATA,NO DATA,NO DATA,NO DATA
21d51339-ac44-4e0b-b439-c2e432b2a219,6,NO DATA,29.4,NO DATA,NO DATA,NO DATA,NO DATA,NO DATA,NO DATA,NO DATA,NO DATA,NO DATA,NO DATA,NO DATA
21e9406e-9147-40a8-9347-b62cf19e233b,10,NO DATA,NO DATA,43.4,NO DATA,NO DATA,NO DATA,NO DATA,NO DATA,NO DATA,NO DATA,NO DATA,NO DATA,NO DATA
2222b695-1779-42ac-9c74-4c97f35605a7,8,36.3,NO DATA,NO DATA,NO DATA,NO DATA,NO DATA,NO DATA,NO DATA,NO DATA,NO DATA,NO DATA,NO DATA,NO DATA
2222b695-1779-42ac-9c74-4c97f35605a7,12,NO DATA,NO DATA,NO DATA,NO DATA,NO DATA,NO DATA,22.2,41.6,NO DATA,NO DATA,NO DATA,NO DATA,NO DATA
2230d85c-0de0-4720-8641-3568cd769639,10,30.5,NO DATA,NO DATA,NO DATA,NO DATA,NO DATA,NO DATA,35.8,NO DATA,NO DATA,NO DATA,NO DATA,NO DATA
223101be-8302-49d2-9efd-14ef7a3cf6f0,10,31.7,38.1,39.0,37.5,35.0,37.7,37.0,33.6,32.2,27.3,NO DATA,4.5,NO DATA
223b03b8-cebf-460b-b65b-d8bc0d783810,6,NO DATA,NO DATA,NO DATA,NO DATA,NO DATA,NO DATA,NO DATA,43.6,34.0,NO DATA,NO DATA,NO DATA,NO DATA
22425064-21a6-4f5c-82ac-54c67bc5ef2d,8,NO DATA,NO DATA,NO DATA,NO DATA,NO DATA,NO DATA,40.6,NO DATA,NO DATA,NO DATA,NO DATA,NO DATA,NO DATA
225140da-2b8e-402a-add7-dce4dca5310d,10,NO DATA,28.0,36.9,NO DATA,NO DATA,NO DATA,NO DATA,NO DATA,NO DATA,NO DATA,NO DATA,NO DATA,NO DATA
225359ce-6721-4896-9b87-594f81789768,8,NO DATA,NO DATA,NO DATA,42.1,NO DATA,NO DATA,NO DATA,NO DATA,NO DATA,NO DATA,NO DATA,NO DATA,NO DATA
225359ce-6721-4896-9b87-594f81789768,10,NO DATA,NO DATA,NO DATA,39.5,37.0,39.1,NO DATA,NO DATA,NO DATA,NO DATA,NO DATA,NO DATA,NO DATA
2256d28f-116c-4648-923d-82d00552966b,8,NO DATA,NO DATA,NO DATA,NO DATA,NO DATA,NO DATA,39.2,34.9,34.4,36.1,NO DATA,NO DATA,NO DATA
2294c215-e084-4a36-a6f0-2399a371db2f,12,43.1,44.4,36.1,16.2,NO DATA,NO DATA,NO DATA,NO DATA,NO DATA,NO DATA,NO DATA,NO DATA,NO DATA
22977864-b2b2-4a4a-a98f-d461af8abeb7,10,17.5,18.2,32.4,29.3,29.7,32.0,31.0,NO DATA,NO DATA,NO DATA,NO DATA,NO DATA,NO DATA
22ae128a-01ee-44d9-9941-29cbc76c093c,12,NO DATA,NO DATA,NO DATA,NO DATA,NO DATA,NO DATA,NO DATA,NO DATA,70.3,NO DATA,NO DATA,NO DATA,NO DATA
22b2a09d-1762-4481-bef0-a46092fba112,10,NO DATA,NO DATA,31.5,34.6,NO DATA,NO DATA,NO DATA,NO DATA,19.3,NO DATA,NO DATA,NO DATA,NO DATA
22e4267e-26c5-4484-871a-11a5c6056d7d,10,NO DATA,NO DATA,NO DATA,NO DATA,48.8,53.7,49.5,NO DATA,NO DATA,NO DATA,NO DATA,NO DATA,NO DATA
22ed1518-6aa3-4ad9-947c-b8ea09b52cfd,6,NO DATA,NO DATA,NO DATA,26.7,26.1,22.2,23.6,23.5,24.3,NO DATA,NO DATA,NO DATA,NO DATA
22f8460e-2845-471e-a517-b7b9474a4497,8,NO DATA,NO DATA,NO DATA,NO DATA,NO DATA,NO DATA,38.9,33.0,NO DATA,NO DATA,NO DATA,NO DATA,NO DATA
2319af38-c0f0-4c33-b724-dc1ac79a30b1,10,25.4,28.5,25.0,19.5,17.4,14.3,13.3,NO DATA,NO DATA,NO DATA,NO DATA,NO DATA,NO DATA
2345bb27-8305-4799-94a4-1427f93275d7,8,NO DATA,NO DATA,NO DATA,NO DATA,NO DATA,NO DATA,64.0,62.8,NO DATA,NO DATA,NO DATA,NO DATA,NO DATA
237d84a4-c106-4862-a70d-ffff9d2d6f8c,10,22.7,NO DATA,NO DATA,NO DATA,NO DATA,NO DATA,NO DATA,NO DATA,NO DATA,NO DATA,NO DATA,NO DATA,NO DATA
238f399a-c119-40a7-a0fe-80cabb093dce,10,37.6,36.5,35.1,31.7,22.2,32.1,24.4,26.3,30.9,NO DATA,NO DATA,NO DATA,NO DATA
23952f38-f42e-4809-8049-d97fbf375867,10,35.2,36.0,29.3,24.7,NO DATA,NO DATA,24.1,NO DATA,NO DATA,NO DATA,NO DATA,NO DATA,NO DATA
2395c319-cafe-487e-b009-b501f51e20c1,10,33.0,NO DATA,NO DATA,NO DATA,NO DATA,NO DATA,NO DATA,NO DATA,NO DATA,NO DATA,NO DATA,NO DATA,NO DATA
23b407b0-386c-4540-a9d7-b4d0886bc4dc,10,NO DATA,39.0,36.3,34.0,33.4,NO DATA,31.7,29.3,27.0,25.0,NO DATA,10.7,NO DATA
23e77a63-7db1-4814-b49f-04f65ec7ad31,8,NO DATA,NO DATA,NO DATA,NO DATA,NO DATA,NO DATA,33.5,31.4,30.3,31.2,NO DATA,26.2,25.3
241d6038-694f-4e21-87f2-55177a66e76a,10,31.8,32.4,26.3,19.1,14.0,NO DATA,NO DATA,NO DATA,40.6,29.9,NO DATA,NO DATA,NO DATA
2424d3c8-a52e-4e2f-b072-8a98535177cb,10,34.5,37.3,34.7,25.9,NO DATA,NO DATA,31.5,26.1,22.2,13.0,11.2,NO DATA,NO DATA
242b781e-f98f-4c5e-9db5-cad144e9cbd2,8,NO DATA,NO DATA,NO DATA,NO DATA,NO DATA,NO DATA,32.7,32.0,29.1,24.9,NO DATA,14.5,NO DATA
244aa6de-caf8-459e-a934-0550ecf5dd95,10,NO DATA,22.7,19.6,11.9,NO DATA,NO DATA,NO DATA,NO DATA,NO DATA,NO DATA,26.9,22.0,18.6
24654562-864f-49e9-9c08-06810619f3c9,10,NO DATA,37.8,NO DATA,NO DATA,35.4,NO DATA,NO DATA,NO DATA,NO DATA,NO DATA,NO DATA,NO DATA,NO DATA
249754ea-b038-491a-a6ff-ab9732d0f4ee,10,NO DATA,34.3,31.9,30.7,28.3,29.0,29.3,26.4,23.9,28.2,12.2,NO DATA,NO DATA
249e2353-adc6-4426-8a9c-338b9ab6678b,10,22.8,NO DATA,NO DATA,NO DATA,NO DATA,NO DATA,NO DATA,NO DATA,NO DATA,NO DATA,NO DATA,NO DATA,NO DATA
24a79958-bc94-46d2-bccc-a100d8ca1995,10,NO DATA,NO DATA,NO DATA,NO DATA,8.6,NO DATA,NO DATA,NO DATA,46.7,NO DATA,NO DATA,NO DATA,NO DATA
24d4cad5-5c2b-4f3e-aa3a-c7c6e5b0ee17,10,NO DATA,38.3,37.3,NO DATA,NO DATA,NO DATA,34.3,NO DATA,NO DATA,NO DATA,NO DATA,NO DATA,NO DATA
24e55e73-eec6-46f9-8531-3a8fcaf30a1c,10,29.2,32.6,NO DATA,NO DATA,NO DATA,NO DATA,NO DATA,NO DATA,NO DATA,NO DATA,NO DATA,NO DATA,NO DATA
24e5ef38-ddf7-4b62-bfd0-3d429c63a76d,6,NO DATA,18.9,NO DATA,NO DATA,NO DATA,NO DATA,NO DATA,NO DATA,NO DATA,NO DATA,NO DATA,NO DATA,NO DATA
2515bd2c-42af-4252-807e-50f22814016d,10,31.6,38.4,47.0,25.1,36.3,30.8,28.1,39.8,NO DATA,NO DATA,NO DATA,NO DATA,NO DATA
2517c67b-cc5f-4587-9a2a-8c68c7c48d2b,10,NO DATA,43.5,38.7,33.3,NO DATA,NO DATA,20.8,NO DATA,NO DATA,NO DATA,NO DATA,NO DATA,NO DATA
256371f4-29a6-4d74-a7db-179685b6ca60,10,NO DATA,43.4,41.2,37.5,37.4,38.7,38.0,35.6,34.2,36.3,19.4,15.0,12.3
256a2a5c-5e34-430a-8651-d5fbe746814e,10,37.1,32.9,NO DATA,NO DATA,NO DATA,NO DATA,NO DATA,NO DATA,NO DATA,NO DATA,NO DATA,NO DATA,NO DATA
256d67de-8501-4f5e-b114-e846615851d5,10,26.6,31.5,NO DATA,NO DATA,NO DATA,NO DATA,NO DATA,NO DATA,NO DATA,NO DATA,NO DATA,NO DATA,NO DATA
25878e10-5907-401c-88e5-b70a960d251c,10,NO DATA,NO DATA,NO DATA,NO DATA,NO DATA,NO DATA,NO DATA,NO DATA,39.2,38.7,NO DATA,NO DATA,NO DATA
2592020b-3c89-4081-a4e3-9b825608d7c5,10,31.0,33.5,31.0,26.1,22.8,21.4,14.2,NO DATA,32.7,70.2,NO DATA,NO DATA,NO DATA
259284cc-9666-4b10-94d7-5bffd75fe9bc,12,NO DATA,NO DATA,NO DATA,NO DATA,NO DATA,NO DATA,NO DATA,53.6,NO DATA,NO DATA,NO DATA,NO DATA,NO DATA
259b1ba5-b64c-4793-9849-7816c3b85d42,10,39.8,52.9,37.9,36.4,28.2,26.6,22.3,18.9,49.0,36.6,NO DATA,39.3,26.1
25b552cf-78e5-4250-b6f3-6e322ea30b13,10,NO DATA,40.9,NO DATA,NO DATA,NO DATA,NO DATA,NO DATA,NO DATA,NO DATA,NO DATA,NO DATA,NO DATA,NO DATA
25c3528c-1f42-42db-828d-1ff9bc02934d,10,17.1,14.1,NO DATA,NO DATA,NO DATA,NO DATA,NO DATA,NO DATA,45.4,43.9,20.8,NO DATA,NO DATA
25c48be3-a430-42bb-9977-ec7c6077cf54,10,33.3,34.6,35.2,NO DATA,NO DATA,NO DATA,34.5,33.5,NO DATA,NO DATA,NO DATA,NO DATA,NO DATA
25d212fe-b6a2-448a-8f92-efd54d4ef22a,10,NO DATA,48.2,NO DATA,NO DATA,NO DATA,NO DATA,NO DATA,NO DATA,NO DATA,NO DATA,NO DATA,NO DATA,NO DATA
25d39355-3408-4a8a-b3fa-e850e7ded212,6,NO DATA,NO DATA,25.9,NO DATA,NO DATA,NO DATA,NO DATA,NO DATA,NO DATA,NO DATA,NO DATA,NO DATA,NO DATA
25d604fd-ce0a-43cc-9cc8-563b354ea1e0,10,38.4,37.8,30.1,25.1,25.5,32.5,28.6,24.6,14.8,NO DATA,NO DATA,NO DATA,NO DATA
25d76481-a0d9-4cd6-91f0-718ab5633a32,10,33.5,NO DATA,NO DATA,NO DATA,NO DATA,NO DATA,NO DATA,NO DATA,NO DATA,NO DATA,NO DATA,NO DATA,NO DATA
25e0da9e-19a3-4d06-9290-c72f12c6fde6,6,25.2,25.5,25.3,NO DATA,NO DATA,NO DATA,NO DATA,NO DATA,NO DATA,NO DATA,NO DATA,NO DATA,NO DATA
25e5964d-c903-4071-9f5a-9dd533b76bcf,10,NO DATA,NO DATA,NO DATA,NO DATA,NO DATA,NO DATA,NO DATA,NO DATA,30.7,NO DATA,29.3,27.3,24.1
25ebd763-ab31-4295-bb6c-9d8e53a99625,10,22.4,14.7,NO DATA,NO DATA,NO DATA,NO DATA,NO DATA,NO DATA,45.6,36.8,NO DATA,10.3,NO DATA
25f01531-755b-41b6-8376-ca3e1b070a2b,6,24.4,23.9,22.3,19.8,NO DATA,NO DATA,NO DATA,NO DATA,NO DATA,NO DATA,NO DATA,NO DATA,NO DATA
262194f1-b0d8-4de8-87e7-4fa956b8e953,10,NO DATA,NO DATA,NO DATA,35.2,34.0,30.6,33.5,32.8,28.7,NO DATA,NO DATA,NO DATA,NO DATA
2650d098-251b-4c13-ad8e-cb5b9135f68e,6,24.8,NO DATA,NO DATA,NO DATA,NO DATA,NO DATA,NO DATA,NO DATA,NO DATA,NO DATA,NO DATA,NO DATA,NO DATA
26579964-8a7c-4a04-8602-e582cab5a9f8,8,NO DATA,NO DATA,NO DATA,NO DATA,NO DATA,NO DATA,NO DATA,52.0,NO DATA,NO DATA,NO DATA,NO DATA,NO DATA
26596512-1e73-4f7c-8d1a-0a63e4b8b6a2,10,17.8,18.9,15.4,10.8,NO DATA,NO DATA,NO DATA,NO DATA,NO DATA,NO DATA,NO DATA,NO DATA,NO DATA
2691d235-8a49-4d99-9834-104b48f7bfc9,10,24.9,25.4,24.8,21.6,18.4,17.4,10.5,5.9,38.5,36.3,NO DATA,25.1,23.7
269461df-0c2a-4e90-9fb8-f39e148416ef,10,NO DATA,34.2,NO DATA,NO DATA,NO DATA,NO DATA,NO DATA,NO DATA,NO DATA,NO DATA,NO DATA,NO DATA,NO DATA
26b9a2ab-1118-4d53-ae16-fd185585294c,10,35.6,33.1,32.2,28.5,26.6,26.6,24.2,NO DATA,NO DATA,NO DATA,NO DATA,NO DATA,NO DATA
26cb0cf9-2a2c-47d9-b49f-0d58b97fe3dc,10,29.7,32.5,29.4,26.2,23.9,21.1,24.5,16.0,11.8,NO DATA,NO DATA,NO DATA,NO DATA
26d0fe97-dd96-4a81-b051-b32c85a07a1a,10,NO DATA,48.0,46.8,40.6,38.5,32.5,NO DATA,NO DATA,NO DATA,NO DATA,NO DATA,29.2,NO DATA
26d4cfbf-a82b-4c39-8b9e-0f9a3fcdad68,10,NO DATA,35.9,29.7,18.8,11.7,8.8,NO DATA,NO DATA,38.3,31.1,NO DATA,22.1,21.4
26fccde9-ad23-43b0-986f-9c16508d5c65,10,34.3,29.9,41.2,30.7,NO DATA,NO DATA,NO DATA,NO DATA,NO DATA,NO DATA,NO DATA,NO DATA,NO DATA
2736c421-58d8-4f36-b4e3-7fb523a46d0c,12,NO DATA,NO DATA,NO DATA,NO DATA,NO DATA,NO DATA,41.5,39.8,NO DATA,NO DATA,NO DATA,NO DATA,NO DATA
2736e46f-cd80-400d-b9a8-c4048e6fe5cf,10,NO DATA,NO DATA,NO DATA,NO DATA,NO DATA,NO DATA,NO DATA,NO DATA,41.1,39.0,33.9,44.0,NO DATA
274352ad-a485-4b28-bc9b-665c6d18201a,8,NO DATA,27.5,24.5,15.4,34.0,35.7,37.0,32.1,NO DATA,NO DATA,NO DATA,34.1,34.1
275088b2-7a75-4395-b0ff-389ba2c6c04d,8,NO DATA,NO DATA,NO DATA,NO DATA,NO DATA,NO DATA,34.4,32.6,30.0,24.7,NO DATA,NO DATA,NO DATA
2775444e-1739-4327-8413-19659b5612f7,8,NO DATA,NO DATA,NO DATA,NO DATA,NO DATA,NO DATA,47.2,40.9,36.1,32.2,NO DATA,NO DATA,NO DATA
27781d40-1aa2-4d82-803f-04e40b51fd42,12,NO DATA,NO DATA,NO DATA,NO DATA,76.5,67.4,73.3,100.9,57.1,NO DATA,NO DATA,NO DATA,NO DATA
2778eef3-9fb3-44c9-a4e1-3c98bad92fd9,10,24.2,25.6,17.6,NO DATA,NO DATA,NO DATA,NO DATA,NO DATA,NO DATA,31.2,30.9,32.5,38.1
277d0363-7112-4eb2-86e6-14c07e2c8c2b,12,NO DATA,NO DATA,NO DATA,NO DATA,NO DATA,NO DATA,38.9,44.4,40.1,NO DATA,NO DATA,NO DATA,NO DATA
2782e61e-f236-459f-92d5-4c6a3a78105f,10,NO DATA,NO DATA,38.8,NO DATA,NO DATA,NO DATA,NO DATA,NO DATA,NO DATA,NO DATA,NO DATA,NO DATA,NO DATA
278a9086-46bc-4282-958e-500eb36290bc,8,NO DATA,NO DATA,NO DATA,NO DATA,NO DATA,NO DATA,27.5,NO DATA,NO DATA,NO DATA,NO DATA,NO DATA,NO DATA
2790ef43-dc9a-49ac-a5eb-541134ada0b5,10,27.7,NO DATA,NO DATA,NO DATA,NO DATA,NO DATA,NO DATA,NO DATA,NO DATA,NO DATA,NO DATA,NO DATA,NO DATA
27aa8030-bc7e-43a9-b67e-8079b9798448,10,NO DATA,NO DATA,NO DATA,NO DATA,NO DATA,NO DATA,NO DATA,NO DATA,56.5,67.2,NO DATA,NO DATA,NO DATA
27c34544-b92e-4b17-839f-9c53448fba65,8,NO DATA,NO DATA,NO DATA,NO DATA,NO DATA,38.1,39.0,NO DATA,NO DATA,NO DATA,NO DATA,NO DATA,NO DATA
27c84254-150a-46af-a73a-3829de33f624,10,33.1,33.1,34.1,NO DATA,NO DATA,31.4,NO DATA,NO DATA,NO DATA,NO DATA,NO DATA,NO DATA,NO DATA
27db4fe8-c0cf-44c1-8114-5a8a20f76042,10,48.0,44.4,NO DATA,NO DATA,NO DATA,NO DATA,NO DATA,NO DATA,NO DATA,NO DATA,NO DATA,NO DATA,NO DATA
27dbdd91-5410-4c74-a356-5c479ba8f9d9,10,30.8,34.2,32.1,31.6,36.5,35.0,30.7,33.0,27.3,27.1,6.1,NO DATA,NO DATA
27e4b4fd-cc16-4dd3-b3ac-b047c41c5d76,10,34.3,34.1,NO DATA,NO DATA,NO DATA,NO DATA,NO DATA,NO DATA,NO DATA,NO DATA,NO DATA,NO DATA,NO DATA
27f2e5b0-f9e3-4e54-aeee-4f48230da0e4,10,33.7,35.1,39.2,38.1,NO DATA,NO DATA,NO DATA,NO DATA,NO DATA,NO DATA,NO DATA,NO DATA,NO DATA
2811724d-bf1e-4106-9306-4dc9a8a35417,10,NO DATA,NO DATA,NO DATA,NO DATA,NO DATA,NO DATA,NO DATA,NO DATA,33.4,29.1,22.7,NO DATA,NO DATA
2847a856-303e-4c17-8dfc-a13e63b8848c,10,36.6,37.5,36.4,32.8,29.2,35.7,NO DATA,NO DATA,NO DATA,NO DATA,NO DATA,NO DATA,NO DATA
28559518-914e-4cd4-a0c1-e7801a330ddb,10,NO DATA,34.3,29.6,23.1,NO DATA,NO DATA,NO DATA,NO DATA,45.6,39.8,31.3,NO DATA,NO DATA
28667e5c-bea4-47fc-b6a5-cee66f0f387b,10,31.1,29.4,28.9,26.3,25.8,24.9,23.8,24.7,37.5,35.3,NO DATA,27.0,25.0
28828f08-82d3-4141-aae3-e497aca930ca,10,22.1,NO DATA,NO DATA,NO DATA,NO DATA,NO DATA,NO DATA,NO DATA,NO DATA,NO DATA,NO DATA,NO DATA,NO DATA
289e7ef9-2bd6-4c48-801c-73763b3c9f21,8,NO DATA,NO DATA,NO DATA,NO DATA,NO DATA,37.7,35.4,30.7,23.8,20.7,NO DATA,NO DATA,NO DATA
28bd1a53-092d-4629-9122-eb57b820aa20,8,NO DATA,NO DATA,NO DATA,NO DATA,NO DATA,NO DATA,52.1,NO DATA,NO DATA,NO DATA,NO DATA,NO DATA,NO DATA
28d24589-0e9d-4b5c-82e4-9dca33d1dba8,6,NO DATA,26.6,NO DATA,NO DATA,NO DATA,NO DATA,NO DATA,NO DATA,NO DATA,NO DATA,NO DATA,NO DATA,NO DATA
28ed535d-36e1-4fb9-a957-bbe576022fad,10,19.5,32.2,42.1,NO DATA,31.0,NO DATA,NO DATA,NO DATA,NO DATA,NO DATA,NO DATA,NO DATA,NO DATA
29100459-7560-4509-b038-e6b9c03c5f52,8,NO DATA,NO DATA,NO DATA,NO DATA,NO DATA,38.8,49.9,39.2,29.1,26.2,NO DATA,NO DATA,NO DATA
2939287e-b970-4f7a-aa3f-ba3269ae031f,6,16.8,20.7,NO DATA,NO DATA,NO DATA,NO DATA,NO DATA,NO DATA,NO DATA,NO DATA,NO DATA,NO DATA,NO DATA
293ce1c0-faa3-458d-8c59-2f682e6869fc,10,29.6,33.7,31.0,25.0,17.5,14.9,NO DATA,NO DATA,41.4,35.0,30.8,26.7,25.0
296a6b6b-1f46-4a05-a984-44a08aaa9714,10,NO DATA,NO DATA,NO DATA,NO DATA,NO DATA,NO DATA,NO DATA,NO DATA,39.6,37.6,3.5,NO DATA,NO DATA
297d8da7-7fac-491a-a4d7-c2360ec44f2b,10,24.7,NO DATA,NO DATA,NO DATA,NO DATA,NO DATA,NO DATA,NO DATA,NO DATA,NO DATA,NO DATA,NO DATA,NO DATA
2992cb7c-49a6-4f42-ba92-e88a820e8c4b,8,NO DATA,NO DATA,NO DATA,NO DATA,NO DATA,NO DATA,37.6,35.1,34.6,NO DATA,NO DATA,NO DATA,NO DATA
299f1808-9b58-4fec-8e44-75d887f9762d,6,NO DATA,42.1,37.8,28.6,24.4,23.7,11.3,25.2,24.2,22.3,NO DATA,20.5,20.1
29a6475e-a959-489d-9fce-9bd3a06752ec,10,NO DATA,NO DATA,NO DATA,NO DATA,NO DATA,NO DATA,NO DATA,NO DATA,28.1,NO DATA,NO DATA,NO DATA,NO DATA
29a81892-43f7-4914-af6a-fce1c3108036,10,38.7,59.9,NO DATA,NO DATA,NO DATA,38.0,41.3,37.8,29.1,24.2,4.1,14.5,NO DATA
29e1b09a-b6aa-4dcf-b041-f1bd008ad813,10,30.7,43.3,NO DATA,NO DATA,NO DATA,NO DATA,NO DATA,NO DATA,NO DATA,NO DATA,NO DATA,NO DATA,NO DATA
29ea5ac3-1ff9-47ca-a27d-b496d4aa473a,10,4.8,31.5,NO DATA,NO DATA,NO DATA,NO DATA,NO DATA,NO DATA,NO DATA,NO DATA,NO DATA,NO DATA,NO DATA
29eb161c-45a3-4a23-8eb2-f731ad5f7dec,8,NO DATA,NO DATA,NO DATA,NO DATA,NO DATA,NO DATA,34.7,32.5,29.1,25.1,NO DATA,15.4,15.4
29ebc9a7-defe-45a1-ab62-5c1db9d3a50d,6,NO DATA,NO DATA,NO DATA,NO DATA,NO DATA,NO DATA,NO DATA,NO DATA,35.5,NO DATA,NO DATA,NO DATA,NO DATA
29ee6f74-2adf-4c1a-a517-f91531e97109,10,31.8,34.7,32.7,30.8,29.2,30.2,25.7,NO DATA,40.1,26.5,1.5,19.3,16.6
2a07e792-8be9-4bfd-a3d5-970a069b35fb,6,25.8,16.3,NO DATA,NO DATA,NO DATA,NO DATA,29.9,29.2,NO DATA,NO DATA,NO DATA,NO DATA,NO DATA
2a215be5-c09b-4b9e-b744-528701ce02e9,10,NO DATA,NO DATA,NO DATA,NO DATA,NO DATA,NO DATA,NO DATA,NO DATA,44.7,49.1,NO DATA,NO DATA,NO DATA
2a27d9c6-3f9a-47cd-b47e-0ec22956f176,10,NO DATA,NO DATA,NO DATA,NO DATA,NO DATA,52.3,53.1,49.6,46.9,41.0,NO DATA,NO DATA,NO DATA
2a3d88d8-0652-4c90-9313-9df97b8e2066,10,NO DATA,37.9,35.1,33.8,32.3,31.8,33.8,33.1,31.4,30.6,32.4,NO DATA,NO DATA
2a437d3c-85b4-4811-bb54-65fb6f793f5f,10,32.6,34.5,32.1,30.3,23.9,20.6,19.8,NO DATA,14.5,NO DATA,NO DATA,NO DATA,NO DATA
2a5e7de7-f2d2-483f-bd3a-41e78e894893,10,32.6,34.1,32.0,24.0,28.0,NO DATA,33.7,33.7,27.3,NO DATA,24.4,21.1,18.7
2a5fedc0-7bca-4ac2-b274-3afac20e1814,8,NO DATA,NO DATA,NO DATA,NO DATA,NO DATA,NO DATA,NO DATA,39.0,NO DATA,NO DATA,NO DATA,NO DATA,NO DATA
2a66660c-fc51-4c61-b0d3-21135005ca48,10,28.8,32.2,27.8,24.9,20.0,16.3,12.4,NO DATA,NO DATA,NO DATA,NO DATA,NO DATA,NO DATA
2a741fe2-2d93-48ca-aea8-f97f86afb17b,10,NO DATA,NO DATA,NO DATA,NO DATA,NO DATA,NO DATA,NO DATA,NO DATA,NO DATA,NO DATA,NO DATA,43.4,41.9
2a762bb7-6b7a-404f-918d-1d8651c0a93a,10,35.5,38.4,36.6,35.5,25.6,15.4,24.4,17.1,35.0,22.3,NO DATA,20.4,19.9
2a7c71d2-dfb4-475c-b8cb-2cd214bfb048,10,26.5,33.4,32.6,31.6,28.8,26.4,29.5,26.5,23.3,18.7,NO DATA,NO DATA,NO DATA
2a870d4e-9079-4aa2-a569-cf3905cdfd1a,6,6.6,28.3,25.1,22.0,23.2,24.9,27.8,26.3,19.9,15.5,NO DATA,NO DATA,NO DATA
2a955475-4b85-4410-9c00-bb947fd90490,6,19.8,17.8,14.6,8.2,NO DATA,NO DATA,NO DATA,NO DATA,NO DATA,NO DATA,NO DATA,NO DATA,NO DATA
2a9f051c-65e6-4107-8a55-8354e4479a06,6,NO DATA,NO DATA,NO DATA,25.0,22.7,NO DATA,NO DATA,NO DATA,NO DATA,NO DATA,NO DATA,NO DATA,NO DATA
2aae0a0d-cd3a-4e54-912f-6ee996c997e5,8,NO DATA,NO DATA,NO DATA,NO DATA,NO DATA,NO DATA,38.8,35.6,35.8,NO DATA,NO DATA,NO DATA,NO DATA
2ab87652-c176-48b0-b957-2be2f6fd4bdf,6,15.4,18.6,13.0,NO DATA,NO DATA,NO DATA,31.4,29.1,28.4,28.4,NO DATA,NO DATA,NO DATA
2abffbdf-4dc0-4401-a59b-c447263ccad9,8,NO DATA,NO DATA,NO DATA,NO DATA,NO DATA,NO DATA,36.0,30.5,30.3,26.5,15.2,NO DATA,NO DATA
2ac16819-677f-466c-ba4d-5de70d9cc0e3,10,33.2,35.6,35.7,35.7,NO DATA,36.1,NO DATA,NO DATA,NO DATA,NO DATA,NO DATA,NO DATA,NO DATA
2ac6cb2a-f985-474c-9dc6-e622ac075b28,10,38.0,41.9,NO DATA,NO DATA,NO DATA,NO DATA,NO DATA,NO DATA,NO DATA,NO DATA,NO DATA,NO DATA,NO DATA
2ad84bae-0b77-4dbd-94a8-18de328d8942,10,40.1,36.9,NO DATA,NO DATA,NO DATA,NO DATA,NO DATA,NO DATA,NO DATA,NO DATA,NO DATA,NO DATA,NO DATA
2aee9cb4-2d9b-4008-94f2-7e8ffeac85fb,6,NO DATA,NO DATA,NO DATA,NO DATA,NO DATA,NO DATA,NO DATA,NO DATA,NO DATA,NO DATA,NO DATA,23.5,22.8
2aff4e87-c6c4-4195-a7c0-325043fc6005,10,NO DATA,39.9,36.3,40.1,34.6,26.0,19.2,8.4,51.1,59.2,NO DATA,40.1,39.8
2b0185b3-0b30-46a6-bfda-b0baca81f796,10,NO DATA,NO DATA,39.1,NO DATA,NO DATA,NO DATA,NO DATA,NO DATA,NO DATA,NO DATA,NO DATA,NO DATA,NO DATA
2b0f5378-fe84-4601-a0b5-202ade5d95f2,12,NO DATA,NO DATA,NO DATA,37.2,33.3,34.9,43.3,35.0,NO DATA,NO DATA,NO DATA,NO DATA,NO DATA
2b1f420c-d80c-4b30-a215-5010bf99f966,10,29.1,32.3,32.1,NO DATA,NO DATA,32.0,30.5,NO DATA,NO DATA,NO DATA,NO DATA,NO DATA,NO DATA
2b4ba899-a0de-4fa0-aef6-2a2bc4258494,10,30.9,36.4,32.9,29.7,NO DATA,NO DATA,34.9,30.2,29.0,NO DATA,NO DATA,NO DATA,NO DATA
2b65f5c3-60a9-48c4-b80c-9b49342f1481,10,NO DATA,43.6,NO DATA,34.5,NO DATA,NO DATA,NO DATA,NO DATA,NO DATA,NO DATA,NO DATA,NO DATA,NO DATA
2b72a20e-291c-4c69-910b-2dc677c8700c,10,36.1,37.0,34.9,33.6,30.1,28.9,26.4,19.1,NO DATA,NO DATA,NO DATA,NO DATA,NO DATA
2b8fc1d2-8a58-4147-9fc0-6576c2dfc3bc,10,32.6,35.0,NO DATA,NO DATA,NO DATA,NO DATA,NO DATA,NO DATA,NO DATA,NO DATA,NO DATA,NO DATA,NO DATA
2b9dbb42-a463-4b29-a280-dd1ae887341a,10,33.4,34.9,NO DATA,NO DATA,NO DATA,NO DATA,NO DATA,NO DATA,NO DATA,NO DATA,NO DATA,NO DATA,NO DATA
2ba2b7f9-cdbf-4aa0-96ee-b7e6fa77601e,10,NO DATA,42.0,NO DATA,NO DATA,NO DATA,NO DATA,NO DATA,NO DATA,NO DATA,NO DATA,NO DATA,NO DATA,NO DATA
2bb176a7-ebaa-468b-b1be-b0359d23a0eb,6,NO DATA,27.5,29.3,18.7,29.9,NO DATA,NO DATA,NO DATA,NO DATA,NO DATA,NO DATA,NO DATA,NO DATA
2bbdb240-0a54-4955-a28b-1ae814645e32,10,27.0,27.0,29.8,30.2,NO DATA,24.5,21.9,20.7,17.3,14.3,NO DATA,NO DATA,NO DATA
2bbebad5-74dc-44b4-8f17-c718189e9ae1,10,NO DATA,31.2,31.4,27.8,26.6,25.3,29.4,NO DATA,NO DATA,NO DATA,NO DATA,28.6,NO DATA
2bd71c02-d7eb-4989-8e80-dbcc77f4ecde,10,NO DATA,37.5,NO DATA,NO DATA,NO DATA,NO DATA,NO DATA,NO DATA,NO DATA,NO DATA,NO DATA,NO DATA,NO DATA
2bdb5fd4-e184-4a80-b7e5-0ddaeaa7e17e,8,NO DATA,NO DATA,NO DATA,NO DATA,NO DATA,NO DATA,52.7,NO DATA,NO DATA,NO DATA,NO DATA,NO DATA,NO DATA
2be03a0e-b2e6-4a72-a01a-09e28b06e16c,6,NO DATA,NO DATA,NO DATA,NO DATA,NO DATA,NO DATA,NO DATA,NO DATA,NO DATA,38.5,NO DATA,NO DATA,NO DATA
2be76a0b-ed41-4c1b-8113-e9119e86cdd7,10,33.0,30.7,NO DATA,NO DATA,NO DATA,NO DATA,NO DATA,NO DATA,NO DATA,NO DATA,NO DATA,NO DATA,NO DATA
2c1221b0-e3d4-4a57-9eb1-d03f5a0ac02e,10,33.3,35.7,33.1,31.0,26.2,17.9,17.2,38.9,35.8,29.1,NO DATA,27.5,25.9
2c231bfe-8322-4ba3-974a-cae01d40634c,10,26.2,28.4,30.0,NO DATA,NO DATA,NO DATA,30.9,33.0,17.7,NO DATA,NO DATA,NO DATA,NO DATA
2c2c2522-2f3f-4c33-afbb-901746a12336,10,NO DATA,NO DATA,NO DATA,NO DATA,NO DATA,NO DATA,NO DATA,NO DATA,NO DATA,NO DATA,NO DATA,33.9,34.1
2c4151c9-4e7f-461d-8fe7-1a717f5ca614,10,NO DATA,36.7,NO DATA,NO DATA,NO DATA,NO DATA,NO DATA,NO DATA,NO DATA,NO DATA,NO DATA,NO DATA,NO DATA
2c4a86b6-a8d6-4fb7-91df-d4c8bbd12061,10,21.9,26.0,17.6,10.3,NO DATA,NO DATA,NO DATA,NO DATA,NO DATA,NO DATA,37.5,29.2,27.8
2c624334-e781-412c-964e-e6ba1415359c,10,26.6,31.5,30.0,29.6,NO DATA,34.1,30.7,27.4,24.5,NO DATA,NO DATA,33.3,31.4
2c65c792-c5e5-4986-9e31-6da035108e8c,8,NO DATA,NO DATA,NO DATA,NO DATA,NO DATA,NO DATA,35.8,33.4,NO DATA,NO DATA,NO DATA,28.2,25.8
2c737ec2-dc03-433d-a622-ed85a3027912,12,NO DATA,NO DATA,NO DATA,NO DATA,NO DATA,NO DATA,47.0,57.1,NO DATA,NO DATA,NO DATA,NO DATA,NO DATA
2c84b26a-ed00-4209-b45b-430045743d6c,10,31.2,46.6,NO DATA,NO DATA,NO DATA,NO DATA,NO DATA,NO DATA,NO DATA,NO DATA,NO DATA,NO DATA,NO DATA
2c892c47-a91b-49dd-992d-d143f59ce04d,6,NO DATA,NO DATA,NO DATA,NO DATA,NO DATA,NO DATA,42.5,43.0,42.1,30.6,NO DATA,NO DATA,NO DATA
2c91a6c3-e5f2-4418-ae63-3407e62a1000,8,NO DATA,NO DATA,NO DATA,NO DATA,NO DATA,NO DATA,NO DATA,NO DATA,40.3,40.2,NO DATA,32.4,30.9
2c92b504-7b4c-430e-8f4c-faa98d5fdd38,10,29.3,33.5,32.4,27.1,23.9,23.3,18.7,10.1,36.7,32.1,13.0,24.4,20.4
2cb4ea7d-9384-4722-8bec-4690a8b6473b,6,19.4,30.5,NO DATA,NO DATA,NO DATA,NO DATA,NO DATA,NO DATA,NO DATA,NO DATA,NO DATA,NO DATA,NO DATA
2cc47b81-f6d0-461d-8b02-33806a64e7d9,8,NO DATA,NO DATA,NO DATA,NO DATA,NO DATA,NO DATA,34.6,33.4,28.3,15.3,NO DATA,NO DATA,NO DATA
2cecdb45-d629-4047-8d9a-2612299cbd79,10,33.7,44.0,45.4,NO DATA,39.8,NO DATA,NO DATA,NO DATA,NO DATA,NO DATA,NO DATA,NO DATA,NO DATA
2cfc6cce-d077-49a7-9c4b-7b1f1d0a9c7b,6,NO DATA,28.0,25.6,22.1,20.1,15.7,19.8,27.8,28.8,26.5,NO DATA,NO DATA,NO DATA
2d05c6dc-e9a0-46f1-b0fb-e442d3f9f590,10,30.2,33.9,31.5,28.1,23.7,NO DATA,32.6,NO DATA,NO DATA,NO DATA,NO DATA,NO DATA,NO DATA
2d323372-9e2e-4ac8-ab00-a4063385c89d,8,NO DATA,NO DATA,NO DATA,NO DATA,NO DATA,NO DATA,34.9,27.4,NO DATA,NO DATA,NO DATA,NO DATA,NO DATA
2d8a17a1-a904-4720-b71f-8600f7395d34,6,NO DATA,29.5,NO DATA,33.3,NO DATA,NO DATA,NO DATA,NO DATA,NO DATA,NO DATA,NO DATA,NO DATA,NO DATA
2dee01dd-8fc6-4aa3-ae14-83f5447b1c39,10,32.2,37.4,NO DATA,NO DATA,NO DATA,NO DATA,NO DATA,NO DATA,NO DATA,NO DATA,NO DATA,NO DATA,NO DATA
2df92933-1735-4741-ac20-332db8c95390,10,NO DATA,NO DATA,33.1,27.5,NO DATA,NO DATA,NO DATA,NO DATA,NO DATA,NO DATA,NO DATA,NO DATA,NO DATA
2e300390-67e8-44c3-818e-cd6d16e221cf,6,23.4,25.4,20.5,23.7,NO DATA,27.2,31.6,27.3,20.9,NO DATA,NO DATA,NO DATA,NO DATA
2e3bb93c-f910-4885-8a43-cd455eaf6993,10,28.6,30.8,29.7,26.4,20.9,14.0,15.2,NO DATA,NO DATA,NO DATA,NO DATA,NO DATA,NO DATA
2e488e3b-5d78-4dc5-9fc1-b6481e3a192a,6,NO DATA,18.8,NO DATA,NO DATA,NO DATA,NO DATA,NO DATA,NO DATA,NO DATA,NO DATA,NO DATA,NO DATA,NO DATA
2e51ce53-6258-4881-a182-089769eac0de,10,NO DATA,32.2,29.7,38.6,NO DATA,32.9,30.9,28.3,25.1,22.5,NO DATA,NO DATA,NO DATA
2e5cc158-7267-4bb5-87cd-bed1841f6d52,10,30.2,30.4,27.5,21.4,17.6,NO DATA,NO DATA,NO DATA,NO DATA,NO DATA,NO DATA,NO DATA,NO DATA
2e7a8f08-39ff-49c7-8111-f95c852e4a29,10,NO DATA,NO DATA,NO DATA,NO DATA,NO DATA,NO DATA,NO DATA,NO DATA,42.7,NO DATA,NO DATA,NO DATA,NO DATA
2e7c20b6-9450-44bf-bb14-b40fd1d4b00a,10,NO DATA,NO DATA,NO DATA,NO DATA,NO DATA,NO DATA,NO DATA,NO DATA,NO DATA,NO DATA,NO DATA,31.4,29.4
2e8907f0-edd6-4a8e-b288-a33fd4b26701,10,NO DATA,31.5,25.8,24.0,20.1,NO DATA,NO DATA,NO DATA,NO DATA,NO DATA,NO DATA,NO DATA,NO DATA
2e950e23-f77e-45f5-8caa-45bed97b430c,10,33.3,30.4,NO DATA,NO DATA,NO DATA,NO DATA,NO DATA,NO DATA,NO DATA,NO DATA,NO DATA,NO DATA,NO DATA
2ea59a97-4ac1-46fd-83f2-ba33151c6954,10,NO DATA,38.4,33.7,31.0,30.7,28.2,29.0,26.2,20.7,16.6,NO DATA,NO DATA,NO DATA
2ece824b-20c5-4648-9ccc-e20651dc9bbb,6,NO DATA,NO DATA,NO DATA,NO DATA,35.9,21.0,NO DATA,NO DATA,NO DATA,NO DATA,NO DATA,NO DATA,NO DATA
2ed2c33d-bfdb-467c-8e7c-bde4640fd997,10,32.4,33.0,30.3,23.1,16.9,NO DATA,NO DATA,NO DATA,NO DATA,NO DATA,NO DATA,NO DATA,NO DATA
2eed36c6-7240-43b3-a862-b1b711e89d97,10,38.7,36.5,36.6,32.9,NO DATA,32.5,32.3,29.8,24.4,19.0,9.6,NO DATA,NO DATA
2efb947e-aafb-4aba-8f1d-fe02081431ec,6,24.2,30.3,30.4,NO DATA,NO DATA,NO DATA,NO DATA,NO DATA,NO DATA,NO DATA,NO DATA,NO DATA,NO DATA
2f05bd64-ba5d-4180-bbd0-05cbb49614ef,6,23.4,23.7,21.6,19.6,18.1,17.1,27.6,25.1,22.0,NO DATA,NO DATA,NO DATA,NO DATA
2f12c638-a6d0-4cb7-a10b-a34280539f81,6,24.4,26.8,24.9,NO DATA,NO DATA,NO DATA,NO DATA,NO DATA,NO DATA,NO DATA,NO DATA,NO DATA,NO DATA
2f2a492c-353d-42a0-b6a8-b7e28de7b8f7,8,NO DATA,NO DATA,NO DATA,NO DATA,NO DATA,NO DATA,42.7,NO DATA,NO DATA,NO DATA,NO DATA,NO DATA,NO DATA
2f47177e-bf83-4884-a743-2d30f3bd27cc,8,NO DATA,NO DATA,NO DATA,NO DATA,NO DATA,NO DATA,35.9,39.2,NO DATA,NO DATA,NO DATA,NO DATA,NO DATA
2f61f852-df69-47e0-bca6-2f65ce23f11e,10,34.4,37.7,36.4,34.1,33.7,32.8,34.5,32.5,29.8,27.3,NO DATA,22.0,20.7
2f7d0e5b-e8ac-4ea4-b756-21735c543b94,10,NO DATA,38.3,NO DATA,NO DATA,NO DATA,NO DATA,39.7,36.4,34.0,32.2,21.4,NO DATA,NO DATA
2f7da015-2065-4e50-bfed-e6d87c0108ad,8,NO DATA,NO DATA,NO DATA,NO DATA,NO DATA,NO DATA,NO DATA,39.1,NO DATA,NO DATA,NO DATA,NO DATA,NO DATA
2f9819ff-ef08-449a-a7d5-527c2b519034,10,37.6,38.1,39.5,36.2,42.3,35.5,29.0,22.8,19.3,NO DATA,NO DATA,NO DATA,NO DATA
2f9aa8ae-1939-469f-bb5f-b14ff73d4510,8,NO DATA,NO DATA,NO DATA,NO DATA,NO DATA,NO DATA,33.3,29.2,25.2,10.3,7.0,NO DATA,NO DATA
2fbcf79c-195a-43b8-95ff-f18077aa1d23,8,NO DATA,NO DATA,NO DATA,NO DATA,NO DATA,NO DATA,35.0,33.0,30.2,21.1,6.0,NO DATA,NO DATA
2fc00cc8-6a44-4259-8ac0-076af7c2b563,10,29.9,28.3,25.3,NO DATA,13.8,11.5,NO DATA,NO DATA,NO DATA,NO DATA,NO DATA,NO DATA,NO DATA
2fc031e6-1a93-4aa6-8fca-4b63bea6cc61,8,NO DATA,NO DATA,NO DATA,NO DATA,NO DATA,NO DATA,43.0,38.3,40.8,25.4,NO DATA,NO DATA,NO DATA
2fcc4ce2-8386-4d23-8e5d-587bd79ca2e5,10,NO DATA,NO DATA,31.2,30.3,28.0,21.3,NO DATA,NO DATA,NO DATA,NO DATA,NO DATA,NO DATA,NO DATA
30005ce2-e709-4931-ac1a-e6a45e472f84,8,NO DATA,34.5,40.4,22.6,35.7,NO DATA,NO DATA,NO DATA,NO DATA,NO DATA,NO DATA,NO DATA,NO DATA
304ccf91-1afc-490e-a4e9-7f766163434f,10,38.8,33.5,NO DATA,NO DATA,NO DATA,NO DATA,NO DATA,NO DATA,NO DATA,NO DATA,NO DATA,NO DATA,NO DATA
306695d5-8f0d-4ced-a08a-aaab795aa406,10,31.0,32.0,31.6,30.6,30.2,31.3,29.6,27.4,24.6,NO DATA,NO DATA,NO DATA,NO DATA
30682dfe-26a8-401d-a537-878a6e3ccff0,10,31.4,33.0,NO DATA,NO DATA,32.9,27.8,NO DATA,NO DATA,NO DATA,NO DATA,NO DATA,NO DATA,NO DATA
3094a436-cd7f-4de0-89b2-745a975ddde9,12,NO DATA,NO DATA,NO DATA,NO DATA,NO DATA,64.5,55.0,NO DATA,NO DATA,NO DATA,NO DATA,NO DATA,NO DATA
30a93491-d5cb-4ccc-a837-254a15c8343e,10,NO DATA,NO DATA,34.6,39.8,41.2,40.1,44.5,42.5,41.7,29.1,32.9,12.0,6.8
30b4aa6e-085a-4d9d-9ff2-e49b2f953953,10,21.5,27.4,40.1,39.1,33.8,30.1,27.9,44.0,37.1,37.6,45.3,37.8,36.4
30b6fb93-52c9-4e25-965f-79779ec67c89,8,NO DATA,NO DATA,NO DATA,NO DATA,NO DATA,NO DATA,42.1,NO DATA,NO DATA,NO DATA,NO DATA,NO DATA,NO DATA
30b86d96-5d4b-44c5-9f50-f3eab1b05b65,8,NO DATA,NO DATA,NO DATA,NO DATA,NO DATA,38.9,36.1,36.4,31.0,NO DATA,NO DATA,NO DATA,NO DATA
30cc0227-ef95-4252-823f-71ebc64225c4,10,NO DATA,42.8,29.1,NO DATA,NO DATA,NO DATA,NO DATA,NO DATA,NO DATA,NO DATA,NO DATA,NO DATA,NO DATA
30ddf335-ba6a-4f6f-b9ad-fb1bba65bf45,10,32.2,NO DATA,NO DATA,NO DATA,NO DATA,NO DATA,NO DATA,NO DATA,NO DATA,NO DATA,NO DATA,NO DATA,NO DATA
310a3e5c-c67b-4c8e-98f4-7979d6441142,10,NO DATA,34.4,NO DATA,NO DATA,NO DATA,27.8,NO DATA,NO DATA,NO DATA,NO DATA,NO DATA,NO DATA,NO DATA
310af602-6123-459a-9a69-ba5e112ce225,10,31.9,33.1,19.6,14.9,NO DATA,NO DATA,NO DATA,NO DATA,NO DATA,NO DATA,NO DATA,NO DATA,NO DATA
31514126-fc55-4406-ab1c-2f2c99e5415a,8,NO DATA,NO DATA,NO DATA,NO DATA,NO DATA,NO DATA,41.7,68.3,NO DATA,NO DATA,NO DATA,NO DATA,NO DATA
315425fa-eda8-4fc5-beb3-19056a889325,8,NO DATA,NO DATA,22.5,NO DATA,NO DATA,NO DATA,NO DATA,NO DATA,NO DATA,NO DATA,NO DATA,NO DATA,NO DATA
318119d6-5384-4a88-8f94-3911f593c022,10,NO DATA,32.4,34.0,30.3,28.5,26.8,18.1,NO DATA,NO DATA,NO DATA,NO DATA,NO DATA,NO DATA
3191b0e0-36bc-419a-96e1-ea5645ea0805,10,43.1,NO DATA,NO DATA,30.9,NO DATA,NO DATA,NO DATA,NO DATA,NO DATA,NO DATA,NO DATA,NO DATA,NO DATA
31abc811-1ae0-43d0-8aeb-720fcd4491ee,10,NO DATA,NO DATA,NO DATA,NO DATA,42.1,45.2,40.6,29.4,23.9,18.5,NO DATA,NO DATA,NO DATA
31ac341b-9577-494d-99e4-320fbd0ba62a,8,NO DATA,NO DATA,NO DATA,NO DATA,NO DATA,NO DATA,34.0,32.8,30.4,30.2,NO DATA,22.2,21.2
31b64643-69e8-48d2-981b-e34b8a8b3380,10,NO DATA,26.7,NO DATA,NO DATA,NO DATA,NO DATA,NO DATA,NO DATA,NO DATA,NO DATA,NO DATA,NO DATA,NO DATA
31ce05d3-7baf-455a-aba8-828e63f656eb,10,NO DATA,37.0,37.6,37.8,NO DATA,NO DATA,37.5,36.8,34.8,32.6,NO DATA,NO DATA,NO DATA
31ce5eb9-19c5-41f6-9932-55266d3fcce8,8,NO DATA,NO DATA,NO DATA,NO DATA,NO DATA,NO DATA,52.7,44.1,NO DATA,NO DATA,NO DATA,NO DATA,NO DATA
31debda9-502b-42b7-bfd0-f81c58dc4527,10,NO DATA,NO DATA,NO DATA,NO DATA,NO DATA,NO DATA,NO DATA,NO DATA,NO DATA,NO DATA,53.0,NO DATA,NO DATA
322ee437-48c8-4bb0-b663-0f5173491194,10,22.6,NO DATA,NO DATA,NO DATA,NO DATA,NO DATA,NO DATA,NO DATA,NO DATA,36.1,32.5,NO DATA,NO DATA
324a82c0-1e24-436a-a91f-e535fd304b07,10,28.8,NO DATA,NO DATA,NO DATA,NO DATA,NO DATA,NO DATA,NO DATA,NO DATA,NO DATA,NO DATA,NO DATA,NO DATA
3266692f-e3ad-4b14-8a55-1c7d9fb8d283,10,30.1,30.5,32.1,17.8,17.6,NO DATA,NO DATA,NO DATA,NO DATA,NO DATA,NO DATA,NO DATA,NO DATA
3285b5fa-4725-428d-a0e9-0e6e5dfec515,6,24.8,27.9,28.0,28.0,NO DATA,NO DATA,NO DATA,NO DATA,NO DATA,NO DATA,NO DATA,NO DATA,NO DATA
328e152e-b542-46c2-8e0a-0a73ea0b7126,6,NO DATA,NO DATA,NO DATA,NO DATA,NO DATA,NO DATA,NO DATA,38.2,36.4,NO DATA,NO DATA,NO DATA,NO DATA
32ac527d-ec07-4e77-9429-90f213f2fcba,10,NO DATA,NO DATA,NO DATA,NO DATA,NO DATA,NO DATA,NO DATA,44.6,NO DATA,NO DATA,NO DATA,NO DATA,NO DATA
32b2a298-3917-4e7d-b240-b12ff96698e9,10,33.0,41.7,NO DATA,NO DATA,NO DATA,NO DATA,NO DATA,NO DATA,NO DATA,NO DATA,NO DATA,NO DATA,NO DATA
32c5b904-ea13-40e8-8cfa-35bfc7f9ca12,8,NO DATA,NO DATA,NO DATA,NO DATA,NO DATA,NO DATA,32.0,NO DATA,NO DATA,NO DATA,NO DATA,NO DATA,NO DATA
32c8b850-806f-4fb6-bbfb-eb1836975280,6,NO DATA,28.1,NO DATA,NO DATA,NO DATA,NO DATA,NO DATA,NO DATA,NO DATA,NO DATA,NO DATA,NO DATA,NO DATA
32ca9528-6c1d-4e5e-841b-428a06d3a675,10,NO DATA,NO DATA,42.6,37.8,34.7,37.9,38.1,35.7,36.4,27.2,NO DATA,NO DATA,NO DATA
32caad2a-8aad-45b5-bd4c-8ee5841a1eb3,10,31.4,30.8,NO DATA,NO DATA,NO DATA,NO DATA,NO DATA,NO DATA,NO DATA,NO DATA,NO DATA,NO DATA,NO DATA
32ddf844-f161-41b2-a8dc-4bd1f3ebb265,10,NO DATA,NO DATA,NO DATA,NO DATA,NO DATA,NO DATA,NO DATA,NO DATA,44.6,44.8,NO DATA,NO DATA,NO DATA
32e228b7-d096-497c-9604-597f6d8da9e6,10,12.5,16.5,NO DATA,NO DATA,NO DATA,NO DATA,NO DATA,NO DATA,NO DATA,NO DATA,NO DATA,NO DATA,NO DATA
32ecce6b-a2ea-46c1-82e7-7af72056a6bb,10,33.0,29.8,NO DATA,NO DATA,NO DATA,NO DATA,41.0,NO DATA,NO DATA,NO DATA,NO DATA,NO DATA,NO DATA
32fbcce9-1891-4284-a1c0-acd857b5f1f1,8,NO DATA,NO DATA,NO DATA,NO DATA,NO DATA,NO DATA,34.3,38.1,NO DATA,NO DATA,NO DATA,NO DATA,NO DATA
331461f3-ed37-4bad-ba0e-1a16ea1ed369,10,27.4,NO DATA,38.1,NO DATA,NO DATA,NO DATA,NO DATA,NO DATA,NO DATA,NO DATA,NO DATA,NO DATA,NO DATA
331462eb-59c3-4578-8307-03da5c2f0d99,10,31.4,33.2,33.9,25.1,NO DATA,25.8,NO DATA,NO DATA,NO DATA,NO DATA,NO DATA,NO DATA,NO DATA
332361b7-2ba3-4145-86e8-932919719308,12,NO DATA,NO DATA,NO DATA,NO DATA,NO DATA,NO DATA,49.5,45.5,NO DATA,NO DATA,NO DATA,NO DATA,NO DATA
33297001-860a-43fb-a4fe-e6c15e06dff3,10,NO DATA,35.8,39.7,43.6,48.0,44.7,43.8,34.3,35.7,30.5,23.4,32.0,39.7
3339a304-a384-4a16-88b7-832edb240bac,6,21.8,NO DATA,NO DATA,NO DATA,NO DATA,NO DATA,NO DATA,NO DATA,NO DATA,NO DATA,NO DATA,NO DATA,NO DATA
334383e8-8ab9-491d-a52d-319f905e3c4e,8,NO DATA,NO DATA,NO DATA,NO DATA,NO DATA,NO DATA,NO DATA,37.8,34.3,36.3,NO DATA,NO DATA,NO DATA
336bc717-df26-42b2-86bf-a33abbb89a34,10,NO DATA,NO DATA,30.0,23.2,18.4,13.1,NO DATA,NO DATA,43.1,41.3,41.2,33.2,31.6
337632c2-4c35-4d91-8ef9-56127e6d878d,12,NO DATA,NO DATA,NO DATA,NO DATA,46.0,NO DATA,NO DATA,NO DATA,NO DATA,NO DATA,NO DATA,NO DATA,NO DATA
338fc0ee-a170-4b0b-89bc-c6c1d55a916b,10,NO DATA,37.4,37.3,28.8,23.0,12.7,NO DATA,NO DATA,NO DATA,NO DATA,NO DATA,NO DATA,NO DATA
3395d930-0394-4ea6-9201-46e7f6a05396,8,NO DATA,NO DATA,NO DATA,NO DATA,NO DATA,NO DATA,32.0,32.7,29.9,NO DATA,NO DATA,NO DATA,NO DATA
33a2534a-016c-4a39-a23d-9509ca8a34ee,6,22.2,NO DATA,NO DATA,NO DATA,NO DATA,22.3,NO DATA,NO DATA,NO DATA,NO DATA,NO DATA,NO DATA,NO DATA
33c898f7-9af8-41f2-849c-2826884ba698,10,40.2,NO DATA,33.1,34.5,NO DATA,NO DATA,NO DATA,NO DATA,NO DATA,NO DATA,NO DATA,NO DATA,NO DATA
33ddfea5-95f3-4cb8-8d4a-9de61ea3d4b6,10,27.2,29.1,24.3,18.7,17.2,NO DATA,12.1,NO DATA,NO DATA,NO DATA,NO DATA,NO DATA,NO DATA
33e5b0cb-c94c-4a30-871a-b694af89a626,10,NO DATA,37.5,30.9,24.3,18.6,11.9,10.5,NO DATA,NO DATA,NO DATA,NO DATA,NO DATA,NO DATA
33fe68a7-11ef-436d-874f-31b4e73d7c26,10,32.0,33.0,NO DATA,NO DATA,NO DATA,NO DATA,26.9,NO DATA,39.4,41.6,NO DATA,28.4,28.8
33ff3898-a630-43cd-8b19-51e7ecfc7107,8,NO DATA,NO DATA,NO DATA,NO DATA,NO DATA,34.3,40.6,36.7,35.4,NO DATA,NO DATA,NO DATA,NO DATA
34203bc0-9dcf-4630-9387-4205f30413ea,10,NO DATA,47.2,NO DATA,NO DATA,NO DATA,NO DATA,NO DATA,NO DATA,NO DATA,NO DATA,NO DATA,NO DATA,NO DATA
342d38f6-3e49-499e-9fa7-960bfc88f25d,6,NO DATA,28.9,NO DATA,NO DATA,NO DATA,NO DATA,NO DATA,NO DATA,NO DATA,NO DATA,NO DATA,NO DATA,NO DATA
3448b5e7-3322-47bb-8702-3a824136113f,6,NO DATA,NO DATA,NO DATA,NO DATA,NO DATA,NO DATA,NO DATA,43.2,37.9,43.8,NO DATA,NO DATA,NO DATA
34651f88-6cfe-4c57-9803-6c0a4dce58cb,10,NO DATA,7.8,NO DATA,NO DATA,NO DATA,NO DATA,NO DATA,NO DATA,NO DATA,NO DATA,NO DATA,NO DATA,NO DATA
34784c43-45e4-4d25-bf9c-87ba478519be,10,NO DATA,NO DATA,41.7,39.1,32.5,28.1,27.9,22.6,21.8,NO DATA,NO DATA,NO DATA,NO DATA
3491ea0c-bef2-4fbd-a352-171400882264,10,36.6,35.8,41.1,NO DATA,NO DATA,NO DATA,NO DATA,NO DATA,NO DATA,NO DATA,NO DATA,NO DATA,NO DATA
34a0bd25-51c5-4ba6-943b-e61b26e8c0d9,10,31.8,29.7,27.1,NO DATA,NO DATA,28.2,37.7,31.6,29.7,26.1,NO DATA,NO DATA,NO DATA
34ad6f38-5563-4bd8-9918-10bac90a851f,10,32.1,35.8,27.5,NO DATA,NO DATA,NO DATA,NO DATA,NO DATA,47.1,41.7,NO DATA,31.7,31.4
34b3c7f9-5eb0-4cdb-a176-bcea78909cf2,6,NO DATA,NO DATA,37.8,NO DATA,NO DATA,NO DATA,NO DATA,NO DATA,NO DATA,NO DATA,NO DATA,NO DATA,NO DATA
34c6baa2-4996-49a3-a7cc-ebf309d99f30,10,26.9,29.8,26.3,18.7,12.4,10.0,NO DATA,NO DATA,NO DATA,NO DATA,NO DATA,NO DATA,NO DATA
34cc31af-1ae5-4930-9100-4a4f5f08d22e,6,NO DATA,14.3,15.3,NO DATA,NO DATA,NO DATA,NO DATA,NO DATA,NO DATA,NO DATA,NO DATA,NO DATA,NO DATA
350caf65-acb6-4309-93d3-de8dc827f872,10,24.2,11.7,NO DATA,NO DATA,NO DATA,NO DATA,NO DATA,NO DATA,NO DATA,NO DATA,NO DATA,NO DATA,NO DATA
35297ebc-d4bc-4599-9d40-ebb5a1e9e48b,10,29.5,31.8,28.5,26.4,24.1,24.3,NO DATA,NO DATA,NO DATA,NO DATA,NO DATA,NO DATA,NO DATA
353631f9-a1d3-4d2c-9cd1-9baf918b47a1,8,NO DATA,NO DATA,NO DATA,NO DATA,NO DATA,38.1,38.1,NO DATA,NO DATA,NO DATA,NO DATA,NO DATA,NO DATA
3543a6ec-aa2d-4c02-b0e0-0224b3d79f66,10,32.4,NO DATA,NO DATA,NO DATA,NO DATA,NO DATA,NO DATA,NO DATA,NO DATA,NO DATA,NO DATA,NO DATA,NO DATA
357c3360-7af7-4d3b-b4ee-f86d99f4af97,10,NO DATA,29.9,NO DATA,NO DATA,27.6,27.2,21.3,16.1,11.3,NO DATA,NO DATA,NO DATA,NO DATA
3580292d-026d-49f9-9d05-1e0b53b5b379,12,NO DATA,NO DATA,NO DATA,NO DATA,NO DATA,NO DATA,NO DATA,NO DATA,46.2,42.8,NO DATA,26.8,22.3
3599f65d-1790-4689-a3f0-542f8823ce35,8,NO DATA,NO DATA,NO DATA,NO DATA,NO DATA,NO DATA,32.1,30.9,28.0,22.5,NO DATA,NO DATA,NO DATA
359a58b6-9a00-40ef-84c4-6375fb6cea89,10,33.4,35.1,NO DATA,NO DATA,NO DATA,NO DATA,35.1,NO DATA,NO DATA,NO DATA,NO DATA,NO DATA,NO DATA
35dc9aa1-ff68-4cd3-9d0e-78f86671595a,10,NO DATA,NO DATA,NO DATA,NO DATA,27.7,33.0,32.9,NO DATA,NO DATA,NO DATA,NO DATA,NO DATA,NO DATA
35f7a606-d853-46d2-836d-9642520b26a7,10,31.7,30.2,NO DATA,NO DATA,NO DATA,NO DATA,NO DATA,NO DATA,NO DATA,NO DATA,NO DATA,NO DATA,NO DATA
3610b310-078f-46fc-b846-031ea5e974d2,10,NO DATA,NO DATA,NO DATA,38.3,NO DATA,NO DATA,NO DATA,NO DATA,NO DATA,NO DATA,NO DATA,NO DATA,NO DATA
36299dcf-3d01-426f-b938-959ef5197524,8,NO DATA,NO DATA,NO DATA,NO DATA,NO DATA,NO DATA,36.1,34.4,32.1,26.4,NO DATA,NO DATA,NO DATA
3652b457-e8d8-4c85-bb61-68a2ccd2cdd7,10,32.1,33.0,34.6,NO DATA,NO DATA,NO DATA,34.1,27.1,24.8,NO DATA,NO DATA,NO DATA,NO DATA
36785961-7ff1-482b-ac86-961a6a686d22,10,31.7,37.0,39.5,36.8,36.6,27.2,NO DATA,NO DATA,NO DATA,NO DATA,NO DATA,NO DATA,NO DATA
367aa5aa-5c8f-4e55-8e61-10c069d157c1,10,33.2,37.5,34.1,34.8,28.6,NO DATA,NO DATA,NO DATA,NO DATA,NO DATA,NO DATA,NO DATA,NO DATA
368282ee-7f7f-44d4-b146-b8dc05603b75,10,37.3,NO DATA,NO DATA,NO DATA,44.4,31.7,NO DATA,NO DATA,NO DATA,NO DATA,NO DATA,NO DATA,NO DATA
3684b0d1-7c5a-42c2-a838-4549ecbc07df,6,20.2,NO DATA,NO DATA,NO DATA,NO DATA,NO DATA,27.0,NO DATA,NO DATA,NO DATA,NO DATA,NO DATA,NO DATA
368e602f-90fc-453f-8acc-f550bc09599e,8,NO DATA,NO DATA,NO DATA,NO DATA,NO DATA,NO DATA,NO DATA,37.2,NO DATA,NO DATA,NO DATA,NO DATA,NO DATA
368fae0b-11d5-4d1d-9cae-1e55d21b1748,10,34.3,33.2,NO DATA,NO DATA,NO DATA,NO DATA,NO DATA,NO DATA,NO DATA,NO DATA,NO DATA,NO DATA,NO DATA
369a9bb7-b83a-4c6f-a45f-f4e9910915ba,6,NO DATA,27.6,NO DATA,NO DATA,19.0,NO DATA,NO DATA,16.3,NO DATA,NO DATA,NO DATA,NO DATA,NO DATA
36a3d73c-1def-40c1-858c-6991b55f33c9,10,NO DATA,NO DATA,NO DATA,NO DATA,NO DATA,NO DATA,46.4,NO DATA,NO DATA,NO DATA,NO DATA,NO DATA,NO DATA
36ae1a4c-18cd-4b26-8168-0747d04459dc,8,NO DATA,NO DATA,NO DATA,NO DATA,NO DATA,NO DATA,34.8,26.8,NO DATA,NO DATA,NO DATA,NO DATA,NO DATA
36b1d7eb-778e-4326-87b8-1ff35423ca3b,8,NO DATA,NO DATA,NO DATA,NO DATA,NO DATA,NO DATA,38.8,NO DATA,35.2,56.1,NO DATA,NO DATA,NO DATA
36bf0218-af9f-4b4e-8ab7-6f8aaec20143,10,NO DATA,NO DATA,NO DATA,NO DATA,NO DATA,NO DATA,NO DATA,NO DATA,37.5,39.1,13.4,10.3,NO DATA
36c239d7-3539-4c65-a09d-db36fb2bb2e9,10,33.3,NO DATA,28.4,NO DATA,NO DATA,NO DATA,NO DATA,NO DATA,NO DATA,NO DATA,NO DATA,NO DATA,NO DATA
36c9299f-4c5a-4303-acd5-2040c9b1e714,10,NO DATA,37.0,12.4,14.8,NO DATA,NO DATA,NO DATA,NO DATA,47.8,44.3,NO DATA,NO DATA,NO DATA
36f163d8-98c3-42b1-8736-bd35f277e05d,10,32.9,33.1,34.8,NO DATA,NO DATA,NO DATA,NO DATA,NO DATA,NO DATA,NO DATA,NO DATA,NO DATA,NO DATA
36f783eb-f20f-4653-b5d5-12971ce3469b,10,29.0,29.8,25.3,20.3,14.4,11.0,7.6,NO DATA,43.5,39.1,23.8,32.9,28.9
372b4a95-d672-4a14-80c3-c181391929a2,10,NO DATA,NO DATA,30.4,NO DATA,NO DATA,NO DATA,NO DATA,NO DATA,NO DATA,NO DATA,NO DATA,NO DATA,NO DATA
3730ad7a-adce-4b5d-a094-0d69a2e85108,8,NO DATA,NO DATA,NO DATA,NO DATA,NO DATA,NO DATA,40.5,37.5,33.9,NO DATA,NO DATA,NO DATA,NO DATA
37421efe-7f60-4698-9cfe-232c0be4a78b,10,NO DATA,34.5,32.8,31.2,26.0,18.5,14.6,NO DATA,46.4,43.1,NO DATA,35.6,36.3
374f54af-6cad-42e7-be70-a8284d359885,10,37.8,37.9,41.6,NO DATA,26.7,NO DATA,NO DATA,NO DATA,NO DATA,NO DATA,NO DATA,NO DATA,NO DATA
374ffa49-f718-4034-a170-04a6fd660951,10,NO DATA,27.8,19.7,10.3,NO DATA,NO DATA,NO DATA,NO DATA,30.5,28.6,17.2,27.0,28.7
376ce56a-23a2-49a2-8255-e01f16d03dc0,10,28.9,31.5,31.1,25.1,NO DATA,29.6,NO DATA,NO DATA,NO DATA,NO DATA,NO DATA,NO DATA,NO DATA
37703031-2592-4cb4-a2a7-79553ab40140,8,NO DATA,NO DATA,NO DATA,NO DATA,NO DATA,NO DATA,NO DATA,NO DATA,NO DATA,28.0,NO DATA,NO DATA,NO DATA
37703031-2592-4cb4-a2a7-79553ab40140,10,NO DATA,NO DATA,23.4,NO DATA,25.8,53.8,NO DATA,NO DATA,NO DATA,NO DATA,NO DATA,NO DATA,NO DATA
37703031-2592-4cb4-a2a7-79553ab40140,12,22.5,26.6,NO DATA,NO DATA,NO DATA,NO DATA,56.9,NO DATA,62.4,56.4,66.2,33.5,33.5
37a3a0e4-cfd1-41f8-bcb0-663852c4f05a,10,19.9,18.0,11.1,8.9,NO DATA,NO DATA,NO DATA,NO DATA,42.2,26.6,NO DATA,31.0,26.2
37adb75e-b319-4760-a598-1d195e14e2d8,10,23.8,13.4,7.3,NO DATA,NO DATA,NO DATA,NO DATA,NO DATA,35.9,36.2,35.7,20.8,18.0
37d7690b-8cce-4415-be7d-71cbba4bf9b2,8,NO DATA,NO DATA,NO DATA,NO DATA,NO DATA,NO DATA,NO DATA,NO DATA,35.2,35.9,31.6,24.0,22.0
380abcf9-1255-4872-9667-f08e9f0323d0,10,NO DATA,40.4,37.0,32.8,24.2,25.3,19.1,10.3,4.5,36.7,NO DATA,42.3,27.8
3869772b-4ef7-4c40-9c4b-621fe91b4be8,10,NO DATA,NO DATA,NO DATA,NO DATA,35.3,37.5,34.4,24.7,NO DATA,NO DATA,NO DATA,NO DATA,NO DATA
387ee348-3285-4095-8c22-117f801b33bb,10,27.5,29.3,24.5,21.8,NO DATA,NO DATA,NO DATA,NO DATA,NO DATA,NO DATA,NO DATA,NO DATA,NO DATA
389c0b77-2dd1-48bb-96ac-e1c02c49de49,10,32.6,39.6,35.5,NO DATA,NO DATA,NO DATA,NO DATA,NO DATA,NO DATA,NO DATA,NO DATA,NO DATA,NO DATA
389c41c4-05c1-498e-b3d3-45e2fd8dc160,6,22.5,23.4,24.7,28.2,27.2,22.9,21.5,15.0,NO DATA,NO DATA,26.6,23.7,27.7
389c41c4-05c1-498e-b3d3-45e2fd8dc160,8,NO DATA,NO DATA,NO DATA,NO DATA,NO DATA,NO DATA,NO DATA,51.3,50.0,51.0,NO DATA,NO DATA,NO DATA
38ad6028-3c08-4116-a3d3-c667b2148375,6,NO DATA,33.2,NO DATA,NO DATA,NO DATA,29.4,NO DATA,NO DATA,NO DATA,NO DATA,NO DATA,NO DATA,NO DATA
38be2852-3179-4b41-97f5-77f725626463,10,33.4,35.7,37.5,NO DATA,NO DATA,NO DATA,NO DATA,NO DATA,NO DATA,NO DATA,NO DATA,NO DATA,NO DATA
38d264e4-d62b-4eee-8750-83b1a71d3de9,8,NO DATA,NO DATA,NO DATA,NO DATA,NO DATA,NO DATA,NO DATA,36.9,34.7,33.9,NO DATA,25.5,21.3
38fe412b-7541-4fa5-8272-522f0d309cf9,6,20.6,27.9,NO DATA,NO DATA,NO DATA,NO DATA,NO DATA,NO DATA,NO DATA,NO DATA,NO DATA,21.5,19.8
391434e0-2ae2-493b-a7bc-c54e05f2a498,10,NO DATA,44.2,37.0,32.2,26.9,NO DATA,NO DATA,NO DATA,NO DATA,NO DATA,NO DATA,NO DATA,NO DATA
3918b6d8-8cca-407d-a41c-386625f41018,10,29.7,34.8,32.9,NO DATA,NO DATA,NO DATA,NO DATA,NO DATA,NO DATA,NO DATA,NO DATA,NO DATA,NO DATA
391cf57c-ed4c-467f-9671-3a88559c6928,10,34.8,40.2,40.0,50.0,51.6,NO DATA,NO DATA,NO DATA,NO DATA,NO DATA,NO DATA,33.7,30.5
393d6af9-5c24-455b-9842-ff2f0a8b33f2,6,NO DATA,NO DATA,NO DATA,NO DATA,NO DATA,NO DATA,NO DATA,NO DATA,24.7,NO DATA,NO DATA,NO DATA,NO DATA
3943578e-36db-41e8-8317-2d0f052dfb29,10,NO DATA,45.2,40.1,NO DATA,NO DATA,NO DATA,NO DATA,36.3,26.6,NO DATA,NO DATA,NO DATA,NO DATA
3968ca64-bb99-4e7f-b3ed-125110167511,10,28.0,29.5,26.0,20.8,11.5,12.1,NO DATA,NO DATA,NO DATA,NO DATA,NO DATA,NO DATA,NO DATA
39a1693f-1f89-4196-9cbe-2ae7fd0499ae,10,NO DATA,52.3,5.5,44.7,NO DATA,NO DATA,NO DATA,72.8,NO DATA,NO DATA,NO DATA,NO DATA,NO DATA
39aab078-1572-4f9c-8601-075fa3415cd0,10,NO DATA,NO DATA,NO DATA,NO DATA,NO DATA,NO DATA,NO DATA,NO DATA,NO DATA,NO DATA,NO DATA,39.9,39.2
39ac0541-177c-4a81-9873-9e1236098b7f,10,44.8,NO DATA,NO DATA,NO DATA,NO DATA,NO DATA,NO DATA,NO DATA,NO DATA,NO DATA,NO DATA,NO DATA,NO DATA
39bd83fc-c2a6-4218-bea2-f60b01bf6670,10,22.3,NO DATA,NO DATA,NO DATA,NO DATA,NO DATA,NO DATA,NO DATA,NO DATA,NO DATA,NO DATA,NO DATA,NO DATA
39c27adf-89d0-4ca3-8a1d-8a8469c5f92d,10,31.6,31.3,36.4,30.5,28.4,25.3,NO DATA,NO DATA,NO DATA,NO DATA,NO DATA,NO DATA,NO DATA
39c2c0f7-82a4-44e3-9c9b-1ca7813756d3,8,NO DATA,NO DATA,NO DATA,NO DATA,NO DATA,NO DATA,NO DATA,39.4,37.4,34.5,23.7,16.5,11.8
39e6fb22-a8fe-42b2-b732-74e7ca1183e8,8,NO DATA,NO DATA,NO DATA,NO DATA,NO DATA,NO DATA,34.9,30.5,NO DATA,NO DATA,NO DATA,NO DATA,NO DATA
39f1108f-0088-4868-8728-b713081f81ca,6,NO DATA,NO DATA,NO DATA,NO DATA,NO DATA,NO DATA,NO DATA,NO DATA,NO DATA,NO DATA,NO DATA,30.6,NO DATA
39f490c4-ea0e-4911-94ec-73fd2190cdfb,10,NO DATA,NO DATA,NO DATA,NO DATA,NO DATA,NO DATA,47.7,49.1,57.5,NO DATA,NO DATA,NO DATA,NO DATA
39f7b97f-56df-4a60-b4f4-7691c03ec790,10,NO DATA,34.8,NO DATA,37.7,38.5,43.5,NO DATA,NO DATA,NO DATA,NO DATA,NO DATA,NO DATA,NO DATA
3a0f4b91-1d56-48d4-99d0-ea1d9abbb4ac,10,25.4,NO DATA,NO DATA,NO DATA,NO DATA,NO DATA,NO DATA,NO DATA,NO DATA,NO DATA,NO DATA,NO DATA,NO DATA
3a1027ae-3ce3-40d2-9994-9cf534a1ed7c,10,NO DATA,38.4,33.1,28.5,27.2,NO DATA,NO DATA,NO DATA,NO DATA,NO DATA,NO DATA,NO DATA,NO DATA
3a17ea92-77cf-4bee-b530-fc9f1be2f3f2,12,NO DATA,NO DATA,NO DATA,NO DATA,NO DATA,NO DATA,38.8,NO DATA,NO DATA,NO DATA,NO DATA,NO DATA,NO DATA
3a21d62a-a198-4ade-9dd1-4694a6e151bc,10,36.8,33.2,27.3,24.6,24.4,25.1,25.0,24.0,23.2,19.7,NO DATA,18.1,16.6
3a2306cf-f97c-4088-b974-542aef0ed821,10,27.4,29.3,25.1,16.5,NO DATA,NO DATA,NO DATA,NO DATA,NO DATA,NO DATA,NO DATA,NO DATA,NO DATA
3a249314-9de5-4d66-bb54-2c0ccacf8125,10,31.5,36.7,39.3,NO DATA,NO DATA,NO DATA,34.9,NO DATA,NO DATA,NO DATA,NO DATA,NO DATA,NO DATA
3a462c83-d98f-442e-ad65-44a2062f4d8f,6,20.0,19.1,16.7,10.7,5.2,NO DATA,NO DATA,NO DATA,24.2,13.2,NO DATA,NO DATA,NO DATA
3a56881e-cfba-44e3-a0db-1c8acdb34a5e,10,NO DATA,32.7,NO DATA,NO DATA,NO DATA,NO DATA,NO DATA,NO DATA,NO DATA,NO DATA,NO DATA,NO DATA,NO DATA
3a5e6f37-3cea-4153-ad6a-96b6f7b19056,10,NO DATA,NO DATA,38.2,NO DATA,NO DATA,NO DATA,NO DATA,NO DATA,NO DATA,NO DATA,NO DATA,NO DATA,NO DATA
3a5e9830-c23c-401c-a63f-1888bcdfb2b3,10,NO DATA,NO DATA,54.3,NO DATA,NO DATA,NO DATA,47.4,44.3,41.5,39.2,NO DATA,NO DATA,NO DATA
3a90c2a1-9d02-4e7c-9ab3-bee881b7cff2,10,18.4,15.3,NO DATA,NO DATA,NO DATA,NO DATA,10.1,NO DATA,39.9,NO DATA,NO DATA,NO DATA,NO DATA
3a90cb37-835e-4703-9464-2f4435889f66,10,33.1,34.9,30.3,25.6,23.5,21.4,21.3,20.6,10.4,6.6,NO DATA,31.7,28.3
3aae24b5-cd83-40f2-a4cc-6f19967ac84a,10,NO DATA,37.9,34.8,NO DATA,NO DATA,NO DATA,35.8,NO DATA,NO DATA,NO DATA,NO DATA,19.9,19.9
3ac7b8e6-f486-410d-b626-ca6e3143b55f,8,NO DATA,NO DATA,NO DATA,NO DATA,NO DATA,NO DATA,34.3,36.4,34.3,NO DATA,NO DATA,NO DATA,NO DATA
3ae407ec-1708-45c4-827b-0fb7bcc6ebb4,10,NO DATA,32.2,29.2,21.9,NO DATA,NO DATA,NO DATA,NO DATA,NO DATA,NO DATA,NO DATA,NO DATA,NO DATA
3ae44787-664d-414f-b8c5-dd96aa6a5727,10,35.0,37.1,35.3,32.6,30.3,29.2,29.1,27.3,20.5,22.6,NO DATA,NO DATA,NO DATA
3afb3374-1a60-4ea1-9373-fb27e8db05c4,10,NO DATA,NO DATA,NO DATA,NO DATA,NO DATA,NO DATA,NO DATA,NO DATA,38.2,41.8,37.8,38.4,35.3
3b631adf-5688-4a01-a589-82ed087589bc,10,37.7,NO DATA,NO DATA,NO DATA,NO DATA,NO DATA,NO DATA,NO DATA,NO DATA,NO DATA,NO DATA,NO DATA,NO DATA
3b6c7c24-fd6c-475d-81e6-3ec91958c50e,8,NO DATA,NO DATA,NO DATA,NO DATA,NO DATA,NO DATA,42.7,32.5,27.9,25.6,NO DATA,NO DATA,NO DATA
3b81d534-5946-4f89-a013-8778240d3cb8,8,NO DATA,NO DATA,NO DATA,NO DATA,NO DATA,NO DATA,NO DATA,39.8,NO DATA,NO DATA,NO DATA,NO DATA,NO DATA
3b831b9d-8f12-4440-8748-ac87708d22ec,8,NO DATA,30.4,30.6,26.8,26.0,24.5,20.6,18.8,37.4,NO DATA,NO DATA,NO DATA,NO DATA
3b831b9d-8f12-4440-8748-ac87708d22ec,10,28.5,32.6,NO DATA,NO DATA,NO DATA,NO DATA,NO DATA,NO DATA,34.4,31.7,27.5,27.5,36.2
3b94a17a-b23e-4436-94af-7a5525d8119f,8,NO DATA,NO DATA,NO DATA,NO DATA,NO DATA,NO DATA,36.2,34.1,31.5,27.1,25.0,21.9,19.1
3ba45709-d9ef-4adc-8f5f-aa7cbf1b0cd2,10,31.8,38.6,33.5,NO DATA,40.3,NO DATA,NO DATA,55.2,49.7,NO DATA,NO DATA,NO DATA,NO DATA
3c0d3fd2-8b61-47b3-ba30-0c253828beb3,10,NO DATA,40.2,38.8,35.1,37.8,31.3,37.8,37.1,37.6,NO DATA,13.1,10.4,NO DATA
3c0f2b15-2775-4710-bdd1-69522f79f389,10,31.7,34.0,43.5,NO DATA,NO DATA,NO DATA,NO DATA,NO DATA,NO DATA,NO DATA,NO DATA,NO DATA,NO DATA
3c25a0f5-843e-44b6-a146-6bf3d3935c2d,10,NO DATA,NO DATA,NO DATA,NO DATA,NO DATA,NO DATA,NO DATA,NO DATA,NO DATA,NO DATA,NO DATA,15.9,13.6
3c27693f-8dba-4383-b279-3fd6f1980589,10,28.7,31.8,23.5,12.2,NO DATA,NO DATA,NO DATA,NO DATA,52.8,38.3,NO DATA,NO DATA,NO DATA
3c606163-8a91-479e-9a9a-f6ca82159172,10,NO DATA,34.7,27.5,19.9,16.8,11.4,NO DATA,NO DATA,NO DATA,NO DATA,NO DATA,NO DATA,NO DATA
3c62279f-acc3-41b1-9ac2-027fe4e70b2b,10,NO DATA,NO DATA,NO DATA,NO DATA,NO DATA,NO DATA,NO DATA,NO DATA,27.3,NO DATA,NO DATA,NO DATA,NO DATA
3c96f24f-4832-466b-944f-27694bbc26a2,8,NO DATA,NO DATA,NO DATA,NO DATA,NO DATA,NO DATA,NO DATA,36.8,NO DATA,NO DATA,NO DATA,NO DATA,NO DATA
3cdafb5b-22f0-41c6-98c0-a7c15681ce04,10,NO DATA,28.1,NO DATA,NO DATA,NO DATA,NO DATA,NO DATA,NO DATA,NO DATA,NO DATA,NO DATA,NO DATA,NO DATA
3ce5434e-fd20-4228-a9a6-46e8c7304ad5,8,26.7,20.7,NO DATA,NO DATA,NO DATA,NO DATA,NO DATA,NO DATA,NO DATA,NO DATA,NO DATA,NO DATA,NO DATA
3d1b41c2-fddd-42f8-a27b-639c0fff476b,10,42.6,51.0,50.7,43.5,26.4,24.0,7.0,NO DATA,NO DATA,NO DATA,NO DATA,NO DATA,NO DATA
3d2e08f5-cd59-4899-a9d3-978e5f3395ee,10,34.4,49.4,50.8,50.5,46.9,50.1,57.8,56.8,54.9,68.3,NO DATA,48.0,45.6
3d4073b7-2b4b-4ec4-b3b8-20963c94395d,6,24.7,21.8,NO DATA,NO DATA,NO DATA,NO DATA,NO DATA,NO DATA,29.7,28.4,NO DATA,NO DATA,NO DATA
3d4b693d-7f18-4757-a51b-6dbd07e64a22,8,19.5,19.7,16.1,12.3,8.0,6.3,NO DATA,NO DATA,NO DATA,NO DATA,NO DATA,NO DATA,NO DATA
3d6aa375-a735-40eb-b0ac-051520794299,8,NO DATA,23.2,17.1,NO DATA,NO DATA,NO DATA,NO DATA,NO DATA,NO DATA,NO DATA,NO DATA,NO DATA,NO DATA
3d6af1c0-77f9-40bf-9158-4f316d8c730a,6,25.1,25.7,24.3,22.7,20.1,NO DATA,25.8,22.1,16.6,15.1,NO DATA,NO DATA,NO DATA
3d6fcab8-d7ed-4345-a9ae-17f961569215,10,33.9,39.0,35.4,NO DATA,NO DATA,30.1,39.9,NO DATA,NO DATA,NO DATA,NO DATA,NO DATA,NO DATA
3d8a11de-2ef4-4df2-9772-88aa007fb8cf,10,NO DATA,NO DATA,NO DATA,NO DATA,NO DATA,NO DATA,NO DATA,NO DATA,46.8,NO DATA,NO DATA,NO DATA,NO DATA
3d923177-43a4-46d2-b763-73347a4a8713,10,30.6,36.2,38.1,35.3,50.2,NO DATA,NO DATA,34.8,40.2,NO DATA,NO DATA,28.2,28.2
3dacab0d-9355-462a-86f5-3515d513cc55,10,NO DATA,NO DATA,NO DATA,NO DATA,NO DATA,NO DATA,NO DATA,NO DATA,NO DATA,NO DATA,NO DATA,31.0,31.2
3dc4f558-efc3-4f9f-8699-62dafb13de33,6,16.0,15.6,NO DATA,NO DATA,NO DATA,NO DATA,NO DATA,NO DATA,NO DATA,NO DATA,NO DATA,NO DATA,NO DATA
3ddb60da-0b45-49c3-9fc6-ef27b99b4bd0,10,27.6,NO DATA,NO DATA,NO DATA,NO DATA,NO DATA,NO DATA,NO DATA,NO DATA,NO DATA,NO DATA,NO DATA,NO DATA
3ddc7575-9558-4f74-9c9d-8fd7f74b9d1e,10,NO DATA,NO DATA,NO DATA,28.0,NO DATA,NO DATA,NO DATA,NO DATA,NO DATA,NO DATA,NO DATA,NO DATA,NO DATA
3e189463-79cf-402c-97bd-0cc9f35dd5bd,6,24.8,29.0,24.7,21.7,17.0,10.7,23.4,26.7,23.4,14.9,NO DATA,NO DATA,NO DATA
3e653ba6-5b9a-4a73-a7ac-7702815b9c46,8,NO DATA,NO DATA,NO DATA,NO DATA,NO DATA,NO DATA,50.6,NO DATA,NO DATA,NO DATA,NO DATA,NO DATA,NO DATA
3e70730c-b149-4930-ac5e-17b131ac5fe1,10,32.2,27.3,NO DATA,NO DATA,NO DATA,NO DATA,NO DATA,NO DATA,NO DATA,NO DATA,NO DATA,NO DATA,NO DATA
3e88020b-0509-41c9-b8d4-0e80bd372362,8,NO DATA,NO DATA,NO DATA,NO DATA,NO DATA,NO DATA,33.7,31.5,25.8,20.2,NO DATA,NO DATA,NO DATA
3e88b687-3cf3-40ed-aa6e-de171047a251,10,34.6,36.9,NO DATA,NO DATA,NO DATA,NO DATA,NO DATA,NO DATA,NO DATA,NO DATA,NO DATA,NO DATA,NO DATA
3e9477f7-9e5c-4377-9960-347ab41e0b65,10,NO DATA,39.7,43.6,45.5,NO DATA,NO DATA,NO DATA,NO DATA,NO DATA,NO DATA,NO DATA,NO DATA,NO DATA
3eaade4d-fcfa-471b-86c3-d44b228246a6,10,38.6,43.0,41.6,38.3,38.2,39.1,33.8,29.3,23.5,NO DATA,NO DATA,NO DATA,NO DATA
3ec6e17e-bd09-40f0-a42c-98abcc1ac93b,10,30.7,29.7,32.6,NO DATA,NO DATA,NO DATA,NO DATA,NO DATA,NO DATA,NO DATA,NO DATA,NO DATA,NO DATA
3edba465-0d9c-45cf-8b0d-1f343741cd48,10,34.6,31.7,22.7,12.7,NO DATA,NO DATA,NO DATA,NO DATA,58.6,74.8,58.5,49.9,51.2
3f04a7d5-d926-4720-8ff9-b729acb47357,10,NO DATA,47.9,NO DATA,NO DATA,NO DATA,NO DATA,NO DATA,NO DATA,NO DATA,NO DATA,NO DATA,NO DATA,NO DATA
3f286a0f-4a4c-4f74-805e-1e0a60795780,10,42.0,41.5,NO DATA,NO DATA,NO DATA,43.6,NO DATA,NO DATA,NO DATA,NO DATA,NO DATA,NO DATA,NO DATA
3f432998-63fc-4d55-bc54-108dd34a1068,10,NO DATA,NO DATA,NO DATA,NO DATA,NO DATA,35.0,NO DATA,NO DATA,NO DATA,NO DATA,NO DATA,NO DATA,NO DATA
3f498e01-d314-4668-84ef-61f560e23d6a,10,NO DATA,NO DATA,NO DATA,NO DATA,NO DATA,NO DATA,NO DATA,NO DATA,NO DATA,40.2,NO DATA,NO DATA,NO DATA
3f4d65c4-9558-4547-b83d-5164e809d64c,6,15.4,NO DATA,NO DATA,NO DATA,NO DATA,NO DATA,NO DATA,NO DATA,NO DATA,NO DATA,NO DATA,NO DATA,NO DATA
3f4d65c4-9558-4547-b83d-5164e809d64c,8,27.1,32.7,31.6,27.9,28.0,29.5,24.7,20.9,19.8,35.8,32.3,NO DATA,NO DATA
3f4f36e8-dd88-49cd-be09-47ebbfd32101,10,37.7,41.4,38.6,NO DATA,NO DATA,NO DATA,NO DATA,NO DATA,NO DATA,NO DATA,NO DATA,NO DATA,NO DATA
3f5c93ec-253c-44bd-88ba-2feb3118bd4d,8,NO DATA,NO DATA,NO DATA,NO DATA,NO DATA,34.7,40.5,NO DATA,NO DATA,NO DATA,NO DATA,NO DATA,NO DATA
3f63bdf7-f41c-49e7-9ace-6841c215da3d,10,NO DATA,NO DATA,NO DATA,NO DATA,NO DATA,40.2,48.8,NO DATA,NO DATA,NO DATA,NO DATA,NO DATA,NO DATA
3f7b488c-8db4-4556-ae45-715c802f4e5b,10,27.6,22.6,20.9,11.3,8.5,38.8,35.6,31.6,29.5,27.1,NO DATA,8.4,7.4
3fc39360-c6a1-4f54-9941-c2f9eebc9858,10,31.1,34.7,30.7,NO DATA,NO DATA,NO DATA,NO DATA,NO DATA,NO DATA,NO DATA,NO DATA,NO DATA,NO DATA
3fe7e274-d3d4-4b87-b487-19a738aecfc2,10,NO DATA,NO DATA,NO DATA,NO DATA,NO DATA,NO DATA,NO DATA,NO DATA,43.5,NO DATA,NO DATA,NO DATA,NO DATA
3fe8816f-c00c-4beb-88bd-2710b0e64a30,10,30.5,35.1,33.4,30.6,30.3,26.7,28.0,23.0,14.5,NO DATA,NO DATA,NO DATA,NO DATA
3fed75a4-9f66-452c-b800-90ca69b0e9eb,10,26.8,31.5,34.2,31.9,29.4,26.7,27.4,22.8,24.8,17.8,NO DATA,NO DATA,NO DATA
3ff42b9e-80a2-4695-bfb5-519b4e0b959a,10,31.9,32.3,28.6,26.1,24.1,20.0,14.5,8.9,31.0,36.6,NO DATA,NO DATA,NO DATA
4005e704-1c69-4f67-8f6a-ccbe91914073,10,26.0,27.9,25.1,23.1,20.0,21.9,10.6,5.0,38.3,35.8,NO DATA,40.2,40.1
4009261e-1ee5-4a16-b1e9-197dd94df565,10,32.9,36.1,32.4,31.6,24.5,17.3,17.2,7.3,NO DATA,NO DATA,NO DATA,NO DATA,NO DATA
4036b75e-da58-4f09-b2e1-f46427fc55e0,10,NO DATA,NO DATA,NO DATA,NO DATA,NO DATA,NO DATA,40.1,37.2,NO DATA,NO DATA,NO DATA,NO DATA,NO DATA
40520a56-9587-41c7-b4b2-7cb349cd224c,10,36.7,28.6,33.8,NO DATA,NO DATA,NO DATA,NO DATA,NO DATA,NO DATA,NO DATA,NO DATA,NO DATA,NO DATA
4071178e-2b5c-484a-b3db-bff697a7fd48,10,29.7,30.9,25.2,19.3,12.2,8.4,NO DATA,NO DATA,NO DATA,NO DATA,NO DATA,NO DATA,NO DATA
407bc190-5d33-4c84-8eca-779afc71084c,10,NO DATA,NO DATA,NO DATA,NO DATA,44.6,41.7,44.5,42.1,NO DATA,NO DATA,NO DATA,NO DATA,NO DATA
40b73233-42a2-4be1-b61e-7bcf8c3155da,8,NO DATA,NO DATA,NO DATA,NO DATA,NO DATA,NO DATA,33.1,28.0,30.4,NO DATA,NO DATA,NO DATA,NO DATA
40c04ea6-cbdd-44e1-8dd7-35ef40e1165c,6,27.2,NO DATA,NO DATA,NO DATA,NO DATA,NO DATA,NO DATA,NO DATA,NO DATA,NO DATA,NO DATA,NO DATA,NO DATA
40ddfad1-0b23-47ed-8dda-ebfa15b9a968,8,NO DATA,NO DATA,NO DATA,NO DATA,NO DATA,NO DATA,NO DATA,NO DATA,28.9,31.7,NO DATA,NO DATA,NO DATA
40df3a41-e821-4a23-a2ed-eacd9a8dfd57,10,30.6,27.2,27.4,20.0,17.4,NO DATA,NO DATA,NO DATA,NO DATA,NO DATA,NO DATA,NO DATA,NO DATA
40ea3e3d-bed1-45a0-9c09-07f43d7fe192,10,20.5,26.7,30.9,NO DATA,NO DATA,19.2,NO DATA,NO DATA,NO DATA,NO DATA,NO DATA,NO DATA,NO DATA
40eb60ae-1969-4c7c-a8d5-26594e9b7d9a,10,34.8,33.4,34.0,29.1,NO DATA,32.9,NO DATA,NO DATA,NO DATA,NO DATA,NO DATA,NO DATA,NO DATA
40edf998-996b-4dbd-b5fc-aabd0abebdc0,6,NO DATA,NO DATA,NO DATA,NO DATA,NO DATA,NO DATA,NO DATA,NO DATA,NO DATA,NO DATA,33.0,27.1,27.8
40f10585-20fd-4459-a235-c9306e0600fd,10,NO DATA,NO DATA,NO DATA,NO DATA,NO DATA,NO DATA,NO DATA,NO DATA,45.2,48.0,NO DATA,39.1,49.8
40f96b6d-6417-4404-9444-044c54e82ba6,10,NO DATA,NO DATA,NO DATA,NO DATA,NO DATA,NO DATA,NO DATA,NO DATA,44.7,NO DATA,NO DATA,NO DATA,NO DATA
41293929-612a-42f6-b6db-adec352695dd,10,NO DATA,37.1,38.7,32.0,36.2,NO DATA,37.3,NO DATA,NO DATA,NO DATA,NO DATA,NO DATA,NO DATA
413daeeb-e36f-4414-b62b-8007abdb7f15,10,NO DATA,NO DATA,NO DATA,NO DATA,NO DATA,NO DATA,NO DATA,NO DATA,41.7,34.5,NO DATA,31.8,32.3
413f03fd-bd15-43b1-9cdd-38598de8f1aa,6,NO DATA,28.1,43.6,NO DATA,NO DATA,NO DATA,NO DATA,NO DATA,NO DATA,NO DATA,NO DATA,NO DATA,NO DATA
416bdab0-1d81-44e3-9fc4-844f052c46e3,10,NO DATA,NO DATA,36.3,32.1,NO DATA,33.3,27.4,29.1,28.5,NO DATA,NO DATA,NO DATA,NO DATA
417d1a59-8d33-40fe-ad2e-d2fcd1c80798,10,27.7,32.9,30.6,26.2,25.9,21.9,16.9,12.2,56.9,55.6,NO DATA,52.1,44.0
418978de-b921-4d08-9be1-6414166c5ceb,10,NO DATA,NO DATA,NO DATA,NO DATA,NO DATA,39.1,41.1,37.6,38.9,NO DATA,NO DATA,NO DATA,NO DATA
418f71e3-739f-4123-b068-e644f40152d6,8,NO DATA,NO DATA,NO DATA,NO DATA,NO DATA,NO DATA,NO DATA,NO DATA,39.5,NO DATA,NO DATA,NO DATA,NO DATA
41aa685e-a539-4482-a3c7-adf8f7f0cd21,8,NO DATA,NO DATA,NO DATA,NO DATA,NO DATA,NO DATA,36.1,33.7,32.1,26.8,22.8,24.1,25.0
41ad1f8b-8fa1-4c39-b319-818b85b8c8ad,10,NO DATA,41.0,46.3,38.3,36.8,37.8,31.9,25.0,21.6,NO DATA,36.1,NO DATA,NO DATA
41aeeb88-a7f9-4d48-844a-9e43090330d9,10,NO DATA,NO DATA,45.0,NO DATA,NO DATA,NO DATA,NO DATA,NO DATA,NO DATA,NO DATA,NO DATA,NO DATA,NO DATA
41b34490-6321-4216-90e5-19720e8fc9c8,10,29.9,31.4,NO DATA,NO DATA,NO DATA,NO DATA,NO DATA,NO DATA,NO DATA,NO DATA,NO DATA,NO DATA,NO DATA
41bc05d5-5c71-4200-a384-fe4f4a059685,10,NO DATA,38.9,NO DATA,NO DATA,NO DATA,NO DATA,NO DATA,NO DATA,NO DATA,NO DATA,NO DATA,NO DATA,NO DATA
41c17423-3d3b-47fe-a9ea-3df644775aae,10,NO DATA,NO DATA,38.6,36.0,35.1,36.6,34.7,31.2,26.4,NO DATA,NO DATA,NO DATA,NO DATA
41d4ad50-99e5-4d5e-842c-e89778ded8f9,10,NO DATA,NO DATA,27.5,31.1,NO DATA,NO DATA,NO DATA,NO DATA,NO DATA,NO DATA,NO DATA,NO DATA,NO DATA
41e17cca-f253-4473-8edf-b9e0aa1c15c1,10,29.9,29.2,NO DATA,NO DATA,NO DATA,NO DATA,NO DATA,NO DATA,NO DATA,NO DATA,NO DATA,NO DATA,NO DATA
41ed3567-200c-43c9-8601-e8d9977c3f8f,10,NO DATA,33.0,31.8,32.6,NO DATA,NO DATA,NO DATA,NO DATA,NO DATA,NO DATA,NO DATA,NO DATA,NO DATA
420c1692-4058-4578-818d-626dca94883c,10,NO DATA,NO DATA,34.2,33.5,NO DATA,NO DATA,28.7,22.0,16.2,10.8,NO DATA,NO DATA,NO DATA
4210e22a-b704-45cc-af28-cd26d80b9a27,10,32.0,26.5,NO DATA,NO DATA,NO DATA,NO DATA,33.6,NO DATA,NO DATA,NO DATA,NO DATA,NO DATA,NO DATA
4211280f-6e9c-4bfd-a34e-a2552db4e793,6,NO DATA,8.8,NO DATA,NO DATA,NO DATA,NO DATA,NO DATA,NO DATA,27.4,30.4,NO DATA,20.6,20.2
4219cbc0-5209-48cc-a5c8-3b6df04468ff,10,31.2,32.3,30.0,26.8,21.5,16.2,8.9,NO DATA,52.6,52.0,NO DATA,41.2,40.5
4235f9f2-e2b3-47e0-a67f-0009d85a4954,10,28.5,33.0,NO DATA,NO DATA,NO DATA,NO DATA,NO DATA,NO DATA,NO DATA,NO DATA,NO DATA,NO DATA,NO DATA
42514524-efd3-448b-aaa5-b9b221d1526a,10,32.9,32.0,NO DATA,NO DATA,NO DATA,NO DATA,NO DATA,NO DATA,NO DATA,NO DATA,NO DATA,NO DATA,NO DATA
4268308d-ade5-44af-8359-f8b97c71004e,10,NO DATA,44.8,NO DATA,NO DATA,NO DATA,NO DATA,NO DATA,NO DATA,NO DATA,54.7,NO DATA,NO DATA,NO DATA
429b3363-c6f3-40d0-97ab-3ba85b285642,8,NO DATA,NO DATA,NO DATA,NO DATA,NO DATA,36.3,32.2,28.8,24.7,NO DATA,NO DATA,NO DATA,NO DATA
429ed587-9602-4313-b512-289050784b3a,10,NO DATA,28.5,28.9,25.4,NO DATA,NO DATA,NO DATA,NO DATA,NO DATA,NO DATA,NO DATA,NO DATA,NO DATA
42bc2803-56de-4b77-bcd1-4755a1fd6cbe,10,28.3,32.2,31.3,28.9,30.5,30.0,32.2,32.9,36.4,NO DATA,NO DATA,20.8,22.2
42bdfca7-9888-43f8-993e-bc3f45d053d4,10,NO DATA,NO DATA,NO DATA,NO DATA,NO DATA,NO DATA,NO DATA,NO DATA,NO DATA,19.2,NO DATA,18.8,17.9
42c72183-ab67-4be7-85e5-be2f9aedd07c,10,18.4,NO DATA,NO DATA,NO DATA,NO DATA,NO DATA,NO DATA,NO DATA,NO DATA,NO DATA,NO DATA,34.5,NO DATA
42d617ab-e52f-4d10-a2b9-78d3107d18ca,10,39.4,40.7,40.6,37.7,35.2,NO DATA,NO DATA,NO DATA,NO DATA,NO DATA,NO DATA,NO DATA,NO DATA
433738d5-7f49-4d93-b34b-81f0e96ec939,10,14.6,NO DATA,NO DATA,NO DATA,NO DATA,NO DATA,NO DATA,NO DATA,NO DATA,57.4,NO DATA,NO DATA,NO DATA
4341a116-9eec-491b-bc70-dfaa1e027367,10,NO DATA,NO DATA,NO DATA,NO DATA,NO DATA,NO DATA,54.5,61.5,56.0,NO DATA,NO DATA,NO DATA,NO DATA
43467294-1d7d-4007-905f-50388715fb21,6,NO DATA,31.6,NO DATA,NO DATA,NO DATA,NO DATA,NO DATA,NO DATA,NO DATA,NO DATA,NO DATA,NO DATA,NO DATA
4385bf61-4a58-45e5-bb39-a92f5892b625,10,30.1,36.5,41.0,40.3,43.5,35.3,NO DATA,NO DATA,NO DATA,NO DATA,NO DATA,NO DATA,NO DATA
438925f4-b896-4006-960d-ab77a3d40704,10,22.6,24.4,19.2,NO DATA,NO DATA,NO DATA,NO DATA,NO DATA,NO DATA,NO DATA,NO DATA,NO DATA,NO DATA
4390a5c6-7bc8-423d-b5c5-6f827669c9e2,6,16.0,17.5,16.8,NO DATA,NO DATA,NO DATA,NO DATA,NO DATA,NO DATA,NO DATA,NO DATA,NO DATA,NO DATA
43917e5e-bca2-45d0-b1a9-d071ed359e4f,10,NO DATA,NO DATA,NO DATA,NO DATA,NO DATA,NO DATA,44.0,34.3,27.3,11.3,NO DATA,NO DATA,NO DATA
43e0c3ff-2559-4bf5-bd81-a0835cdf5cd6,10,26.5,31.5,NO DATA,NO DATA,NO DATA,38.4,NO DATA,NO DATA,NO DATA,NO DATA,NO DATA,NO DATA,NO DATA
43ed42eb-5ca9-41cd-b9eb-404e3fdc41f4,10,28.7,35.6,NO DATA,NO DATA,NO DATA,NO DATA,NO DATA,NO DATA,NO DATA,NO DATA,NO DATA,NO DATA,NO DATA
4407fe93-4c21-4582-8448-1b9f26239a38,10,NO DATA,NO DATA,NO DATA,NO DATA,NO DATA,NO DATA,NO DATA,NO DATA,NO DATA,NO DATA,NO DATA,39.8,40.3
44181493-e25b-436a-9cb4-2c810be4c6eb,10,NO DATA,NO DATA,NO DATA,NO DATA,NO DATA,NO DATA,NO DATA,NO DATA,53.1,51.2,NO DATA,NO DATA,NO DATA
442092c3-fda4-4690-beeb-ba485d1f3454,8,NO DATA,NO DATA,NO DATA,NO DATA,NO DATA,35.7,37.2,30.7,NO DATA,NO DATA,NO DATA,NO DATA,NO DATA
4426f499-0785-4e9b-98f4-2380c314128f,6,NO DATA,24.7,20.0,17.0,16.3,NO DATA,NO DATA,NO DATA,NO DATA,NO DATA,NO DATA,NO DATA,NO DATA
44530ba0-f3fc-4a10-8646-8c658277bd8f,10,NO DATA,NO DATA,39.0,37.4,NO DATA,NO DATA,NO DATA,NO DATA,NO DATA,NO DATA,NO DATA,NO DATA,NO DATA
445d5a6b-54ad-4dce-b590-346ef7962f8e,10,NO DATA,NO DATA,41.9,NO DATA,NO DATA,NO DATA,NO DATA,NO DATA,NO DATA,NO DATA,NO DATA,NO DATA,NO DATA
4477fbe3-c9eb-47da-85ee-1fd35420477d,10,33.4,35.7,34.6,32.2,NO DATA,27.9,NO DATA,NO DATA,NO DATA,NO DATA,NO DATA,NO DATA,NO DATA
449f26d2-d9ee-404a-8b5d-b168d4bc8362,10,NO DATA,NO DATA,NO DATA,NO DATA,49.6,45.1,NO DATA,52.6,49.3,NO DATA,NO DATA,NO DATA,NO DATA
44bab634-2c0f-4e83-a243-5ebac96efb1d,10,24.3,NO DATA,NO DATA,NO DATA,NO DATA,NO DATA,NO DATA,NO DATA,NO DATA,NO DATA,NO DATA,NO DATA,NO DATA
44e86614-bba2-436d-adc4-4a11aebedb25,8,NO DATA,NO DATA,NO DATA,NO DATA,NO DATA,NO DATA,34.4,30.1,25.5,41.3,NO DATA,NO DATA,NO DATA
44fb41b7-400c-4d94-99a5-3105a453d6ed,10,20.4,15.4,17.4,NO DATA,NO DATA,38.1,40.2,NO DATA,NO DATA,NO DATA,NO DATA,NO DATA,NO DATA
44fbe6b1-5d6e-444f-aee0-eaed6e39ac35,10,NO DATA,37.0,39.8,NO DATA,NO DATA,NO DATA,NO DATA,NO DATA,NO DATA,NO DATA,NO DATA,NO DATA,NO DATA
44ff2106-b073-47bc-97c0-20907cd149b3,10,NO DATA,58.1,NO DATA,NO DATA,NO DATA,NO DATA,NO DATA,NO DATA,NO DATA,NO DATA,NO DATA,NO DATA,NO DATA
451bb820-c72c-4204-8768-e92f76a7cda7,6,21.5,23.3,21.2,NO DATA,34.1,22.8,NO DATA,NO DATA,NO DATA,NO DATA,NO DATA,NO DATA,NO DATA
451bb820-c72c-4204-8768-e92f76a7cda7,10,NO DATA,NO DATA,NO DATA,NO DATA,NO DATA,NO DATA,NO DATA,NO DATA,38.9,NO DATA,NO DATA,NO DATA,NO DATA
451dee5d-2757-472a-96d8-dff20ae3e2ff,10,30.8,33.4,NO DATA,NO DATA,33.2,32.3,30.8,28.1,26.2,23.3,NO DATA,NO DATA,NO DATA
45250d84-32e0-4734-848f-738ac62f8dda,10,32.8,NO DATA,NO DATA,NO DATA,NO DATA,NO DATA,NO DATA,NO DATA,NO DATA,NO DATA,NO DATA,NO DATA,NO DATA
452dd9ff-7b84-4278-b038-fa6143084559,10,17.1,NO DATA,NO DATA,NO DATA,NO DATA,NO DATA,NO DATA,NO DATA,NO DATA,NO DATA,NO DATA,NO DATA,NO DATA
453a3507-c6bc-4fe7-bbbf-6df3fc9af8ef,8,NO DATA,NO DATA,NO DATA,NO DATA,NO DATA,NO DATA,NO DATA,NO DATA,NO DATA,46.2,NO DATA,NO DATA,NO DATA
453bf434-0740-44b5-acf1-2bf630ee7b09,10,NO DATA,NO DATA,NO DATA,NO DATA,NO DATA,NO DATA,NO DATA,NO DATA,NO DATA,48.2,26.5,36.5,34.8
4540a2d8-6f41-4340-91ed-dac7ec8ec0da,8,NO DATA,NO DATA,NO DATA,NO DATA,NO DATA,NO DATA,33.9,15.7,33.2,34.1,NO DATA,NO DATA,NO DATA
455d155a-2867-438d-8d0e-0e24c842a3ce,10,37.8,34.8,NO DATA,NO DATA,NO DATA,NO DATA,NO DATA,NO DATA,NO DATA,NO DATA,NO DATA,NO DATA,NO DATA
45873afe-4136-41ee-acb4-71e14e29ba62,10,31.8,35.9,31.3,33.3,NO DATA,30.9,33.6,27.0,NO DATA,NO DATA,NO DATA,NO DATA,NO DATA
45aa69ea-74db-4794-b472-2d007b88ea1b,8,NO DATA,NO DATA,NO DATA,NO DATA,NO DATA,NO DATA,NO DATA,NO DATA,39.1,38.1,NO DATA,NO DATA,NO DATA
45b73fe9-46df-426d-87dd-643b76f77f82,10,41.1,NO DATA,NO DATA,NO DATA,NO DATA,NO DATA,NO DATA,NO DATA,NO DATA,NO DATA,NO DATA,NO DATA,NO DATA
45c517f8-9641-4d77-b817-07a23ee37919,10,NO DATA,NO DATA,32.9,30.0,27.3,31.9,31.9,31.2,26.8,24.2,NO DATA,15.7,15.0
462ac03e-ad61-4052-b579-7fa7ca794633,10,NO DATA,39.1,34.3,NO DATA,NO DATA,41.8,49.0,NO DATA,NO DATA,NO DATA,NO DATA,NO DATA,NO DATA
462b5246-0dd2-4bb3-b2ba-9d679a83c00e,8,NO DATA,NO DATA,NO DATA,NO DATA,NO DATA,NO DATA,NO DATA,39.6,44.1,NO DATA,NO DATA,NO DATA,NO DATA
463bc0e3-b8d9-465f-98af-fd68860c58c1,8,NO DATA,NO DATA,NO DATA,NO DATA,NO DATA,NO DATA,NO DATA,32.8,34.2,NO DATA,NO DATA,NO DATA,NO DATA
463c3e52-063b-4d68-88d7-2209161dccff,10,30.7,NO DATA,NO DATA,NO DATA,NO DATA,NO DATA,NO DATA,NO DATA,NO DATA,NO DATA,NO DATA,NO DATA,NO DATA
464cd87b-a1fc-45fc-9351-3922e62ea574,10,33.8,36.3,33.2,30.4,28.3,31.4,27.1,24.1,12.9,41.6,NO DATA,30.8,29.1
465391fd-d6b3-4d33-b1e4-11fa47f9faa3,12,NO DATA,NO DATA,NO DATA,NO DATA,NO DATA,NO DATA,NO DATA,66.0,48.9,NO DATA,NO DATA,NO DATA,NO DATA
4662db43-8232-4a19-81e1-5a1bcc7286e5,10,NO DATA,NO DATA,42.6,NO DATA,NO DATA,NO DATA,NO DATA,NO DATA,NO DATA,NO DATA,NO DATA,NO DATA,NO DATA
46998046-bed7-4086-bdf7-3af1cd87ed3e,10,NO DATA,NO DATA,36.5,33.4,NO DATA,NO DATA,NO DATA,NO DATA,NO DATA,NO DATA,NO DATA,NO DATA,NO DATA
46c8ffa2-9aa0-4f94-90ca-7920691b2eca,10,NO DATA,NO DATA,NO DATA,NO DATA,40.8,36.9,NO DATA,37.8,NO DATA,NO DATA,NO DATA,NO DATA,NO DATA
46d4636a-e77b-494d-b5fa-6ba693dd8675,10,28.4,29.6,26.0,24.8,NO DATA,27.3,25.8,23.8,17.5,10.9,NO DATA,NO DATA,NO DATA
46da802d-4397-4e46-bc5a-4df7da1b1fa7,10,NO DATA,NO DATA,40.9,43.8,37.3,42.8,NO DATA,NO DATA,NO DATA,NO DATA,NO DATA,NO DATA,NO DATA
46e2a7e7-ada7-4304-a758-30a3dc5005ee,8,NO DATA,NO DATA,NO DATA,NO DATA,NO DATA,NO DATA,NO DATA,NO DATA,NO DATA,28.1,30.9,23.3,22.2
46f4a757-637a-4c9c-a94c-1f5010de5e1f,12,NO DATA,42.5,55.1,NO DATA,NO DATA,37.9,NO DATA,NO DATA,NO DATA,NO DATA,NO DATA,NO DATA,NO DATA
472053ef-d078-44fc-a5ac-61615c4827f2,10,NO DATA,34.2,33.0,NO DATA,32.4,30.1,NO DATA,NO DATA,30.2,17.7,NO DATA,NO DATA,NO DATA
472b2176-b43f-467c-96bb-ff921b5dd3e7,12,NO DATA,NO DATA,NO DATA,NO DATA,NO DATA,NO DATA,NO DATA,NO DATA,41.9,41.0,NO DATA,28.9,29.2
472bbdd6-3ad0-457e-94bc-1e3371b87e51,10,NO DATA,NO DATA,NO DATA,NO DATA,36.3,NO DATA,NO DATA,NO DATA,NO DATA,NO DATA,NO DATA,NO DATA,NO DATA
473051f0-a2f5-4f0a-b270-ff4d3da0a81c,10,NO DATA,NO DATA,48.1,NO DATA,NO DATA,NO DATA,NO DATA,NO DATA,NO DATA,NO DATA,NO DATA,NO DATA,NO DATA
4732c5b0-f028-4153-8ffb-d8e4166efd5f,10,NO DATA,28.4,28.6,25.7,25.3,22.2,20.1,14.5,6.5,NO DATA,NO DATA,NO DATA,NO DATA
47446a9d-935b-4f99-9b84-6ad2da8581b8,6,NO DATA,4.9,NO DATA,NO DATA,NO DATA,NO DATA,NO DATA,NO DATA,NO DATA,NO DATA,NO DATA,NO DATA,NO DATA
474faabf-86f0-41cc-af1b-9b2990aa00f4,8,NO DATA,NO DATA,NO DATA,NO DATA,NO DATA,NO DATA,33.4,30.0,28.6,25.9,22.3,11.5,NO DATA
47657535-9bc8-461c-b876-8992d2cb84b4,10,29.0,28.7,28.4,23.7,18.4,19.6,23.4,NO DATA,NO DATA,NO DATA,NO DATA,NO DATA,NO DATA
4766eafc-eedf-4394-a0f8-5884dc38cfda,10,31.7,36.5,NO DATA,NO DATA,NO DATA,NO DATA,NO DATA,NO DATA,NO DATA,NO DATA,NO DATA,NO DATA,NO DATA
478a0fb9-0118-44d7-8341-f8ce8ac12c3d,6,NO DATA,NO DATA,32.6,NO DATA,NO DATA,NO DATA,NO DATA,NO DATA,NO DATA,NO DATA,NO DATA,NO DATA,NO DATA
479a59b0-2386-48be-a6d8-9a2ed157fcd6,10,27.3,30.9,28.7,23.2,12.9,6.8,6.0,NO DATA,NO DATA,NO DATA,NO DATA,NO DATA,NO DATA
47adfb40-7924-4834-b56e-ef3069264b7e,10,NO DATA,33.1,31.5,27.5,26.1,22.4,18.1,12.0,27.7,32.9,NO DATA,29.2,28.7
47b539c9-d6d5-46e7-9537-8350be277660,6,15.4,20.7,NO DATA,NO DATA,NO DATA,NO DATA,NO DATA,NO DATA,12.6,NO DATA,NO DATA,NO DATA,NO DATA
47c144d5-f816-40f4-986b-b50f0d98c630,10,27.3,30.1,NO DATA,NO DATA,NO DATA,NO DATA,NO DATA,NO DATA,NO DATA,NO DATA,NO DATA,NO DATA,NO DATA
47ddeacc-66d8-4411-8f25-e30143b30f47,10,32.3,34.4,30.9,27.0,25.6,25.1,13.9,NO DATA,NO DATA,NO DATA,NO DATA,NO DATA,NO DATA
48192cb7-da51-4f81-8bbe-d93392d7d769,10,NO DATA,NO DATA,NO DATA,NO DATA,NO DATA,NO DATA,NO DATA,58.6,39.7,70.3,NO DATA,NO DATA,NO DATA
4821cc55-66d2-49af-9eb9-e584e9645a14,10,NO DATA,29.7,NO DATA,NO DATA,NO DATA,NO DATA,NO DATA,NO DATA,NO DATA,NO DATA,NO DATA,NO DATA,NO DATA
4826ea92-17ac-4e3c-8423-2ce55e62aec6,10,28.7,29.7,NO DATA,NO DATA,NO DATA,NO DATA,NO DATA,NO DATA,NO DATA,NO DATA,NO DATA,NO DATA,NO DATA
485453c5-8522-48df-ab18-89c78baa3632,10,34.2,NO DATA,NO DATA,NO DATA,NO DATA,NO DATA,NO DATA,NO DATA,NO DATA,NO DATA,NO DATA,NO DATA,NO DATA
48848b1c-e688-4bb7-bae8-9da74a9e86f7,8,NO DATA,NO DATA,NO DATA,NO DATA,NO DATA,NO DATA,NO DATA,41.5,45.1,68.6,NO DATA,NO DATA,NO DATA
488ea218-200e-4b2b-b754-7adcf27e439e,8,NO DATA,NO DATA,NO DATA,NO DATA,NO DATA,NO DATA,NO DATA,42.1,45.2,47.3,NO DATA,49.5,39.3
48b54e84-30b9-49e3-bc78-7dd3d43bf738,10,NO DATA,NO DATA,30.2,25.8,24.0,27.9,22.9,18.4,16.9,NO DATA,NO DATA,NO DATA,NO DATA
48c55c3e-d644-4776-b4f9-c201daea79ad,6,NO DATA,25.4,NO DATA,NO DATA,32.7,26.7,NO DATA,NO DATA,31.4,NO DATA,NO DATA,NO DATA,NO DATA
48e2add6-0b16-4829-b12b-fecaaf805bf8,10,NO DATA,37.9,NO DATA,NO DATA,NO DATA,NO DATA,NO DATA,NO DATA,NO DATA,NO DATA,NO DATA,NO DATA,NO DATA
48e68778-b824-4233-825f-2a15d1466d59,6,15.9,NO DATA,NO DATA,NO DATA,NO DATA,NO DATA,NO DATA,NO DATA,NO DATA,NO DATA,NO DATA,NO DATA,NO DATA
48f43817-d82f-4b1b-b7f4-20a520a33fa5,10,NO DATA,NO DATA,NO DATA,NO DATA,NO DATA,NO DATA,NO DATA,NO DATA,37.4,40.6,NO DATA,33.3,31.0
490e8da1-e431-4f27-b5d3-5b0f7769e7e6,10,NO DATA,37.0,NO DATA,NO DATA,NO DATA,NO DATA,NO DATA,NO DATA,NO DATA,NO DATA,NO DATA,NO DATA,NO DATA
4947b3b7-6bf4-4cf9-a86a-d6ca714a8ce1,6,20.5,24.7,NO DATA,NO DATA,NO DATA,NO DATA,NO DATA,NO DATA,NO DATA,NO DATA,NO DATA,NO DATA,NO DATA
49a01de9-b61d-4cd6-b531-d797329eb451,12,NO DATA,NO DATA,NO DATA,NO DATA,NO DATA,NO DATA,39.3,54.3,48.2,NO DATA,NO DATA,22.8,22.6
49b9bd90-ce1d-4385-94bf-859c17346c3d,10,29.6,29.7,NO DATA,NO DATA,NO DATA,NO DATA,NO DATA,NO DATA,NO DATA,NO DATA,NO DATA,NO DATA,NO DATA
49ddfd16-af8d-470c-bf36-1ac3eab2ce53,8,NO DATA,NO DATA,NO DATA,NO DATA,NO DATA,NO DATA,39.1,40.3,36.0,34.6,NO DATA,NO DATA,NO DATA
49e68b80-f620-42bc-87f6-ef1fb22ce014,8,NO DATA,NO DATA,NO DATA,NO DATA,NO DATA,NO DATA,35.0,31.6,26.6,23.1,NO DATA,NO DATA,NO DATA
49e708f0-09cf-44b1-bef7-5d351da97217,10,30.8,25.5,26.4,31.7,13.9,15.2,64.9,25.1,NO DATA,NO DATA,NO DATA,NO DATA,NO DATA
49ef31a4-42b8-480d-b612-16b5df93232a,10,NO DATA,NO DATA,NO DATA,NO DATA,NO DATA,NO DATA,NO DATA,NO DATA,41.7,40.1,NO DATA,NO DATA,NO DATA
49ef59ec-457d-4abc-895e-53fed3ef8482,10,31.2,34.1,31.9,26.0,27.7,35.7,35.7,31.6,30.2,23.8,NO DATA,NO DATA,NO DATA
4a004e7c-7dea-4fa4-9299-ff300a95dff9,10,31.6,35.9,30.4,32.1,NO DATA,NO DATA,NO DATA,NO DATA,NO DATA,NO DATA,NO DATA,NO DATA,NO DATA
4a0819c7-d912-42ea-918d-a6833afc177e,10,26.8,20.9,20.0,16.8,NO DATA,NO DATA,NO DATA,NO DATA,35.8,25.5,NO DATA,34.9,34.4
4a3a2304-ff50-4f67-90fb-e90123216623,10,27.7,NO DATA,NO DATA,NO DATA,NO DATA,NO DATA,NO DATA,NO DATA,NO DATA,NO DATA,NO DATA,NO DATA,NO DATA
4a3d85e1-4b6d-4cf1-806b-9775ff754553,10,35.2,38.4,35.0,31.1,26.2,22.5,18.5,NO DATA,44.8,38.6,31.0,30.2,31.0
4a4125b2-ffa7-491e-95d7-8b2ae4427316,10,NO DATA,NO DATA,34.0,29.5,NO DATA,NO DATA,NO DATA,NO DATA,NO DATA,NO DATA,NO DATA,NO DATA,NO DATA
4a503df6-5910-41cc-be5d-dc45ab6066e6,10,NO DATA,NO DATA,NO DATA,NO DATA,NO DATA,NO DATA,NO DATA,NO DATA,36.8,35.0,NO DATA,27.7,28.7
4a6234e9-cf57-4d8c-8a1a-064d5ab78e47,10,28.5,37.7,NO DATA,NO DATA,NO DATA,NO DATA,NO DATA,NO DATA,NO DATA,NO DATA,NO DATA,NO DATA,NO DATA
4a74de69-1afb-4e59-92b4-8fe3ff698357,6,NO DATA,32.0,28.8,NO DATA,NO DATA,NO DATA,NO DATA,NO DATA,NO DATA,NO DATA,NO DATA,NO DATA,NO DATA
4ac8e20f-e18a-401a-97cd-6c77e29c7d61,10,NO DATA,NO DATA,NO DATA,NO DATA,NO DATA,NO DATA,32.7,NO DATA,NO DATA,NO DATA,NO DATA,NO DATA,NO DATA
4ad1015b-ea15-4430-aef1-76893585b2eb,10,NO DATA,44.4,NO DATA,NO DATA,NO DATA,NO DATA,NO DATA,NO DATA,NO DATA,NO DATA,NO DATA,NO DATA,NO DATA
4af9386f-a5de-410f-b1d5-10959d41dfab,10,33.5,42.8,50.4,39.8,39.6,38.0,35.7,NO DATA,NO DATA,NO DATA,NO DATA,NO DATA,NO DATA
4b0413f1-6773-46cd-903f-b211b72ef23a,8,NO DATA,29.8,26.7,26.2,NO DATA,18.9,NO DATA,NO DATA,32.4,26.8,7.4,13.6,14.7
4b08293e-cb1f-4239-891e-cd0e44ed9463,10,30.3,30.1,NO DATA,NO DATA,NO DATA,NO DATA,NO DATA,NO DATA,NO DATA,NO DATA,NO DATA,NO DATA,NO DATA
4b0b4a85-d8f0-4688-842a-d1375cefc7a3,8,NO DATA,NO DATA,NO DATA,NO DATA,NO DATA,NO DATA,38.6,36.0,30.4,NO DATA,NO DATA,NO DATA,NO DATA
4b1670ac-8639-4d40-a166-3aa4825da872,8,NO DATA,NO DATA,NO DATA,NO DATA,NO DATA,NO DATA,40.8,NO DATA,NO DATA,NO DATA,NO DATA,NO DATA,NO DATA
4b38c0f9-20ad-4fed-a593-14e5ccaf5b8f,10,NO DATA,NO DATA,NO DATA,NO DATA,NO DATA,NO DATA,NO DATA,NO DATA,NO DATA,NO DATA,36.2,40.0,39.4
4b47545a-ca8b-4b28-b31d-8ec23ad97d2a,8,NO DATA,NO DATA,NO DATA,NO DATA,NO DATA,NO DATA,39.1,37.6,34.4,29.6,NO DATA,16.8,12.6
4b7459e7-f782-4f30-a5cb-ebd2a3ff981f,10,27.4,NO DATA,NO DATA,NO DATA,NO DATA,NO DATA,NO DATA,NO DATA,NO DATA,NO DATA,NO DATA,NO DATA,NO DATA
4b838034-9305-4c29-9fd5-90cd4c1181b0,10,34.6,37.5,NO DATA,NO DATA,NO DATA,NO DATA,NO DATA,NO DATA,NO DATA,NO DATA,NO DATA,NO DATA,NO DATA
4b9589f4-c250-45bf-9e7e-2b19db7caa32,10,NO DATA,35.6,33.8,32.8,32.0,29.8,NO DATA,NO DATA,NO DATA,NO DATA,NO DATA,NO DATA,NO DATA
4b977a35-5ad1-4a35-afbb-5deec510bc5d,10,26.8,33.1,30.7,29.4,27.6,25.7,18.0,NO DATA,37.3,25.0,NO DATA,NO DATA,NO DATA
4ba7aa73-6fbe-4f9b-9a03-5dcb15d24e59,10,NO DATA,48.0,48.1,47.3,NO DATA,NO DATA,NO DATA,NO DATA,NO DATA,NO DATA,NO DATA,NO DATA,NO DATA
4baa4de9-3ff1-441f-924d-149ed82a0795,10,NO DATA,NO DATA,41.8,32.3,34.5,32.1,26.0,20.4,31.7,44.5,NO DATA,34.6,35.5
4bb0261c-ebaf-43e9-a371-3d48c863eb40,8,NO DATA,NO DATA,NO DATA,NO DATA,NO DATA,NO DATA,NO DATA,39.7,37.0,NO DATA,NO DATA,33.1,36.2
4bb038d3-46e4-45dc-bd1e-0c3f3779fa7c,10,NO DATA,36.9,36.2,32.8,32.1,31.9,35.6,33.4,32.3,31.0,26.5,26.2,26.1
4bc7aed0-7941-4557-acf9-4d8c508c6c0b,10,31.4,34.1,27.1,21.2,12.9,8.0,NO DATA,NO DATA,NO DATA,NO DATA,NO DATA,NO DATA,NO DATA
4be884c5-e98f-493e-93e5-8fa284b7de60,12,NO DATA,NO DATA,NO DATA,NO DATA,NO DATA,NO DATA,NO DATA,NO DATA,NO DATA,NO DATA,NO DATA,38.9,36.5
4beff8ac-ca02-470e-bcc5-dd7dc098d4fd,10,NO DATA,38.0,36.7,33.3,NO DATA,NO DATA,NO DATA,NO DATA,40.1,NO DATA,NO DATA,NO DATA,NO DATA
4bf65c02-1157-4a47-b28d-72a3ad742a19,10,28.1,27.6,NO DATA,NO DATA,NO DATA,NO DATA,NO DATA,NO DATA,NO DATA,NO DATA,NO DATA,NO DATA,NO DATA
4c048eb8-294d-4a25-b028-ad3b8dbd7db0,10,28.4,29.8,31.3,29.4,30.5,28.8,NO DATA,NO DATA,NO DATA,NO DATA,NO DATA,NO DATA,NO DATA
4c2cb2ba-690e-4d8a-a0cd-49d7c98cea23,12,NO DATA,NO DATA,NO DATA,NO DATA,NO DATA,NO DATA,NO DATA,NO DATA,53.4,38.4,NO DATA,40.0,39.3
4c2fa0eb-2480-41e2-a7aa-c1ed039ad975,6,NO DATA,32.5,NO DATA,NO DATA,NO DATA,NO DATA,NO DATA,NO DATA,NO DATA,NO DATA,NO DATA,NO DATA,NO DATA
4c44f679-a8bf-49ea-b91a-2827317a87cf,10,NO DATA,21.9,NO DATA,NO DATA,NO DATA,NO DATA,NO DATA,NO DATA,NO DATA,NO DATA,NO DATA,NO DATA,NO DATA
4c693d8f-0a9f-43a7-a9e2-66a05fa89316,8,NO DATA,NO DATA,NO DATA,NO DATA,NO DATA,NO DATA,NO DATA,40.3,NO DATA,NO DATA,NO DATA,NO DATA,NO DATA
4c74f7d3-57b5-4989-8710-d60c45ca4811,10,34.1,25.3,NO DATA,NO DATA,NO DATA,NO DATA,NO DATA,NO DATA,NO DATA,NO DATA,NO DATA,NO DATA,NO DATA
4c876483-727d-42af-b7e5-9029d33f1eb6,8,NO DATA,NO DATA,NO DATA,NO DATA,NO DATA,NO DATA,NO DATA,31.1,33.8,31.9,NO DATA,NO DATA,NO DATA
4c876483-727d-42af-b7e5-9029d33f1eb6,10,NO DATA,35.4,33.7,29.9,28.0,24.0,23.3,19.1,NO DATA,10.0,NO DATA,35.4,34.3
4cc178db-f7e7-4a0e-a4a4-319d043966b2,10,23.5,25.7,21.0,14.5,13.6,9.2,NO DATA,NO DATA,38.3,23.2,NO DATA,28.7,26.1
4cca7f84-10a4-4bb0-acfd-4f8b9c4fbbdd,12,NO DATA,NO DATA,NO DATA,NO DATA,NO DATA,NO DATA,NO DATA,NO DATA,49.0,60.6,NO DATA,14.3,NO DATA
4d016133-bf70-4b86-ad68-adb54b3750f1,10,NO DATA,NO DATA,50.9,NO DATA,NO DATA,NO DATA,NO DATA,NO DATA,NO DATA,NO DATA,NO DATA,NO DATA,NO DATA
4d05bd83-8739-498c-a400-9d65fc29eacb,10,33.4,39.9,NO DATA,NO DATA,NO DATA,NO DATA,NO DATA,NO DATA,NO DATA,NO DATA,NO DATA,NO DATA,NO DATA
4d25b9e1-c011-4ecf-bd71-a32ee255f764,10,33.9,NO DATA,33.8,NO DATA,NO DATA,NO DATA,NO DATA,NO DATA,NO DATA,NO DATA,NO DATA,NO DATA,NO DATA
4d30567a-4746-40f6-bca4-06cc322aa53e,6,NO DATA,29.8,22.9,NO DATA,NO DATA,NO DATA,NO DATA,NO DATA,NO DATA,NO DATA,NO DATA,NO DATA,NO DATA
4d31e563-3463-4d61-90c0-3a5c730d2e3b,10,28.0,16.8,NO DATA,NO DATA,NO DATA,NO DATA,NO DATA,NO DATA,NO DATA,NO DATA,NO DATA,NO DATA,NO DATA
4d3c878d-0215-4aa3-98db-f75a6cf36e7a,10,34.3,36.4,NO DATA,NO DATA,NO DATA,NO DATA,NO DATA,NO DATA,NO DATA,NO DATA,NO DATA,NO DATA,NO DATA
4d59a1f8-7f78-4cbe-b80e-ae0981044364,10,NO DATA,36.3,25.5,31.9,23.9,NO DATA,NO DATA,NO DATA,NO DATA,NO DATA,NO DATA,NO DATA,NO DATA
4d5e97c6-94cd-4ded-812f-855fdc9262a4,12,NO DATA,NO DATA,NO DATA,NO DATA,NO DATA,NO DATA,NO DATA,NO DATA,42.0,41.7,NO DATA,NO DATA,NO DATA
4d613699-f382-4b67-9c86-6aa537b62b7e,6,18.5,18.2,NO DATA,NO DATA,NO DATA,NO DATA,NO DATA,NO DATA,NO DATA,NO DATA,NO DATA,NO DATA,NO DATA
4d911b4b-2e96-491a-875d-90c928f23181,10,34.2,41.3,38.4,48.7,48.7,39.8,42.3,NO DATA,NO DATA,NO DATA,NO DATA,43.3,43.3
4dc90ddd-cd20-41c2-ae86-fc9820a61017,8,NO DATA,NO DATA,NO DATA,NO DATA,NO DATA,NO DATA,36.1,33.7,31.8,30.9,29.6,24.4,22.2
4ddb81b8-e0eb-4e4c-a71a-81e205ea0d76,10,32.6,NO DATA,NO DATA,NO DATA,NO DATA,NO DATA,NO DATA,NO DATA,NO DATA,NO DATA,NO DATA,NO DATA,NO DATA
4e251402-3a8f-4050-8575-d05e34f3a3c6,6,22.6,NO DATA,NO DATA,NO DATA,NO DATA,NO DATA,NO DATA,NO DATA,NO DATA,NO DATA,NO DATA,NO DATA,NO DATA
4e42faea-385b-497f-abca-6541fda0734d,10,32.0,26.9,NO DATA,NO DATA,24.7,48.5,NO DATA,NO DATA,42.4,NO DATA,NO DATA,NO DATA,NO DATA
4e5bc705-3e06-44f0-8558-c321fabb49f2,10,32.8,36.1,30.2,NO DATA,NO DATA,NO DATA,NO DATA,NO DATA,NO DATA,NO DATA,NO DATA,NO DATA,NO DATA
4e779951-85fe-4397-84df-6e489a379404,10,NO DATA,33.7,32.2,28.9,NO DATA,NO DATA,NO DATA,NO DATA,NO DATA,NO DATA,NO DATA,NO DATA,NO DATA
4e7ee51d-5646-4e5b-8020-95a2b72fd89c,10,NO DATA,NO DATA,NO DATA,35.7,NO DATA,NO DATA,NO DATA,NO DATA,NO DATA,NO DATA,NO DATA,NO DATA,NO DATA
4e88c345-a0a7-4d2d-9ac1-e61560442482,10,NO DATA,NO DATA,NO DATA,NO DATA,NO DATA,NO DATA,NO DATA,NO DATA,43.7,NO DATA,NO DATA,NO DATA,NO DATA
4ea20deb-c28a-4f3e-ba8f-1f638e0c7461,10,24.4,38.4,NO DATA,NO DATA,35.9,28.5,32.4,NO DATA,NO DATA,NO DATA,NO DATA,42.4,NO DATA
4ec09814-aba5-4fb3-a471-aa247ed9c2f3,8,NO DATA,NO DATA,NO DATA,NO DATA,NO DATA,NO DATA,20.5,14.5,NO DATA,NO DATA,NO DATA,NO DATA,NO DATA
4ec09814-aba5-4fb3-a471-aa247ed9c2f3,10,NO DATA,NO DATA,NO DATA,NO DATA,NO DATA,NO DATA,NO DATA,NO DATA,36.7,29.2,NO DATA,NO DATA,NO DATA
4eef16c4-1afb-44dd-9584-b79fcf3636b1,10,26.1,22.8,17.8,NO DATA,NO DATA,NO DATA,NO DATA,NO DATA,NO DATA,NO DATA,NO DATA,NO DATA,NO DATA
4ef41ba9-820a-4600-b6a0-ff4c8781580e,8,NO DATA,NO DATA,NO DATA,NO DATA,NO DATA,NO DATA,NO DATA,34.3,32.6,NO DATA,NO DATA,NO DATA,NO DATA
4ef4e21a-b67d-4377-b8e8-7d15d84bb454,10,32.3,33.2,31.8,30.5,29.7,NO DATA,NO DATA,NO DATA,NO DATA,NO DATA,NO DATA,NO DATA,NO DATA
4eff9da5-8852-48f8-8ef7-47614efa307a,10,37.0,33.9,NO DATA,NO DATA,38.1,40.7,NO DATA,42.5,NO DATA,NO DATA,NO DATA,NO DATA,NO DATA
4f0420fe-1922-4635-93e9-b064d3d20e45,8,NO DATA,NO DATA,32.0,1.7,NO DATA,NO DATA,NO DATA,NO DATA,NO DATA,NO DATA,NO DATA,NO DATA,NO DATA
4f1bb8ae-7d54-40bb-aac9-2970f212cb63,10,NO DATA,NO DATA,44.8,44.5,NO DATA,NO DATA,NO DATA,NO DATA,NO DATA,NO DATA,NO DATA,NO DATA,NO DATA
4f6b0d6d-5625-473b-b3e2-603584f28503,10,33.9,41.0,NO DATA,40.0,42.8,NO DATA,NO DATA,NO DATA,NO DATA,NO DATA,NO DATA,NO DATA,NO DATA
4f8abbe1-4377-4760-95cc-7a0648788830,10,28.3,27.0,18.1,24.1,NO DATA,NO DATA,NO DATA,NO DATA,41.1,41.9,NO DATA,NO DATA,NO DATA
4f93fe46-ee25-4918-be04-9ab065a76ce9,10,NO DATA,NO DATA,NO DATA,NO DATA,NO DATA,NO DATA,NO DATA,NO DATA,40.7,NO DATA,NO DATA,NO DATA,NO DATA
4f978969-fe43-473c-a15b-7ddd0da506eb,10,26.7,30.2,33.1,38.3,NO DATA,36.0,NO DATA,NO DATA,NO DATA,NO DATA,NO DATA,NO DATA,NO DATA
4fa3d753-e425-41b9-9683-b40a659893c2,10,NO DATA,NO DATA,39.0,35.1,NO DATA,NO DATA,41.1,NO DATA,NO DATA,NO DATA,NO DATA,NO DATA,NO DATA
4faa447d-0f13-4677-93d8-b53cc8fa9232,6,NO DATA,NO DATA,NO DATA,28.1,23.7,NO DATA,NO DATA,NO DATA,NO DATA,NO DATA,NO DATA,NO DATA,NO DATA
4fb582ff-6386-41c0-90ac-a6ef45807858,6,NO DATA,NO DATA,NO DATA,NO DATA,NO DATA,NO DATA,NO DATA,NO DATA,NO DATA,NO DATA,NO DATA,29.4,27.6
4fcd828b-4dc5-44dd-b0cd-19328a42c96e,8,NO DATA,NO DATA,NO DATA,NO DATA,NO DATA,NO DATA,NO DATA,39.5,36.2,32.7,NO DATA,NO DATA,NO DATA
4fe6ab74-ba55-436b-9511-0dcb48eda903,10,31.6,35.5,34.4,NO DATA,NO DATA,36.4,41.5,36.8,36.6,44.7,NO DATA,NO DATA,NO DATA
5010abdf-887d-4920-8477-d48ddfc12cf7,10,36.4,36.0,31.6,NO DATA,NO DATA,NO DATA,10.9,NO DATA,42.4,46.9,7.8,29.8,28.1
5011a824-b515-4629-86e7-a32d9039fc3c,10,27.8,32.9,NO DATA,NO DATA,NO DATA,NO DATA,NO DATA,NO DATA,NO DATA,NO DATA,NO DATA,NO DATA,NO DATA
501371ba-772e-41c6-b423-cb23351853b1,10,35.8,37.7,NO DATA,NO DATA,NO DATA,NO DATA,NO DATA,NO DATA,NO DATA,NO DATA,NO DATA,NO DATA,NO DATA
50208c84-2116-4327-8702-a2f854b2868e,10,28.6,29.7,31.2,NO DATA,NO DATA,NO DATA,NO DATA,NO DATA,NO DATA,NO DATA,NO DATA,NO DATA,NO DATA
50297ec6-4443-43b7-a16c-b69adcdd1edd,8,NO DATA,NO DATA,NO DATA,NO DATA,NO DATA,NO DATA,NO DATA,50.6,NO DATA,NO DATA,NO DATA,NO DATA,NO DATA
5039e528-51dc-4d5a-8dbd-7ea20ad999af,10,33.0,38.1,35.3,NO DATA,NO DATA,NO DATA,29.0,NO DATA,NO DATA,NO DATA,NO DATA,NO DATA,NO DATA
505581fb-5444-47ca-8262-4828d2bd6bbb,10,NO DATA,31.2,19.2,11.0,8.7,NO DATA,42.4,39.6,36.4,34.3,16.0,15.1,NO DATA
505caab2-2f9b-4352-8acf-35e8d48584d9,10,NO DATA,37.9,NO DATA,NO DATA,NO DATA,45.7,NO DATA,NO DATA,NO DATA,NO DATA,NO DATA,NO DATA,NO DATA
5078ee5f-f5b9-47db-a41b-7907902f028d,10,NO DATA,40.0,44.6,NO DATA,33.4,33.1,33.0,NO DATA,NO DATA,NO DATA,NO DATA,NO DATA,NO DATA
50863876-943a-4705-8626-ace1c2751842,10,35.5,39.5,35.2,33.6,34.4,34.6,39.0,40.4,33.6,NO DATA,NO DATA,28.0,NO DATA
5090274a-7a2e-4dd2-82ce-75931b38a9e9,6,14.4,11.2,6.8,NO DATA,NO DATA,NO DATA,27.1,24.2,20.4,20.3,NO DATA,NO DATA,NO DATA
50bd5fb5-acb3-4133-a7f2-6480dcf740f8,8,NO DATA,NO DATA,NO DATA,NO DATA,NO DATA,44.6,40.9,NO DATA,NO DATA,NO DATA,NO DATA,NO DATA,NO DATA
50cb9f0c-37f1-45c9-8c1d-aeb731901ef9,8,NO DATA,NO DATA,NO DATA,NO DATA,NO DATA,NO DATA,41.9,NO DATA,NO DATA,NO DATA,NO DATA,NO DATA,NO DATA
512e16c6-5cc1-41f8-86d5-d3177b6a8772,8,NO DATA,NO DATA,NO DATA,NO DATA,NO DATA,NO DATA,37.1,NO DATA,NO DATA,NO DATA,NO DATA,NO DATA,NO DATA
51366c65-c459-48f1-b6e5-5976c61bf852,10,32.6,39.3,38.1,50.9,47.1,56.5,49.8,52.5,43.7,NO DATA,NO DATA,NO DATA,NO DATA
5136c071-3bb1-495e-8718-57786bf018b1,8,NO DATA,NO DATA,NO DATA,NO DATA,NO DATA,NO DATA,36.5,36.2,NO DATA,NO DATA,NO DATA,NO DATA,NO DATA
51428def-8074-4eec-949b-9e752484c22d,10,29.6,26.9,NO DATA,NO DATA,13.9,NO DATA,NO DATA,NO DATA,NO DATA,NO DATA,NO DATA,NO DATA,NO DATA
5159f364-c1cd-464b-9ee8-2aa04c2de0af,10,NO DATA,NO DATA,36.5,33.8,23.3,NO DATA,NO DATA,NO DATA,NO DATA,NO DATA,NO DATA,NO DATA,NO DATA
515bcf7f-c410-4d00-bdbc-dd7f96c7a93f,10,31.1,31.1,NO DATA,NO DATA,NO DATA,NO DATA,NO DATA,NO DATA,NO DATA,NO DATA,NO DATA,NO DATA,NO DATA
5161ecf9-ab6c-4e80-99a2-d4f622729f72,10,30.8,32.2,30.9,28.7,27.7,30.8,30.1,30.7,NO DATA,NO DATA,NO DATA,16.3,16.3
516bd8ee-e03c-46fb-96b2-4808ca21e02b,10,33.3,34.9,NO DATA,53.3,NO DATA,40.0,NO DATA,NO DATA,NO DATA,NO DATA,NO DATA,NO DATA,NO DATA
5175142b-9a70-4ef5-ba7a-8ff84af44cc0,10,NO DATA,28.3,NO DATA,NO DATA,NO DATA,NO DATA,NO DATA,NO DATA,NO DATA,NO DATA,NO DATA,NO DATA,NO DATA
51865c2d-18f4-4d0f-bd79-434f150ccac2,10,25.7,27.7,22.6,20.2,NO DATA,NO DATA,NO DATA,NO DATA,37.6,39.6,NO DATA,NO DATA,NO DATA
5194ff1c-2960-432c-8372-1663427f67b3,10,NO DATA,NO DATA,NO DATA,35.2,NO DATA,NO DATA,41.4,NO DATA,41.0,NO DATA,NO DATA,NO DATA,NO DATA
519e31f9-3eb2-4d79-91e8-6cbe0ff187fc,6,25.8,NO DATA,NO DATA,NO DATA,NO DATA,NO DATA,29.8,29.8,12.6,NO DATA,NO DATA,NO DATA,NO DATA
51b17428-5b28-4f1a-92eb-29e0ba9580e5,8,NO DATA,NO DATA,NO DATA,NO DATA,NO DATA,NO DATA,NO DATA,NO DATA,31.4,34.6,NO DATA,NO DATA,NO DATA
51d80d93-bf0c-47ba-b7f1-1a8edd059a60,10,31.5,29.7,28.0,27.1,21.3,17.2,15.0,9.9,NO DATA,NO DATA,NO DATA,NO DATA,NO DATA
51e5c5c1-129f-4c94-a699-75021425da1d,6,NO DATA,NO DATA,NO DATA,NO DATA,NO DATA,NO DATA,NO DATA,NO DATA,NO DATA,39.8,22.7,27.0,27.0
51e9a8bb-78c3-427e-b8e4-caabe0871b98,8,NO DATA,NO DATA,NO DATA,NO DATA,NO DATA,NO DATA,40.0,NO DATA,NO DATA,NO DATA,NO DATA,NO DATA,NO DATA
521c7d91-d5c0-406d-a81c-516a14cec4cc,8,NO DATA,NO DATA,NO DATA,NO DATA,NO DATA,NO DATA,41.1,NO DATA,NO DATA,NO DATA,NO DATA,NO DATA,NO DATA
5232687c-c6f0-415e-b98f-5cd57fb0222f,10,33.4,NO DATA,NO DATA,NO DATA,NO DATA,NO DATA,NO DATA,NO DATA,NO DATA,NO DATA,NO DATA,NO DATA,NO DATA
5239851f-2042-4c58-b35f-739ab104927f,6,NO DATA,22.1,17.5,15.6,NO DATA,NO DATA,NO DATA,NO DATA,NO DATA,NO DATA,NO DATA,NO DATA,NO DATA
523dc48a-250c-42b7-9965-7bf87b3fcaef,8,NO DATA,NO DATA,NO DATA,NO DATA,NO DATA,NO DATA,NO DATA,32.6,30.2,28.4,NO DATA,22.2,21.4
52bf0fab-fda8-4ae2-a673-f50c16a4b166,10,NO DATA,NO DATA,35.7,32.6,31.9,29.3,31.6,NO DATA,NO DATA,NO DATA,NO DATA,NO DATA,NO DATA
52cdd240-3c71-4c14-90fb-14768210548d,8,NO DATA,NO DATA,NO DATA,NO DATA,NO DATA,NO DATA,33.7,NO DATA,NO DATA,NO DATA,NO DATA,NO DATA,NO DATA
52ceccb3-c94f-493a-b052-d07d44c3a3b2,10,NO DATA,NO DATA,NO DATA,NO DATA,NO DATA,NO DATA,NO DATA,NO DATA,NO DATA,NO DATA,NO DATA,50.6,51.2
52e557d8-3f87-446e-9b5f-b16b933b77e0,10,45.9,41.5,NO DATA,NO DATA,NO DATA,NO DATA,NO DATA,NO DATA,NO DATA,NO DATA,NO DATA,NO DATA,NO DATA
52eba945-421d-4b1d-a598-9a50a57f9317,8,NO DATA,NO DATA,NO DATA,NO DATA,NO DATA,NO DATA,37.2,35.2,NO DATA,NO DATA,NO DATA,NO DATA,NO DATA
52fea21b-b6aa-4140-96db-c5ed54d7be51,10,36.9,NO DATA,NO DATA,NO DATA,NO DATA,NO DATA,NO DATA,NO DATA,NO DATA,NO DATA,NO DATA,NO DATA,NO DATA
5312d9ec-981d-4c22-a998-b5b9a1ae0bf7,8,NO DATA,NO DATA,NO DATA,NO DATA,NO DATA,NO DATA,10.5,NO DATA,NO DATA,NO DATA,NO DATA,NO DATA,NO DATA
53183730-2a36-4cdd-9a4b-0394ff9be6ea,8,NO DATA,NO DATA,NO DATA,NO DATA,NO DATA,NO DATA,NO DATA,NO DATA,NO DATA,NO DATA,NO DATA,34.0,33.1
531e5b8e-0314-4411-8903-05e07c30c05a,10,33.4,34.4,28.6,24.7,21.9,22.5,16.1,NO DATA,NO DATA,NO DATA,NO DATA,NO DATA,NO DATA
532e309a-1c48-4597-a5b3-0d2961c65e5c,10,NO DATA,NO DATA,NO DATA,NO DATA,NO DATA,NO DATA,NO DATA,NO DATA,NO DATA,34.6,NO DATA,33.7,32.7
532e54c5-b8da-4649-8491-b39a01ed8444,10,NO DATA,36.5,33.5,32.3,30.9,NO DATA,NO DATA,NO DATA,33.0,36.2,23.4,NO DATA,NO DATA
5336df7b-5daa-4dbe-b36a-1daffbffa72d,8,NO DATA,NO DATA,NO DATA,NO DATA,NO DATA,NO DATA,NO DATA,35.8,NO DATA,NO DATA,NO DATA,NO DATA,NO DATA
53492a71-2531-44b2-8d1c-f760a6d537af,12,NO DATA,NO DATA,NO DATA,NO DATA,60.2,63.1,74.6,NO DATA,NO DATA,NO DATA,NO DATA,NO DATA,NO DATA
53507914-b429-41f7-bbf4-3524082ec83f,6,NO DATA,NO DATA,NO DATA,NO DATA,NO DATA,NO DATA,NO DATA,28.4,25.0,26.1,NO DATA,21.3,19.9
535ae096-b4b2-44ce-8f14-4834cd7304cd,8,NO DATA,NO DATA,20.1,NO DATA,31.6,31.6,30.2,27.6,30.8,NO DATA,24.0,38.7,41.7
535ae096-b4b2-44ce-8f14-4834cd7304cd,10,32.1,28.0,18.3,17.9,10.4,NO DATA,NO DATA,NO DATA,NO DATA,NO DATA,NO DATA,NO DATA,NO DATA
53718df7-45a5-4a3f-853d-7fd6a26da53c,8,NO DATA,NO DATA,NO DATA,NO DATA,NO DATA,NO DATA,NO DATA,NO DATA,NO DATA,36.3,NO DATA,NO DATA,NO DATA
538d7238-3cfa-4bd7-82c9-ba760e1544ba,10,32.0,36.9,31.6,30.7,31.5,29.7,26.9,24.2,20.3,20.5,8.1,NO DATA,NO DATA
53a2d1fb-d28f-4c8e-88d8-2aff944dc784,8,NO DATA,NO DATA,NO DATA,NO DATA,37.8,NO DATA,NO DATA,NO DATA,NO DATA,NO DATA,NO DATA,NO DATA,NO DATA
53b832cb-4f02-425c-a325-68660fa14e56,6,NO DATA,NO DATA,NO DATA,NO DATA,NO DATA,NO DATA,NO DATA,43.6,32.3,NO DATA,NO DATA,NO DATA,NO DATA
53c14b9d-ad7c-4d87-bca3-7021efd73304,10,NO DATA,NO DATA,NO DATA,38.4,NO DATA,NO DATA,NO DATA,NO DATA,NO DATA,NO DATA,NO DATA,NO DATA,NO DATA
53fc36ee-7bd2-45fb-9580-72f777d75e31,8,NO DATA,NO DATA,NO DATA,NO DATA,NO DATA,NO DATA,30.4,NO DATA,NO DATA,NO DATA,NO DATA,NO DATA,NO DATA
54119766-4839-4f50-851e-da6266061a09,10,27.9,27.9,25.4,23.1,23.4,24.1,24.6,25.9,22.8,28.5,13.3,NO DATA,NO DATA
5416cbb4-3891-4460-b956-a83bc695d724,10,35.8,34.1,33.3,NO DATA,NO DATA,NO DATA,NO DATA,NO DATA,NO DATA,NO DATA,37.6,NO DATA,NO DATA
5438a13a-4349-435c-81fc-8d3a5ab1c96a,8,NO DATA,NO DATA,NO DATA,NO DATA,NO DATA,NO DATA,34.0,31.5,28.3,17.3,3.3,NO DATA,NO DATA
543cdf89-b1f8-4b97-b64a-f11faa4c10ed,10,38.1,NO DATA,NO DATA,NO DATA,NO DATA,NO DATA,NO DATA,NO DATA,NO DATA,NO DATA,NO DATA,NO DATA,NO DATA
543cdf89-b1f8-4b97-b64a-f11faa4c10ed,12,NO DATA,45.5,NO DATA,54.1,53.4,60.2,45.9,NO DATA,44.5,43.0,44.2,45.5,NO DATA
547cccc5-f789-4b75-ae40-b54ec6328aa6,10,NO DATA,NO DATA,NO DATA,NO DATA,33.9,39.0,31.7,14.1,NO DATA,NO DATA,NO DATA,NO DATA,NO DATA
5497c1a8-567f-4564-8b08-74fadfba2555,6,NO DATA,NO DATA,NO DATA,NO DATA,NO DATA,NO DATA,NO DATA,NO DATA,NO DATA,28.4,17.2,21.0,NO DATA
5498d8dd-f5c4-46c9-aae4-8948b42e2094,10,28.8,30.3,28.8,NO DATA,NO DATA,34.9,NO DATA,NO DATA,22.3,NO DATA,NO DATA,NO DATA,NO DATA
54b7af47-4754-440f-946a-b1d15d4861c3,8,NO DATA,NO DATA,NO DATA,NO DATA,NO DATA,NO DATA,NO DATA,33.1,NO DATA,NO DATA,NO DATA,NO DATA,NO DATA
54e9132e-bcb0-4016-a0db-d3775b765afb,10,25.2,25.9,22.3,NO DATA,NO DATA,NO DATA,NO DATA,NO DATA,NO DATA,NO DATA,NO DATA,NO DATA,NO DATA
55070b8b-bb35-4233-aef2-749afd25ea16,10,NO DATA,NO DATA,45.4,38.8,37.8,NO DATA,NO DATA,NO DATA,NO DATA,NO DATA,NO DATA,NO DATA,NO DATA
550794f3-c6e4-4663-ac4c-c87c406dafe2,10,33.3,33.7,32.8,30.8,30.7,31.3,29.9,26.8,22.1,20.3,NO DATA,33.3,33.1
553b8152-f449-4bcf-8d6e-e4d7c5828952,10,NO DATA,NO DATA,37.1,35.2,32.3,31.1,34.0,33.0,32.3,30.2,23.3,24.2,25.8
553d8dd6-a9e4-489c-ada7-1de97040e403,10,NO DATA,NO DATA,NO DATA,NO DATA,NO DATA,NO DATA,NO DATA,NO DATA,56.2,40.8,NO DATA,NO DATA,NO DATA
5540d522-15a8-4ebd-95cb-d666b4022c77,10,NO DATA,29.0,NO DATA,NO DATA,NO DATA,NO DATA,NO DATA,NO DATA,NO DATA,NO DATA,NO DATA,NO DATA,NO DATA
5542a097-d4b4-4bd7-a77f-85fdc0f5ff32,10,32.5,35.3,29.8,NO DATA,NO DATA,NO DATA,37.2,NO DATA,NO DATA,NO DATA,NO DATA,NO DATA,NO DATA
55490fc0-f41e-45b2-999d-dd6e32b1a0b5,10,NO DATA,NO DATA,20.6,NO DATA,NO DATA,NO DATA,NO DATA,NO DATA,NO DATA,NO DATA,NO DATA,NO DATA,NO DATA
55505780-f29e-44f2-9c37-08c92bc0d69b,8,NO DATA,NO DATA,NO DATA,NO DATA,NO DATA,NO DATA,40.8,39.8,35.7,35.2,NO DATA,NO DATA,NO DATA
5557aba4-67dc-477c-b859-a8fcaaed8b15,10,NO DATA,41.4,NO DATA,NO DATA,NO DATA,NO DATA,NO DATA,NO DATA,NO DATA,NO DATA,NO DATA,NO DATA,NO DATA
55780fa2-d064-43df-b1fd-c54c05192df4,10,32.8,33.4,NO DATA,NO DATA,NO DATA,NO DATA,NO DATA,NO DATA,NO DATA,NO DATA,NO DATA,NO DATA,NO DATA
5592685d-f268-45a0-830a-ff67c7be4c4b,10,19.1,12.3,NO DATA,NO DATA,NO DATA,NO DATA,NO DATA,NO DATA,NO DATA,46.4,NO DATA,NO DATA,NO DATA
5594c89d-b070-44b7-a2fe-a9f4ba9015ff,10,NO DATA,34.2,NO DATA,NO DATA,NO DATA,NO DATA,NO DATA,NO DATA,NO DATA,NO DATA,NO DATA,NO DATA,NO DATA
5599276b-937f-46c3-9df9-9e499d01279c,8,NO DATA,NO DATA,NO DATA,NO DATA,NO DATA,NO DATA,38.6,NO DATA,NO DATA,NO DATA,NO DATA,NO DATA,NO DATA
559bf410-e203-4865-8040-9f2c6c32c55c,10,38.4,39.2,NO DATA,NO DATA,NO DATA,NO DATA,NO DATA,NO DATA,NO DATA,NO DATA,NO DATA,NO DATA,NO DATA
55b6b634-fcd3-44f3-9066-574ed1e85cf9,10,NO DATA,36.8,24.8,NO DATA,NO DATA,NO DATA,NO DATA,NO DATA,NO DATA,NO DATA,NO DATA,NO DATA,NO DATA
55b720f6-c638-48ac-9ac5-e7d4b70a47af,6,20.1,0.3,NO DATA,NO DATA,NO DATA,NO DATA,NO DATA,33.8,25.7,NO DATA,31.3,42.8,NO DATA
55b720f6-c638-48ac-9ac5-e7d4b70a47af,8,13.2,31.9,27.9,34.7,37.5,34.1,30.3,26.6,NO DATA,NO DATA,NO DATA,NO DATA,NO DATA
55b720f6-c638-48ac-9ac5-e7d4b70a47af,10,NO DATA,NO DATA,NO DATA,NO DATA,NO DATA,NO DATA,NO DATA,NO DATA,35.2,28.8,NO DATA,55.8,55.7
55b80bc9-ed89-472d-ad09-e4f1d1c55b0d,6,NO DATA,24.9,26.6,26.6,22.7,25.1,NO DATA,NO DATA,NO DATA,NO DATA,NO DATA,NO DATA,NO DATA
55ca5f00-68b6-49e1-a6f1-346143468c25,10,30.6,29.3,23.6,19.1,15.2,12.5,NO DATA,NO DATA,NO DATA,NO DATA,NO DATA,NO DATA,NO DATA
55fbd301-1e2a-478c-8b9b-b60e7bdfe371,8,NO DATA,NO DATA,NO DATA,NO DATA,NO DATA,NO DATA,37.5,37.1,NO DATA,NO DATA,NO DATA,NO DATA,NO DATA
560cced1-5d09-423b-9e59-6731a70cfcdd,10,42.0,NO DATA,NO DATA,36.9,NO DATA,NO DATA,NO DATA,NO DATA,NO DATA,NO DATA,NO DATA,NO DATA,NO DATA
5613942b-76d5-48c5-9c5e-a09fbd1c10b5,6,22.2,32.8,NO DATA,NO DATA,NO DATA,NO DATA,NO DATA,NO DATA,27.6,23.6,NO DATA,NO DATA,NO DATA
561d2d4d-4f28-4258-b637-6f08f4bc4b24,8,NO DATA,NO DATA,NO DATA,NO DATA,NO DATA,NO DATA,37.2,32.5,30.2,NO DATA,NO DATA,NO DATA,NO DATA
562fef9a-fec4-47a5-aac3-0ec6ca65fc4f,8,NO DATA,NO DATA,NO DATA,NO DATA,NO DATA,NO DATA,NO DATA,NO DATA,31.9,34.1,NO DATA,15.0,11.0
563ad79c-77cb-49dd-9abf-6df126407305,10,47.9,43.6,NO DATA,36.5,46.8,36.8,NO DATA,NO DATA,NO DATA,NO DATA,NO DATA,NO DATA,NO DATA
564642ba-7287-4e68-b7ab-f0d2a5afe17b,6,1.5,NO DATA,NO DATA,NO DATA,NO DATA,NO DATA,NO DATA,NO DATA,NO DATA,NO DATA,NO DATA,NO DATA,NO DATA
564642ba-7287-4e68-b7ab-f0d2a5afe17b,8,24.2,27.6,26.6,22.0,19.6,19.0,18.0,13.2,9.1,NO DATA,NO DATA,NO DATA,NO DATA
56474655-428c-48d4-bf64-4b59f0709bb8,10,25.9,24.5,NO DATA,NO DATA,NO DATA,NO DATA,NO DATA,NO DATA,NO DATA,NO DATA,NO DATA,NO DATA,NO DATA
56596cf8-3db2-4a6f-b635-5b6c96f88a36,10,NO DATA,45.1,NO DATA,NO DATA,NO DATA,NO DATA,NO DATA,NO DATA,NO DATA,NO DATA,NO DATA,NO DATA,NO DATA
566a34bc-0533-4528-b8e6-72290fe3b72f,12,NO DATA,NO DATA,NO DATA,NO DATA,NO DATA,NO DATA,NO DATA,NO DATA,45.3,45.4,NO DATA,NO DATA,NO DATA
568bf0cf-61fb-4918-926d-feb55e244b25,10,25.0,29.2,23.6,NO DATA,NO DATA,NO DATA,NO DATA,NO DATA,NO DATA,NO DATA,NO DATA,NO DATA,NO DATA
56a02d6d-01de-42d9-be04-592e17c9a803,8,NO DATA,NO DATA,NO DATA,NO DATA,NO DATA,NO DATA,NO DATA,49.4,NO DATA,NO DATA,NO DATA,NO DATA,NO DATA
56a8e47f-2428-4180-8be7-e69beaf1f37c,10,NO DATA,NO DATA,NO DATA,NO DATA,NO DATA,NO DATA,NO DATA,NO DATA,NO DATA,36.7,NO DATA,NO DATA,NO DATA
56cbca56-490d-4ab2-9887-f75a9df10bc8,6,19.9,20.8,NO DATA,NO DATA,NO DATA,16.0,6.1,29.2,26.0,14.0,8.9,16.8,26.5
56d68e3b-e2a0-40ef-875b-6c5fc2d67633,10,32.2,NO DATA,NO DATA,NO DATA,NO DATA,NO DATA,NO DATA,NO DATA,NO DATA,NO DATA,NO DATA,NO DATA,NO DATA
56d6cf21-8a18-42a5-bc10-3544f646e63e,6,NO DATA,NO DATA,NO DATA,NO DATA,NO DATA,NO DATA,NO DATA,NO DATA,NO DATA,24.4,NO DATA,NO DATA,NO DATA
56e86382-189e-4570-a4ff-05962cd129cd,6,NO DATA,19.6,NO DATA,NO DATA,NO DATA,NO DATA,19.9,NO DATA,NO DATA,NO DATA,NO DATA,NO DATA,NO DATA
56fa7407-2469-4b24-9b30-b7fdf63c6dc9,10,32.2,28.1,NO DATA,39.7,36.4,34.7,NO DATA,NO DATA,NO DATA,NO DATA,NO DATA,NO DATA,NO DATA
56fa93f6-1935-4005-9123-24040ba5a1fa,10,32.7,30.3,35.0,NO DATA,NO DATA,NO DATA,NO DATA,NO DATA,NO DATA,NO DATA,NO DATA,NO DATA,NO DATA
56fb02fb-03a7-4d37-a66c-8f4b8ea06f8f,8,NO DATA,NO DATA,NO DATA,NO DATA,NO DATA,NO DATA,NO DATA,NO DATA,32.8,32.3,NO DATA,21.8,19.8
56ffbccd-0581-427f-b3dd-6d92adc5c392,6,15.2,14.9,NO DATA,NO DATA,7.8,6.0,4.6,28.9,27.0,28.0,11.0,19.5,19.3
572b9973-a2e3-4364-9490-1b385f738ac7,10,32.0,30.2,NO DATA,NO DATA,NO DATA,NO DATA,NO DATA,NO DATA,NO DATA,NO DATA,NO DATA,NO DATA,NO DATA
57301256-a8d8-4c32-a6ca-0c0d11e9e6f4,12,NO DATA,NO DATA,NO DATA,NO DATA,52.1,NO DATA,NO DATA,NO DATA,NO DATA,NO DATA,NO DATA,NO DATA,NO DATA
573409b5-cee9-4cd8-9988-68a379216041,10,34.8,29.8,NO DATA,NO DATA,NO DATA,NO DATA,NO DATA,NO DATA,NO DATA,NO DATA,NO DATA,NO DATA,NO DATA
577f29ad-6596-4ffc-82df-d8cfdca7a33b,10,36.3,33.6,31.6,29.9,NO DATA,NO DATA,NO DATA,NO DATA,NO DATA,NO DATA,NO DATA,NO DATA,NO DATA
578b92f2-d756-4f67-8934-d8607046da3c,6,21.0,23.0,20.3,17.9,13.3,12.7,NO DATA,NO DATA,NO DATA,NO DATA,NO DATA,NO DATA,NO DATA
578e0080-bbe7-4ddc-96d7-166846f24b14,12,NO DATA,NO DATA,NO DATA,NO DATA,NO DATA,NO DATA,NO DATA,NO DATA,44.8,35.4,24.4,13.7,NO DATA
57a392d2-d059-426d-b96d-171455a254bf,10,NO DATA,NO DATA,39.0,NO DATA,NO DATA,NO DATA,NO DATA,NO DATA,NO DATA,NO DATA,NO DATA,NO DATA,NO DATA
57a3f02d-f823-4d42-b14a-5fe57b1cda01,10,32.4,37.2,NO DATA,NO DATA,NO DATA,NO DATA,NO DATA,NO DATA,NO DATA,NO DATA,NO DATA,NO DATA,NO DATA
57ac39df-0fac-48c5-a9ce-63b662f8087b,8,NO DATA,NO DATA,NO DATA,NO DATA,NO DATA,NO DATA,40.2,37.5,35.8,35.1,NO DATA,29.1,24.1
57bd6add-758d-4a0c-a2b6-0dca5a0ad105,10,NO DATA,42.8,40.3,27.4,22.4,21.9,38.4,40.9,36.9,26.7,18.3,NO DATA,NO DATA
57cf0f73-45d5-43e0-8aeb-851a79f838e6,6,20.8,21.1,19.6,17.9,15.5,10.8,6.4,NO DATA,NO DATA,NO DATA,NO DATA,NO DATA,NO DATA
57db0de0-26c9-4e64-935e-221ee48efaac,6,22.7,23.5,28.3,NO DATA,NO DATA,NO DATA,NO DATA,NO DATA,NO DATA,NO DATA,NO DATA,NO DATA,NO DATA
5804ce2c-5621-4575-b6fe-99c9d742581c,6,23.4,24.6,24.4,NO DATA,NO DATA,22.3,NO DATA,NO DATA,NO DATA,NO DATA,NO DATA,NO DATA,NO DATA
58853e44-7a6f-4464-8e01-93e38976abba,10,31.4,36.6,34.8,29.3,24.7,17.6,13.8,NO DATA,36.8,31.7,NO DATA,27.5,24.2
589a11f7-e46f-42b9-95bb-bc222d9b64f5,8,26.4,25.5,21.5,17.3,29.4,28.2,20.5,39.0,36.1,34.4,48.4,NO DATA,NO DATA
58a7bfb2-eb9c-471b-931a-59daa76d4dd9,8,NO DATA,NO DATA,NO DATA,NO DATA,NO DATA,NO DATA,NO DATA,40.5,NO DATA,NO DATA,NO DATA,NO DATA,NO DATA
58a85919-e823-4611-a191-d010d097210e,8,NO DATA,NO DATA,NO DATA,NO DATA,NO DATA,NO DATA,37.7,NO DATA,NO DATA,NO DATA,NO DATA,NO DATA,NO DATA
58bc96e9-fa89-49b9-be75-df8c5f6932eb,10,35.8,30.7,NO DATA,NO DATA,NO DATA,NO DATA,NO DATA,NO DATA,NO DATA,NO DATA,NO DATA,NO DATA,NO DATA
58be2a0f-df9d-4218-b06c-793749c0c23a,8,NO DATA,NO DATA,NO DATA,NO DATA,NO DATA,NO DATA,40.6,39.5,34.3,34.1,NO DATA,NO DATA,NO DATA
58be6178-537c-418f-b1df-e12bbaa01997,10,NO DATA,NO DATA,NO DATA,NO DATA,NO DATA,NO DATA,NO DATA,43.5,NO DATA,NO DATA,NO DATA,NO DATA,NO DATA
58c1afb9-4ba9-42c1-9239-9198506d18d6,10,NO DATA,NO DATA,32.9,35.0,NO DATA,33.5,NO DATA,NO DATA,NO DATA,NO DATA,NO DATA,NO DATA,NO DATA
58cd5ec1-6faa-42fc-84a6-cb50573e90ec,8,NO DATA,NO DATA,NO DATA,NO DATA,NO DATA,NO DATA,NO DATA,39.1,NO DATA,NO DATA,NO DATA,NO DATA,NO DATA
590a73c6-e89b-4373-85c3-e474f898ff7e,8,NO DATA,NO DATA,NO DATA,NO DATA,NO DATA,34.9,36.3,32.3,28.0,24.5,NO DATA,NO DATA,NO DATA
591866ee-c043-4bdc-8e1d-0cf027635997,8,NO DATA,NO DATA,NO DATA,NO DATA,NO DATA,45.3,37.4,NO DATA,47.3,NO DATA,NO DATA,NO DATA,NO DATA
5946684b-88c7-4166-90ee-2787857d1741,10,33.2,32.2,27.0,20.2,9.3,NO DATA,NO DATA,NO DATA,45.7,29.9,14.6,37.3,37.5
59588093-4927-448d-be57-4a87ab23e06e,10,29.4,30.9,29.7,22.3,NO DATA,NO DATA,NO DATA,26.0,22.6,NO DATA,NO DATA,NO DATA,NO DATA
597f7c2b-129f-4454-a8af-60f7cf4f6fe4,10,NO DATA,NO DATA,NO DATA,NO DATA,NO DATA,NO DATA,NO DATA,NO DATA,50.0,44.7,NO DATA,33.6,35.7
598f0b26-0051-4894-b1a3-e6d9bbb66d08,8,NO DATA,NO DATA,NO DATA,NO DATA,NO DATA,NO DATA,37.3,33.3,30.8,21.1,NO DATA,18.4,NO DATA
59989774-ca38-4ffe-a458-c45188bbf384,10,32.9,32.8,28.5,32.5,NO DATA,NO DATA,NO DATA,30.9,19.9,21.4,NO DATA,NO DATA,NO DATA
59bb73ac-4c53-4ca7-8c10-e1f4566da857,8,NO DATA,NO DATA,NO DATA,NO DATA,NO DATA,NO DATA,40.4,37.6,34.8,26.9,17.8,NO DATA,NO DATA
59d18ff7-34a9-4513-a7f6-2224ab99eea9,6,24.9,24.6,23.2,21.1,20.4,19.9,NO DATA,31.3,26.4,20.2,NO DATA,14.7,14.7
59d91d1e-6c05-487c-942b-811a5f4bf2da,10,NO DATA,33.7,NO DATA,NO DATA,NO DATA,NO DATA,NO DATA,NO DATA,NO DATA,NO DATA,NO DATA,NO DATA,NO DATA
59ef4150-e180-4b31-9a96-24b26426f4dd,8,NO DATA,NO DATA,NO DATA,NO DATA,NO DATA,NO DATA,31.1,25.2,21.0,16.3,NO DATA,23.9,22.1
5a07f271-8de8-43fa-b0f3-e695a8c9b1f7,10,32.4,31.8,NO DATA,NO DATA,NO DATA,NO DATA,NO DATA,NO DATA,NO DATA,NO DATA,NO DATA,NO DATA,NO DATA
5a0aa853-8008-4ead-92d3-46b6c0b83a5e,6,NO DATA,NO DATA,NO DATA,NO DATA,NO DATA,NO DATA,NO DATA,28.1,29.3,26.1,26.7,16.6,13.7
5a0caa5f-0148-466c-8d3d-2af083e145b7,10,34.8,48.7,NO DATA,NO DATA,20.2,NO DATA,NO DATA,NO DATA,NO DATA,NO DATA,NO DATA,NO DATA,NO DATA
5a3e5edc-2560-40dd-aaea-1b8d9b654db4,10,NO DATA,21.1,15.9,12.9,NO DATA,NO DATA,NO DATA,NO DATA,NO DATA,NO DATA,NO DATA,NO DATA,NO DATA
5a4812a7-ae21-4706-a17a-d953ada68539,10,NO DATA,30.7,30.1,30.9,29.3,26.5,28.2,24.9,21.2,23.7,NO DATA,NO DATA,NO DATA
5a9fbe82-2aa7-4eac-b801-7232346d4083,6,29.2,NO DATA,NO DATA,NO DATA,NO DATA,NO DATA,NO DATA,NO DATA,NO DATA,NO DATA,NO DATA,NO DATA,NO DATA
5aa301fa-8b68-4012-8998-026bb25bfa16,10,NO DATA,NO DATA,36.4,31.2,29.3,NO DATA,NO DATA,NO DATA,NO DATA,NO DATA,NO DATA,NO DATA,NO DATA
5ac5e071-ca10-4784-b289-415df3b1f8d7,10,NO DATA,39.7,NO DATA,NO DATA,NO DATA,NO DATA,NO DATA,NO DATA,NO DATA,NO DATA,NO DATA,NO DATA,NO DATA
5ad502bd-7f45-417e-9616-86535f709538,10,NO DATA,36.0,34.1,29.6,22.0,17.5,13.6,NO DATA,NO DATA,NO DATA,NO DATA,NO DATA,NO DATA
5aeac50d-7913-46a7-8657-ea9d6e2091a1,10,NO DATA,39.3,34.6,31.0,28.9,27.6,14.6,13.2,NO DATA,NO DATA,NO DATA,NO DATA,NO DATA
5af9a163-c224-4b34-9711-d7477e739955,8,NO DATA,NO DATA,NO DATA,NO DATA,38.7,38.6,40.4,NO DATA,NO DATA,NO DATA,NO DATA,NO DATA,NO DATA
5b13e072-050e-46e9-98ba-5198bd1bb590,8,NO DATA,NO DATA,NO DATA,NO DATA,NO DATA,NO DATA,34.1,32.3,28.9,NO DATA,NO DATA,NO DATA,NO DATA
5b16276f-8c47-4927-a956-03c1ac90239e,8,NO DATA,NO DATA,NO DATA,NO DATA,NO DATA,NO DATA,34.8,42.5,39.9,32.9,14.8,23.3,12.3
5b192ddb-c436-404c-b65e-90374cb78a4d,8,NO DATA,NO DATA,NO DATA,NO DATA,NO DATA,NO DATA,37.6,NO DATA,NO DATA,NO DATA,NO DATA,NO DATA,NO DATA
5b25e0d8-b014-443a-a1f2-35bf44f43e02,10,30.5,33.3,NO DATA,NO DATA,NO DATA,NO DATA,NO DATA,NO DATA,NO DATA,NO DATA,NO DATA,NO DATA,NO DATA
5b3acd2b-bc8e-434e-afdf-19cb4b9413f1,8,NO DATA,NO DATA,31.9,NO DATA,29.5,23.5,NO DATA,14.7,NO DATA,NO DATA,NO DATA,NO DATA,NO DATA
5b3db02a-ed72-4a35-b562-a792514d7e2b,10,32.2,33.9,36.8,28.0,NO DATA,21.0,14.1,NO DATA,49.0,44.8,NO DATA,NO DATA,NO DATA
5b401dc2-a824-4cff-8ac8-ec3448607189,10,NO DATA,27.6,26.5,24.2,NO DATA,NO DATA,NO DATA,NO DATA,NO DATA,NO DATA,NO DATA,NO DATA,NO DATA
5b4bc998-1f50-44df-8147-c3a126bf55ae,10,31.9,33.0,31.5,27.6,25.5,25.5,26.4,25.3,20.0,NO DATA,NO DATA,16.0,NO DATA
5b72a568-6e99-40fd-9212-8f9470ef414a,8,NO DATA,NO DATA,NO DATA,NO DATA,NO DATA,NO DATA,35.8,34.2,31.8,27.3,18.2,NO DATA,NO DATA
5b740d93-a2a4-4ca8-b6b9-8dc87b7e054e,10,NO DATA,NO DATA,NO DATA,NO DATA,NO DATA,NO DATA,NO DATA,NO DATA,27.4,NO DATA,NO DATA,NO DATA,NO DATA
5b7771ca-8d57-4d46-8d81-7512ea9481ce,10,NO DATA,NO DATA,NO DATA,NO DATA,NO DATA,NO DATA,40.8,36.7,33.1,NO DATA,NO DATA,NO DATA,NO DATA
5b7b6229-0407-435d-bd62-6e671a22fbfa,10,31.6,33.3,NO DATA,NO DATA,NO DATA,NO DATA,NO DATA,NO DATA,NO DATA,NO DATA,NO DATA,NO DATA,NO DATA
5b9d982c-9166-489d-9a2c-241884266a67,10,35.0,38.5,34.4,34.5,25.7,31.2,33.2,25.9,26.6,NO DATA,NO DATA,31.1,30.9
5b9df2ba-6726-4a09-965e-2dbabea94896,12,NO DATA,NO DATA,NO DATA,NO DATA,NO DATA,47.8,59.6,NO DATA,NO DATA,NO DATA,NO DATA,NO DATA,NO DATA
5ba6bc07-5558-4fd1-a56f-6a8eabb73ad0,10,NO DATA,NO DATA,NO DATA,NO DATA,NO DATA,NO DATA,NO DATA,44.4,28.6,NO DATA,NO DATA,NO DATA,NO DATA
5bb1a8ff-1ef1-446d-a495-71e4caa4f039,8,NO DATA,NO DATA,NO DATA,NO DATA,NO DATA,NO DATA,40.3,52.8,NO DATA,NO DATA,NO DATA,NO DATA,NO DATA
5be43a9c-8cc7-47fb-b32c-c478ee8a59a7,10,NO DATA,NO DATA,NO DATA,NO DATA,NO DATA,NO DATA,NO DATA,NO DATA,NO DATA,NO DATA,24.3,35.5,35.7
5bea1d5b-cbd7-41f0-a3f4-3c1b440285b7,6,22.9,23.1,19.8,21.7,NO DATA,NO DATA,NO DATA,NO DATA,37.9,33.5,NO DATA,26.0,24.9
5bf3e8dc-db61-4a0b-92cd-08fa55df816b,8,NO DATA,NO DATA,NO DATA,NO DATA,NO DATA,NO DATA,NO DATA,23.1,42.4,NO DATA,NO DATA,NO DATA,NO DATA
5bf681af-37df-49cb-8456-87393c6ff608,10,29.2,33.8,30.5,28.3,23.0,16.5,38.1,38.3,35.3,31.4,5.8,15.2,15.8
5bfc61b3-b0bc-4e42-bffc-006afde9b800,8,NO DATA,NO DATA,NO DATA,NO DATA,NO DATA,NO DATA,41.8,38.4,32.6,23.2,6.4,NO DATA,NO DATA
5c02c242-d8a3-40e4-9dc3-8d7da0e93d34,10,NO DATA,40.6,45.6,38.9,NO DATA,NO DATA,49.0,NO DATA,NO DATA,NO DATA,NO DATA,NO DATA,NO DATA
5c0a8736-12e0-4429-8f6b-4c2cd9ad9893,8,NO DATA,NO DATA,NO DATA,NO DATA,NO DATA,NO DATA,NO DATA,35.0,34.6,30.3,NO DATA,NO DATA,NO DATA
5c0b79c7-0752-40c2-91b7-02d95b27b15a,10,NO DATA,33.2,30.2,25.6,23.0,19.2,14.9,11.6,6.5,NO DATA,NO DATA,NO DATA,NO DATA
5c11e227-9683-496b-bffa-6df9e0b28fe7,10,NO DATA,NO DATA,NO DATA,NO DATA,NO DATA,41.9,42.1,41.8,39.1,38.4,NO DATA,NO DATA,NO DATA
5c1a792c-023d-4743-adbf-0af1150c1131,8,NO DATA,NO DATA,NO DATA,NO DATA,NO DATA,NO DATA,NO DATA,NO DATA,NO DATA,NO DATA,NO DATA,25.2,25.2
5c1c34d7-a601-42ff-9f74-8fa7618b689a,10,NO DATA,37.5,NO DATA,34.8,34.7,37.4,NO DATA,33.5,NO DATA,NO DATA,NO DATA,NO DATA,NO DATA
5c1c3d50-86b1-42c8-9f2f-925af842e719,10,32.5,35.4,34.1,32.4,32.1,30.6,32.5,30.2,24.2,25.4,NO DATA,NO DATA,NO DATA
5c270600-2579-45f8-9d5a-429217958711,6,NO DATA,NO DATA,NO DATA,NO DATA,NO DATA,NO DATA,28.4,25.2,22.1,NO DATA,NO DATA,NO DATA,NO DATA
5c2cc13e-84bd-46c0-a3b7-748ffe2279e7,10,32.0,36.5,34.2,31.7,29.5,27.2,26.6,22.2,12.2,6.1,NO DATA,NO DATA,NO DATA
5c7555ab-7bbc-4037-aca8-7b51da28a736,10,31.6,30.0,38.2,NO DATA,34.3,NO DATA,NO DATA,NO DATA,NO DATA,NO DATA,NO DATA,NO DATA,NO DATA
5c7959ab-a607-4469-8d96-792ad4d8d744,10,35.5,32.0,8.8,50.0,41.1,82.9,NO DATA,26.7,NO DATA,NO DATA,NO DATA,NO DATA,NO DATA
5c7d474c-05e5-445a-b077-0638c46395e7,10,NO DATA,NO DATA,30.3,25.2,23.3,24.4,NO DATA,19.4,NO DATA,NO DATA,NO DATA,NO DATA,NO DATA
5c8d0808-f8a5-4643-8023-57695c72815c,10,33.4,30.1,NO DATA,NO DATA,NO DATA,NO DATA,NO DATA,NO DATA,NO DATA,NO DATA,NO DATA,NO DATA,NO DATA
5cac7aa0-cc4a-4ecf-9a19-1e356c27fe69,10,32.5,32.9,33.8,29.5,NO DATA,NO DATA,NO DATA,NO DATA,37.6,37.1,NO DATA,NO DATA,NO DATA
5cb0ba70-4106-48c4-8319-b9810b78ac9d,10,19.8,17.2,13.3,NO DATA,NO DATA,NO DATA,NO DATA,NO DATA,NO DATA,NO DATA,29.1,25.5,24.8
5cbf1ffc-f929-45d4-8b3f-a0f2a658d510,10,NO DATA,NO DATA,NO DATA,NO DATA,NO DATA,13.3,11.2,6.1,NO DATA,NO DATA,NO DATA,NO DATA,NO DATA
5cca7d99-7596-48b5-b985-fac56ba06e5c,10,29.6,36.8,37.6,NO DATA,19.8,22.7,NO DATA,NO DATA,NO DATA,NO DATA,NO DATA,NO DATA,NO DATA
5ce49d75-ff6e-4a59-8c11-4a9896333b82,8,20.9,25.9,23.8,21.5,19.9,36.2,36.0,35.6,32.7,29.1,20.4,10.8,10.8
5cf00798-8fbd-4e91-8990-69bdd6723b4f,10,NO DATA,30.9,21.5,NO DATA,22.8,12.1,9.5,NO DATA,60.3,NO DATA,NO DATA,NO DATA,NO DATA
5d1c7bac-d8a3-4b53-a0f4-aa0ca0ab978a,10,26.7,22.5,NO DATA,NO DATA,NO DATA,NO DATA,NO DATA,NO DATA,NO DATA,NO DATA,NO DATA,NO DATA,NO DATA
5d243c82-4103-43bc-b0d7-d7963dd7f75e,10,38.8,41.9,41.9,37.3,NO DATA,NO DATA,NO DATA,NO DATA,NO DATA,NO DATA,NO DATA,NO DATA,NO DATA
5d2cf24c-423a-4084-b0da-2b6cc374b961,10,21.1,28.5,24.8,17.7,12.6,10.7,NO DATA,NO DATA,NO DATA,NO DATA,NO DATA,NO DATA,NO DATA
5d409b57-d37a-4710-9872-132517a25e2f,10,29.1,31.5,22.4,18.7,NO DATA,NO DATA,NO DATA,NO DATA,NO DATA,NO DATA,NO DATA,NO DATA,NO DATA
5d46e894-f77c-419d-9d6e-28dce2b0db53,10,26.7,29.6,NO DATA,NO DATA,NO DATA,NO DATA,NO DATA,NO DATA,NO DATA,NO DATA,NO DATA,NO DATA,NO DATA
5d56cd53-131c-4f21-930c-357efc066833,10,25.1,26.0,23.5,NO DATA,NO DATA,NO DATA,NO DATA,NO DATA,NO DATA,NO DATA,NO DATA,NO DATA,NO DATA
5d64deb1-2dfe-43f2-bfd7-7a580b3ad9f1,12,NO DATA,NO DATA,NO DATA,NO DATA,NO DATA,NO DATA,NO DATA,NO DATA,44.0,37.9,NO DATA,NO DATA,NO DATA
5d671902-1139-4705-845f-49f189f3c0f9,10,25.3,27.0,NO DATA,NO DATA,NO DATA,NO DATA,NO DATA,NO DATA,NO DATA,NO DATA,NO DATA,NO DATA,NO DATA
5d742a00-93ac-4a7f-a44e-4ce6ade0f1fe,6,28.1,30.8,NO DATA,NO DATA,NO DATA,33.2,35.2,NO DATA,NO DATA,NO DATA,NO DATA,NO DATA,NO DATA
5d8d049e-19ea-482a-8db0-49d437680876,10,34.5,34.7,NO DATA,NO DATA,NO DATA,NO DATA,17.4,NO DATA,NO DATA,NO DATA,NO DATA,NO DATA,NO DATA
5d9799ea-b876-44d7-868a-593c0bb4cfd9,6,27.2,26.0,NO DATA,24.9,23.6,NO DATA,NO DATA,NO DATA,NO DATA,NO DATA,NO DATA,10.7,10.7
5da4caeb-8613-4d9b-9bf8-66c2810005c2,8,NO DATA,NO DATA,NO DATA,NO DATA,NO DATA,NO DATA,35.5,NO DATA,NO DATA,NO DATA,NO DATA,NO DATA,NO DATA
5dab1078-30bb-43a5-a326-56a97db90d60,10,NO DATA,NO DATA,NO DATA,NO DATA,30.1,23.5,10.2,NO DATA,NO DATA,NO DATA,NO DATA,NO DATA,NO DATA
5db693b9-929e-4487-a1da-74a7c730ba86,10,28.7,25.7,13.4,NO DATA,NO DATA,NO DATA,NO DATA,NO DATA,NO DATA,NO DATA,NO DATA,NO DATA,NO DATA
5dbbd65f-c3c9-4e81-bcd5-2cb2da567203,10,29.1,34.4,NO DATA,NO DATA,NO DATA,NO DATA,NO DATA,NO DATA,NO DATA,NO DATA,NO DATA,NO DATA,NO DATA
5dbf5e40-c62d-4b41-814b-c9d481cc329c,10,26.5,24.6,19.6,14.9,10.3,NO DATA,NO DATA,NO DATA,40.2,37.3,NO DATA,31.4,30.4
5dce275d-52ae-49e7-9d97-5e3555fe0ad1,10,NO DATA,NO DATA,NO DATA,NO DATA,36.3,NO DATA,NO DATA,NO DATA,NO DATA,NO DATA,NO DATA,NO DATA,NO DATA
5dce44d1-a643-472b-94c3-6b88eb8c0506,10,NO DATA,NO DATA,34.5,32.6,30.2,28.6,31.3,30.1,25.1,24.4,10.1,NO DATA,NO DATA
5dd2885c-0bb1-4cb8-96ce-3f8e33ced266,12,NO DATA,NO DATA,NO DATA,NO DATA,NO DATA,NO DATA,NO DATA,NO DATA,47.2,46.2,NO DATA,35.6,35.6
5ddf607a-9cfa-47bd-afa4-a36c46c16de1,10,29.7,33.4,NO DATA,NO DATA,NO DATA,NO DATA,NO DATA,NO DATA,44.6,NO DATA,NO DATA,NO DATA,NO DATA
5de9b7aa-476f-4764-8bff-7072082c8c84,10,32.7,36.2,NO DATA,NO DATA,NO DATA,NO DATA,NO DATA,NO DATA,NO DATA,NO DATA,NO DATA,NO DATA,NO DATA
5e0c963b-4f71-418d-b70c-e6ce49ec281b,8,NO DATA,NO DATA,NO DATA,NO DATA,NO DATA,NO DATA,NO DATA,NO DATA,41.2,NO DATA,NO DATA,NO DATA,NO DATA
5e13f628-eacc-4931-ae9c-71f8c61b8a4e,10,28.3,30.6,NO DATA,NO DATA,NO DATA,NO DATA,NO DATA,NO DATA,NO DATA,NO DATA,NO DATA,NO DATA,NO DATA
5e335f6c-8a77-4625-b1f6-c38ab8c903fb,10,33.4,32.9,32.7,29.2,25.0,6.2,11.1,5.9,NO DATA,NO DATA,NO DATA,NO DATA,NO DATA
5e4271ba-08d7-4524-b723-b76dc2900af8,10,NO DATA,NO DATA,36.3,NO DATA,NO DATA,NO DATA,NO DATA,NO DATA,NO DATA,NO DATA,NO DATA,NO DATA,NO DATA
5e57ff0f-f149-42b9-9626-f9ad10a437e5,10,NO DATA,35.8,34.0,32.1,31.6,30.0,28.5,21.1,9.3,NO DATA,NO DATA,NO DATA,NO DATA
5e5f63dd-d012-457e-bcfd-935150aa1284,8,NO DATA,NO DATA,NO DATA,NO DATA,NO DATA,45.9,41.6,37.5,32.8,NO DATA,NO DATA,NO DATA,NO DATA
5e71bc1b-45fa-459e-a3d5-4cd45fb86765,10,NO DATA,38.7,NO DATA,NO DATA,NO DATA,NO DATA,NO DATA,NO DATA,NO DATA,NO DATA,NO DATA,NO DATA,NO DATA
5e7cab94-dccf-44e1-bd38-cb343e2cef54,10,29.2,36.4,36.6,NO DATA,NO DATA,NO DATA,NO DATA,NO DATA,NO DATA,NO DATA,NO DATA,NO DATA,NO DATA
5e98bf77-b31c-49ab-8a1d-d1cfc307fe51,8,NO DATA,NO DATA,NO DATA,NO DATA,NO DATA,NO DATA,34.0,33.2,27.2,31.3,15.9,20.3,20.3
5eccb18b-8371-45f4-8a8a-dbf6bdb83de7,8,NO DATA,NO DATA,NO DATA,NO DATA,NO DATA,NO DATA,33.0,30.2,27.8,NO DATA,NO DATA,NO DATA,NO DATA
5eceabd0-5b28-4122-ba14-05bd24080b15,10,34.6,40.9,NO DATA,NO DATA,NO DATA,NO DATA,39.4,NO DATA,NO DATA,NO DATA,NO DATA,NO DATA,NO DATA
5ed4d3cf-eb0a-4da9-9782-538aa451761f,10,34.6,37.4,33.6,26.4,19.4,18.8,10.0,NO DATA,53.9,44.5,34.6,36.9,35.0
5ee7f6df-19da-4782-8dc4-e6c3e8d9cab5,10,NO DATA,38.7,NO DATA,NO DATA,NO DATA,NO DATA,NO DATA,NO DATA,NO DATA,NO DATA,NO DATA,NO DATA,NO DATA
5efd07a6-ba03-43e1-83d8-ce72fb63a912,10,NO DATA,38.3,37.1,34.5,NO DATA,NO DATA,NO DATA,NO DATA,NO DATA,NO DATA,NO DATA,NO DATA,NO DATA
5f004a62-e09c-4ada-bcd9-46632f40679e,8,NO DATA,NO DATA,NO DATA,NO DATA,23.3,NO DATA,NO DATA,NO DATA,NO DATA,NO DATA,NO DATA,44.6,37.2
5f004a62-e09c-4ada-bcd9-46632f40679e,10,NO DATA,NO DATA,NO DATA,NO DATA,32.0,31.5,39.6,NO DATA,NO DATA,NO DATA,NO DATA,NO DATA,NO DATA
5f19d88d-bc77-4ad1-85a5-09742b3227b3,10,NO DATA,NO DATA,NO DATA,NO DATA,NO DATA,49.0,NO DATA,NO DATA,NO DATA,NO DATA,NO DATA,NO DATA,NO DATA
5f298744-5a26-4074-ba13-15da7bc8762c,10,37.7,36.5,34.0,33.0,31.9,NO DATA,NO DATA,NO DATA,NO DATA,NO DATA,NO DATA,NO DATA,NO DATA
5f2ab3ed-f603-4d2c-affb-177e11091b4a,10,NO DATA,26.6,NO DATA,NO DATA,NO DATA,NO DATA,NO DATA,NO DATA,NO DATA,NO DATA,NO DATA,NO DATA,NO DATA
5f318381-2178-4076-b1ac-26e57fac8fab,8,NO DATA,NO DATA,NO DATA,NO DATA,NO DATA,NO DATA,NO DATA,25.0,NO DATA,NO DATA,NO DATA,NO DATA,NO DATA
5f348098-1f12-43f3-957c-530ad7145d9e,8,NO DATA,NO DATA,NO DATA,NO DATA,NO DATA,NO DATA,NO DATA,41.8,36.1,33.9,NO DATA,14.1,15.0
5f3a8cfa-1b6a-4a6c-8d33-d5cd5c83639b,6,NO DATA,NO DATA,26.4,21.2,19.6,NO DATA,NO DATA,NO DATA,NO DATA,NO DATA,NO DATA,NO DATA,NO DATA
5f3ba012-29a4-4e8f-bba2-df93403871f5,10,28.9,28.0,24.6,19.7,14.9,NO DATA,NO DATA,NO DATA,NO DATA,NO DATA,NO DATA,NO DATA,NO DATA
5f8c790b-cafe-47e9-9416-36cac12b2ca2,8,NO DATA,NO DATA,NO DATA,NO DATA,NO DATA,NO DATA,36.4,35.6,NO DATA,NO DATA,NO DATA,NO DATA,NO DATA
5f948664-5bb3-4a11-a808-c0c2fdbd3055,10,36.1,38.7,41.4,NO DATA,NO DATA,NO DATA,NO DATA,NO DATA,NO DATA,NO DATA,NO DATA,NO DATA,NO DATA
5fa19ae3-5480-443d-8e00-8968b444a93f,10,27.3,NO DATA,NO DATA,NO DATA,NO DATA,NO DATA,NO DATA,NO DATA,33.5,32.3,NO DATA,31.6,31.6
5faa8387-7977-45dd-a21f-583597c45dbe,6,22.2,23.5,22.8,NO DATA,NO DATA,NO DATA,NO DATA,NO DATA,NO DATA,NO DATA,NO DATA,NO DATA,NO DATA
5fe44ceb-51d6-400f-a635-644ec3764d24,10,30.9,34.7,NO DATA,32.0,32.2,NO DATA,NO DATA,NO DATA,NO DATA,NO DATA,NO DATA,NO DATA,NO DATA
5fef548c-c537-4fa1-8f82-102bd98adf4d,8,NO DATA,NO DATA,NO DATA,NO DATA,NO DATA,NO DATA,40.6,38.0,34.7,35.1,NO DATA,30.0,29.6
5ffb01a5-4630-4166-b59e-e7285a831c04,8,NO DATA,NO DATA,NO DATA,NO DATA,NO DATA,NO DATA,NO DATA,40.6,38.0,NO DATA,NO DATA,NO DATA,NO DATA
5ffdf0dc-c002-4477-a281-f361b74ecd37,10,NO DATA,NO DATA,NO DATA,NO DATA,NO DATA,NO DATA,39.9,39.3,NO DATA,NO DATA,NO DATA,NO DATA,NO DATA
600d1864-6232-406a-8ca7-d1e4e1e1c4b9,10,29.4,28.9,NO DATA,NO DATA,NO DATA,NO DATA,NO DATA,NO DATA,NO DATA,NO DATA,NO DATA,NO DATA,NO DATA
60355a11-eb7b-4bbf-b58d-9718668979ce,10,NO DATA,NO DATA,NO DATA,NO DATA,29.7,36.3,28.3,NO DATA,NO DATA,NO DATA,NO DATA,NO DATA,NO DATA
603f4a1a-8d8c-43f6-a75f-c7a3fb06e883,10,41.6,37.3,34.9,35.5,28.3,25.6,29.9,23.5,11.5,NO DATA,NO DATA,NO DATA,NO DATA
604f4ab0-b25c-4015-b55b-1d8ce47f9676,10,26.8,35.4,NO DATA,NO DATA,NO DATA,NO DATA,30.6,NO DATA,NO DATA,NO DATA,NO DATA,NO DATA,NO DATA
606a512d-982a-4afa-a927-f54cbc78cf49,10,33.4,27.0,NO DATA,NO DATA,NO DATA,NO DATA,NO DATA,NO DATA,NO DATA,NO DATA,NO DATA,NO DATA,NO DATA
607e7bd0-370f-4b05-aaeb-92388b768c50,8,NO DATA,NO DATA,NO DATA,NO DATA,NO DATA,40.5,43.8,37.8,33.9,NO DATA,NO DATA,NO DATA,NO DATA
6083e43b-98f7-4e80-9415-99ce3a5550e0,10,34.1,35.5,NO DATA,NO DATA,NO DATA,NO DATA,NO DATA,NO DATA,NO DATA,NO DATA,NO DATA,NO DATA,NO DATA
6091c2f2-68d1-4faa-9b52-3d36ce293070,10,36.8,41.8,21.2,NO DATA,NO DATA,41.1,NO DATA,41.7,47.0,NO DATA,NO DATA,NO DATA,NO DATA
60a01fc7-cc29-4e76-a2f2-d64ecfad0814,8,NO DATA,NO DATA,NO DATA,NO DATA,NO DATA,NO DATA,33.0,32.2,28.3,26.0,NO DATA,NO DATA,NO DATA
60b35d70-5f9c-4dc2-8ddf-eecd5799e065,10,NO DATA,39.0,37.2,NO DATA,NO DATA,NO DATA,39.8,38.3,NO DATA,NO DATA,NO DATA,NO DATA,NO DATA
60b77245-efcb-42c3-af66-10cde4360057,6,NO DATA,NO DATA,NO DATA,NO DATA,NO DATA,NO DATA,34.4,31.2,31.1,30.2,43.3,NO DATA,NO DATA
60bd18ad-18e7-46fe-b708-db4b540bb896,10,19.2,20.0,19.8,20.0,22.6,19.2,NO DATA,NO DATA,NO DATA,NO DATA,NO DATA,NO DATA,NO DATA
60ceb21c-78c0-4e99-9a92-45adb199363b,10,NO DATA,37.0,34.6,19.1,10.8,11.7,NO DATA,NO DATA,42.5,38.2,52.9,31.6,28.9
60d3e6b0-e067-4ea6-9d18-2d9f72267c88,10,NO DATA,NO DATA,41.2,35.1,NO DATA,NO DATA,NO DATA,NO DATA,NO DATA,NO DATA,NO DATA,NO DATA,NO DATA
60dc65f5-45c2-47cc-9c0c-6a9ddc445ac1,10,32.0,35.6,NO DATA,NO DATA,NO DATA,NO DATA,NO DATA,NO DATA,NO DATA,NO DATA,NO DATA,NO DATA,NO DATA
60df0185-9f9c-496d-b5af-43a07b5e0d4e,10,39.5,39.6,NO DATA,42.0,NO DATA,NO DATA,NO DATA,NO DATA,NO DATA,NO DATA,NO DATA,NO DATA,NO DATA
6103bb8c-e69c-46c2-8236-101e08ae0734,6,24.0,25.5,24.7,22.9,21.0,25.7,21.6,29.5,28.0,23.3,NO DATA,18.4,17.1
610cf724-9931-483d-be85-643dd90179d2,10,25.7,NO DATA,NO DATA,NO DATA,NO DATA,NO DATA,NO DATA,NO DATA,NO DATA,NO DATA,NO DATA,NO DATA,NO DATA
6114f456-6a4c-4644-ac7b-73ef2c3357bf,10,40.1,45.0,48.6,NO DATA,NO DATA,NO DATA,NO DATA,41.9,38.0,33.7,NO DATA,NO DATA,NO DATA
6125a08f-a6e6-4ac4-93a4-300cbd5f6c17,12,NO DATA,NO DATA,NO DATA,NO DATA,NO DATA,NO DATA,NO DATA,NO DATA,50.4,53.4,NO DATA,NO DATA,NO DATA
61348394-6d35-4928-88f6-410e2fa45e3a,10,28.3,29.5,29.2,26.4,27.4,24.6,NO DATA,NO DATA,NO DATA,NO DATA,NO DATA,NO DATA,NO DATA
6140600f-5f03-4b20-82f5-3fc8e8da46bd,10,NO DATA,38.1,NO DATA,NO DATA,NO DATA,NO DATA,NO DATA,NO DATA,NO DATA,NO DATA,NO DATA,NO DATA,NO DATA
6159c479-7d48-4fbf-b581-36663e5326b6,6,NO DATA,29.2,27.8,NO DATA,NO DATA,NO DATA,NO DATA,NO DATA,NO DATA,NO DATA,NO DATA,NO DATA,NO DATA
61a6b370-23f8-439c-9040-a261b8d1b44d,8,NO DATA,NO DATA,NO DATA,NO DATA,NO DATA,NO DATA,42.4,27.0,NO DATA,NO DATA,NO DATA,NO DATA,NO DATA
61a6d6b2-69e6-471f-81ea-5278c859791e,10,39.3,72.4,NO DATA,NO DATA,NO DATA,NO DATA,49.0,NO DATA,NO DATA,NO DATA,NO DATA,NO DATA,NO DATA
61f402c0-5d1c-4b4e-aa01-a79ad0adf665,10,32.5,NO DATA,NO DATA,NO DATA,NO DATA,NO DATA,NO DATA,NO DATA,NO DATA,NO DATA,NO DATA,NO DATA,NO DATA
61fa7317-b86c-415e-973b-d3614eadaac7,8,NO DATA,NO DATA,NO DATA,NO DATA,NO DATA,NO DATA,NO DATA,40.7,34.8,NO DATA,NO DATA,NO DATA,NO DATA
61ff51a3-db97-443c-b8cc-a21eda4eff93,12,NO DATA,NO DATA,NO DATA,NO DATA,NO DATA,NO DATA,NO DATA,NO DATA,43.4,45.3,NO DATA,NO DATA,NO DATA
622d97dc-a821-4ccd-a584-0a19e25ab82d,10,30.1,NO DATA,NO DATA,NO DATA,NO DATA,NO DATA,NO DATA,NO DATA,NO DATA,NO DATA,NO DATA,NO DATA,NO DATA
624d55d6-449b-43f6-adb3-eac31abe5e17,12,39.4,38.0,NO DATA,NO DATA,NO DATA,NO DATA,NO DATA,NO DATA,44.9,39.3,24.7,14.4,NO DATA
625b3240-96cb-4bd4-863e-4a9730f91aae,10,31.5,NO DATA,NO DATA,NO DATA,NO DATA,NO DATA,NO DATA,NO DATA,NO DATA,NO DATA,NO DATA,NO DATA,NO DATA
625eab56-9cf0-4839-8e37-3f0bf34f5f0d,10,NO DATA,38.5,37.6,43.5,41.0,34.9,47.3,50.5,NO DATA,NO DATA,NO DATA,NO DATA,NO DATA
62769cc1-f972-4812-8a01-d1dadf0a3ffa,8,NO DATA,NO DATA,NO DATA,NO DATA,NO DATA,NO DATA,32.1,25.7,NO DATA,NO DATA,NO DATA,NO DATA,NO DATA
6291806e-0041-488c-8270-c191373df92b,8,25.9,32.9,38.1,NO DATA,NO DATA,NO DATA,34.3,NO DATA,31.3,NO DATA,NO DATA,NO DATA,NO DATA
62b5f764-de87-4a76-a43e-39f200f22d69,8,NO DATA,NO DATA,NO DATA,NO DATA,NO DATA,29.0,NO DATA,NO DATA,NO DATA,NO DATA,NO DATA,NO DATA,NO DATA
62c47df7-e21f-45c6-88d1-e1ef2b12b259,10,32.9,34.7,35.8,30.8,28.1,NO DATA,25.5,10.7,NO DATA,NO DATA,NO DATA,NO DATA,NO DATA
62c97a09-67d7-4447-ad08-42162ffb1bae,10,28.1,27.7,22.2,NO DATA,NO DATA,NO DATA,27.4,17.9,8.7,NO DATA,NO DATA,NO DATA,NO DATA
62d4797b-0861-4c13-8c3a-f094b643dd22,10,NO DATA,40.3,NO DATA,NO DATA,NO DATA,NO DATA,NO DATA,NO DATA,NO DATA,NO DATA,NO DATA,NO DATA,NO DATA
62de3eb2-55c3-462f-8e0b-caf01e736cb9,10,31.7,32.7,NO DATA,NO DATA,NO DATA,NO DATA,35.1,NO DATA,NO DATA,NO DATA,NO DATA,NO DATA,NO DATA
63190bf0-5aee-4811-a125-07f38742d709,8,28.1,35.5,NO DATA,32.6,NO DATA,NO DATA,NO DATA,NO DATA,NO DATA,NO DATA,NO DATA,NO DATA,NO DATA
634af437-1d15-4271-9f7e-1179f5ec7120,12,NO DATA,NO DATA,NO DATA,NO DATA,NO DATA,NO DATA,NO DATA,NO DATA,NO DATA,NO DATA,NO DATA,60.8,60.8
635a78a9-2b09-4095-8ddb-f2f643ee131b,10,31.5,35.3,33.6,NO DATA,NO DATA,NO DATA,NO DATA,NO DATA,NO DATA,NO DATA,NO DATA,NO DATA,NO DATA
63648ab0-de9a-4c8e-809a-ee64308b6d8d,10,NO DATA,NO DATA,NO DATA,NO DATA,NO DATA,NO DATA,NO DATA,NO DATA,39.4,34.2,NO DATA,NO DATA,NO DATA
636a620f-ceb1-43ac-be8e-71a692a3e557,10,28.4,27.9,NO DATA,NO DATA,NO DATA,NO DATA,NO DATA,NO DATA,NO DATA,37.9,NO DATA,NO DATA,NO DATA
63797014-8329-4760-b20a-8f98f6d3a1c5,10,40.1,39.3,NO DATA,NO DATA,NO DATA,NO DATA,27.4,NO DATA,NO DATA,NO DATA,NO DATA,NO DATA,NO DATA
637c3c62-62fb-4be5-b03f-3e4849cbe2b0,6,24.3,24.8,23.5,24.3,23.2,22.8,20.7,15.8,27.2,32.8,NO DATA,NO DATA,NO DATA
6384eeff-ddd8-4982-9956-cbe68789ab44,10,27.2,30.4,NO DATA,20.3,NO DATA,NO DATA,NO DATA,NO DATA,NO DATA,NO DATA,NO DATA,NO DATA,NO DATA
63adc6af-6ef4-4803-9076-d4923cd6c859,10,NO DATA,32.9,26.1,32.3,28.2,31.2,NO DATA,NO DATA,NO DATA,NO DATA,NO DATA,NO DATA,NO DATA
63ead40f-090a-4315-85b8-984f35126f6b,10,NO DATA,NO DATA,27.0,13.7,NO DATA,NO DATA,NO DATA,NO DATA,39.6,39.3,31.3,32.5,31.3
63eede88-924f-4bcd-9762-c06f13c66f16,10,NO DATA,31.3,NO DATA,NO DATA,NO DATA,NO DATA,5.9,NO DATA,48.9,67.7,NO DATA,NO DATA,NO DATA
6427aeeb-edc2-44c3-9af2-c27c46c83ec4,12,NO DATA,NO DATA,NO DATA,NO DATA,NO DATA,NO DATA,50.1,51.6,NO DATA,NO DATA,NO DATA,NO DATA,NO DATA
64301513-0482-485c-a699-3c0c372a1749,8,NO DATA,28.5,24.0,23.1,20.9,24.1,36.5,23.1,35.7,35.0,NO DATA,46.4,NO DATA
6439cbc9-9a59-4c6b-a29b-64ac6f2a1b39,8,NO DATA,NO DATA,NO DATA,NO DATA,NO DATA,NO DATA,35.3,33.0,31.1,26.2,NO DATA,NO DATA,NO DATA
647e181c-8171-46f4-aaff-63f17ae7db59,10,NO DATA,NO DATA,31.0,29.4,26.9,23.8,28.1,24.7,20.9,17.2,NO DATA,NO DATA,NO DATA
6496eea3-9d32-4038-b2ff-6a0c3915a231,10,NO DATA,29.5,26.1,NO DATA,NO DATA,NO DATA,NO DATA,NO DATA,NO DATA,NO DATA,NO DATA,NO DATA,NO DATA
649d10b0-0350-4d58-b4ae-22a232b4c657,10,30.7,NO DATA,NO DATA,NO DATA,NO DATA,NO DATA,NO DATA,NO DATA,NO DATA,NO DATA,NO DATA,NO DATA,NO DATA
649fa8d7-3891-4ba0-b045-9d4e55dc7f6d,6,NO DATA,38.6,30.0,NO DATA,NO DATA,NO DATA,NO DATA,NO DATA,NO DATA,NO DATA,NO DATA,NO DATA,NO DATA
64ad6e72-c34e-46aa-b805-e01a92622cb9,10,35.1,NO DATA,NO DATA,NO DATA,NO DATA,NO DATA,NO DATA,NO DATA,NO DATA,NO DATA,NO DATA,NO DATA,NO DATA
64c444fc-5ba4-4b2a-ab5b-c8b8ccf4c71f,12,NO DATA,NO DATA,43.3,NO DATA,NO DATA,NO DATA,NO DATA,NO DATA,NO DATA,NO DATA,NO DATA,NO DATA,NO DATA
64d5210c-4315-4aa4-86f8-7711ae2a63e2,6,28.0,28.1,29.8,27.6,NO DATA,28.5,30.3,NO DATA,NO DATA,NO DATA,NO DATA,NO DATA,NO DATA
64e13acd-a319-4c73-b325-012967ef0a14,10,34.3,35.3,32.5,33.5,33.5,NO DATA,26.3,18.8,NO DATA,NO DATA,NO DATA,NO DATA,NO DATA
64eb182c-5b51-44fe-84c1-1ee89a5e6571,10,NO DATA,33.0,32.4,30.0,29.6,26.2,21.5,14.6,12.9,NO DATA,NO DATA,NO DATA,NO DATA
64fe650c-acf4-479b-9dbb-6249a8d40b08,6,NO DATA,NO DATA,NO DATA,NO DATA,NO DATA,NO DATA,NO DATA,NO DATA,NO DATA,NO DATA,NO DATA,26.6,26.0
65074c20-0996-4f82-a3e4-2b12bf2f8388,10,30.3,28.5,30.2,28.6,27.0,27.0,21.7,14.3,NO DATA,NO DATA,NO DATA,53.4,NO DATA
651a175a-5cab-4e42-b924-edb78d988719,10,NO DATA,NO DATA,37.5,32.2,30.3,NO DATA,NO DATA,NO DATA,NO DATA,NO DATA,NO DATA,NO DATA,NO DATA
651b96db-71b1-461e-8e2b-146ad9461d6f,12,NO DATA,NO DATA,NO DATA,NO DATA,63.1,69.6,54.1,NO DATA,NO DATA,NO DATA,NO DATA,NO DATA,NO DATA
652ad0bf-ab6a-471b-99ef-c5a6e3f3f003,10,26.7,28.2,NO DATA,NO DATA,NO DATA,NO DATA,16.1,20.5,NO DATA,NO DATA,NO DATA,NO DATA,NO DATA
65336199-28aa-46bb-86b0-319dd964f7ca,10,36.1,36.1,NO DATA,NO DATA,NO DATA,NO DATA,NO DATA,NO DATA,NO DATA,NO DATA,NO DATA,NO DATA,NO DATA
6536651d-dca7-4fe5-a0cf-58e877c73c86,10,NO DATA,NO DATA,NO DATA,NO DATA,NO DATA,NO DATA,NO DATA,NO DATA,NO DATA,NO DATA,NO DATA,26.0,26.0
65382062-30dc-4988-85bd-ce59551caade,6,40.9,NO DATA,NO DATA,NO DATA,NO DATA,NO DATA,NO DATA,NO DATA,NO DATA,NO DATA,NO DATA,NO DATA,NO DATA
653e04ee-fa33-49dc-8be7-27450db48a7a,8,NO DATA,NO DATA,NO DATA,NO DATA,NO DATA,31.7,39.7,NO DATA,NO DATA,NO DATA,NO DATA,18.4,19.6
6554d331-2c4f-4131-9ac3-5114bac25ea7,10,NO DATA,NO DATA,NO DATA,NO DATA,NO DATA,NO DATA,NO DATA,39.8,NO DATA,NO DATA,NO DATA,NO DATA,NO DATA
6555a544-b8e8-45e6-a88a-361226ca2634,6,NO DATA,NO DATA,NO DATA,NO DATA,NO DATA,NO DATA,32.2,30.0,NO DATA,NO DATA,NO DATA,NO DATA,NO DATA
6579c1ad-cbc0-47e6-aaf8-123da6ee13d4,10,NO DATA,NO DATA,NO DATA,NO DATA,NO DATA,NO DATA,NO DATA,NO DATA,NO DATA,NO DATA,NO DATA,32.0,29.9
6585a4fd-3747-4743-8d34-7907ed5a8eb2,10,30.9,27.3,16.6,NO DATA,NO DATA,NO DATA,NO DATA,NO DATA,NO DATA,NO DATA,NO DATA,NO DATA,NO DATA
65abe632-44ae-4a2a-aec8-d97ede1b9844,8,NO DATA,NO DATA,NO DATA,NO DATA,NO DATA,NO DATA,40.2,35.7,NO DATA,NO DATA,NO DATA,NO DATA,NO DATA
65ca2b4d-a95b-408c-92ff-2977652aaff1,10,NO DATA,37.0,NO DATA,NO DATA,36.0,NO DATA,NO DATA,NO DATA,NO DATA,NO DATA,NO DATA,NO DATA,NO DATA
65cd672b-e31d-47b4-a1fd-1325647b953a,6,27.4,27.6,NO DATA,NO DATA,NO DATA,NO DATA,NO DATA,NO DATA,NO DATA,NO DATA,NO DATA,NO DATA,NO DATA
65d80dc7-786d-4af1-ab8a-d20036e6165b,10,29.7,39.1,38.8,NO DATA,NO DATA,NO DATA,NO DATA,NO DATA,NO DATA,NO DATA,NO DATA,NO DATA,NO DATA
65e72be3-cd4f-46d4-a29e-211676d05ec1,10,5.7,35.1,29.7,NO DATA,NO DATA,NO DATA,NO DATA,NO DATA,NO DATA,NO DATA,NO DATA,NO DATA,NO DATA
65fba9c4-1daf-4676-9e93-d7ab6fced565,8,NO DATA,NO DATA,NO DATA,NO DATA,NO DATA,NO DATA,39.8,37.6,35.6,33.2,NO DATA,NO DATA,NO DATA
65ffeeb7-be31-4812-b60c-6f1d5c88d828,8,NO DATA,NO DATA,NO DATA,NO DATA,NO DATA,NO DATA,36.1,30.5,27.0,20.4,NO DATA,NO DATA,NO DATA
662423e8-bfe0-4014-b76c-6d4cfbbd41fb,10,NO DATA,43.3,NO DATA,NO DATA,NO DATA,NO DATA,NO DATA,NO DATA,NO DATA,NO DATA,NO DATA,NO DATA,NO DATA
6633b937-57c4-4671-904a-88ed1ae7443e,10,34.6,32.1,NO DATA,17.6,NO DATA,NO DATA,NO DATA,NO DATA,NO DATA,NO DATA,NO DATA,NO DATA,NO DATA
666725fd-c0e0-443d-ba6e-3190e0aadb79,10,NO DATA,NO DATA,NO DATA,35.5,28.8,NO DATA,NO DATA,NO DATA,NO DATA,NO DATA,48.6,54.4,49.7
666d0754-4670-490e-b9f7-ef5047c4062f,6,24.2,27.1,NO DATA,NO DATA,NO DATA,NO DATA,NO DATA,NO DATA,NO DATA,NO DATA,NO DATA,NO DATA,NO DATA
6677282d-1f80-4d96-84a7-4bb617bdfb42,10,NO DATA,36.5,29.3,NO DATA,NO DATA,NO DATA,NO DATA,NO DATA,NO DATA,NO DATA,NO DATA,NO DATA,NO DATA
667c886a-bbc3-45a1-82d0-b92039afdc8a,10,29.1,33.0,28.5,52.1,NO DATA,NO DATA,NO DATA,NO DATA,NO DATA,NO DATA,NO DATA,NO DATA,NO DATA
669689c3-4681-46ad-9b1c-4cb995f37b9a,10,31.0,33.8,NO DATA,NO DATA,NO DATA,NO DATA,NO DATA,NO DATA,NO DATA,NO DATA,NO DATA,NO DATA,NO DATA
6699bc18-d254-4561-82c1-f08f0608507f,10,NO DATA,NO DATA,NO DATA,NO DATA,NO DATA,NO DATA,NO DATA,NO DATA,40.4,NO DATA,NO DATA,NO DATA,NO DATA
669a7b11-6854-425d-b161-977323f70ff9,10,NO DATA,NO DATA,NO DATA,NO DATA,NO DATA,NO DATA,38.5,27.6,NO DATA,NO DATA,NO DATA,NO DATA,NO DATA
669c9ac6-e9fc-4e2b-971c-68177699ef9a,10,NO DATA,NO DATA,NO DATA,NO DATA,NO DATA,NO DATA,NO DATA,41.7,54.2,NO DATA,NO DATA,23.7,28.0
66b73f65-8667-4811-a1fa-632d013eefe2,8,NO DATA,NO DATA,NO DATA,NO DATA,NO DATA,60.5,66.8,NO DATA,NO DATA,NO DATA,NO DATA,NO DATA,NO DATA
66ba150c-9282-4f39-ae88-9d733b957288,10,NO DATA,37.5,38.9,35.0,NO DATA,37.3,30.9,20.3,NO DATA,NO DATA,NO DATA,NO DATA,NO DATA
66cacf35-6495-4fb4-9e47-dbab2dbfccdd,6,23.5,26.1,NO DATA,NO DATA,NO DATA,25.3,NO DATA,NO DATA,NO DATA,NO DATA,NO DATA,NO DATA,NO DATA
6708a736-f061-468d-af58-44481bee5f23,10,29.2,24.0,14.9,NO DATA,NO DATA,7.5,NO DATA,NO DATA,NO DATA,NO DATA,NO DATA,NO DATA,NO DATA
67093c85-44b8-4da2-b80d-2ce81b05ecf5,10,25.5,31.3,26.9,19.4,15.6,7.4,NO DATA,NO DATA,NO DATA,NO DATA,NO DATA,NO DATA,NO DATA
67403e51-ca7e-4694-97b3-8cc1a9ff592f,8,NO DATA,NO DATA,NO DATA,NO DATA,NO DATA,NO DATA,38.0,37.4,33.9,NO DATA,NO DATA,NO DATA,NO DATA
674c3d6c-e506-4893-a2d4-5ffb7ec3b56e,10,NO DATA,NO DATA,NO DATA,NO DATA,NO DATA,NO DATA,35.9,38.8,34.1,29.0,NO DATA,NO DATA,NO DATA
674fff72-b67b-4759-b5cf-b9b6c67b591c,10,31.0,48.0,NO DATA,38.8,33.3,36.0,33.4,32.6,NO DATA,NO DATA,NO DATA,NO DATA,NO DATA
675cc3df-243f-417c-bc79-321651ba2af7,10,NO DATA,33.9,36.6,29.9,20.9,NO DATA,NO DATA,NO DATA,NO DATA,NO DATA,NO DATA,NO DATA,NO DATA
676c1c2f-9abc-44a9-b66e-3a5da06f464d,10,NO DATA,37.1,32.9,32.3,25.8,NO DATA,40.1,NO DATA,NO DATA,NO DATA,NO DATA,NO DATA,NO DATA
6797bcd7-671e-4292-b113-30f89b2af26a,12,NO DATA,NO DATA,NO DATA,NO DATA,NO DATA,NO DATA,41.0,35.0,NO DATA,NO DATA,NO DATA,NO DATA,NO DATA
679c3da5-aa4c-4683-b116-13e703a3b815,8,NO DATA,NO DATA,NO DATA,NO DATA,NO DATA,NO DATA,NO DATA,NO DATA,41.3,NO DATA,37.4,34.8,NO DATA
67c28cfc-57de-43bf-919a-0b891efc549a,8,NO DATA,NO DATA,NO DATA,NO DATA,NO DATA,NO DATA,42.9,36.6,33.0,31.2,NO DATA,23.7,18.4
67d661b2-5ec2-4819-b542-4a5723f06f2d,10,27.1,NO DATA,NO DATA,NO DATA,NO DATA,NO DATA,NO DATA,NO DATA,NO DATA,NO DATA,NO DATA,NO DATA,NO DATA
6814d328-0a79-4dae-be64-bf0880fa7f7c,10,NO DATA,NO DATA,NO DATA,NO DATA,NO DATA,NO DATA,NO DATA,42.7,NO DATA,NO DATA,NO DATA,NO DATA,NO DATA
6821d0f2-1169-4395-894e-d8bf7749df06,10,NO DATA,34.0,34.6,36.0,NO DATA,NO DATA,NO DATA,NO DATA,NO DATA,NO DATA,NO DATA,NO DATA,NO DATA
684383ae-77c6-4269-9880-334a6a9bbf0b,10,NO DATA,NO DATA,36.8,34.9,NO DATA,NO DATA,NO DATA,NO DATA,14.6,NO DATA,NO DATA,NO DATA,NO DATA
68537b22-058f-41c4-b56a-8a5a60389528,10,25.6,26.5,21.5,18.4,NO DATA,NO DATA,NO DATA,NO DATA,NO DATA,NO DATA,NO DATA,NO DATA,NO DATA
68968a85-3316-4393-bdb8-6cbc3da6919e,10,NO DATA,38.4,39.4,NO DATA,NO DATA,NO DATA,NO DATA,NO DATA,NO DATA,NO DATA,NO DATA,NO DATA,NO DATA
689b9f57-a94d-441d-995e-fcc3c6f5bf0a,8,NO DATA,NO DATA,NO DATA,NO DATA,NO DATA,NO DATA,36.6,NO DATA,35.4,33.8,NO DATA,NO DATA,NO DATA
68acbabc-1dbf-4da7-8bbe-2fc075c04d6c,6,NO DATA,23.9,21.7,18.3,12.1,NO DATA,NO DATA,27.0,22.1,20.1,4.7,NO DATA,NO DATA
68cf0488-8576-4e45-aa98-7dfae9233754,10,26.2,31.0,28.1,25.9,25.7,24.1,25.0,21.7,21.5,NO DATA,NO DATA,NO DATA,NO DATA
68d079ec-ee56-49ac-9af9-71c2fcf7eba9,10,NO DATA,NO DATA,NO DATA,NO DATA,NO DATA,NO DATA,NO DATA,NO DATA,NO DATA,NO DATA,NO DATA,22.4,22.4
68d232e8-82b0-4191-bc0f-1cead234a0d1,8,NO DATA,NO DATA,NO DATA,NO DATA,NO DATA,NO DATA,34.7,32.7,30.4,29.7,NO DATA,NO DATA,NO DATA
68fbd671-5ff1-40af-a616-ab9951eab923,10,NO DATA,33.2,NO DATA,NO DATA,NO DATA,NO DATA,35.7,NO DATA,NO DATA,NO DATA,NO DATA,NO DATA,NO DATA
6902064c-408a-43a9-8c80-af958804151c,10,30.1,31.1,NO DATA,32.2,39.7,NO DATA,NO DATA,NO DATA,NO DATA,NO DATA,NO DATA,NO DATA,NO DATA
6909ed44-b993-4f09-9dfb-0a8ed870f822,10,28.9,25.1,15.1,6.5,NO DATA,NO DATA,NO DATA,NO DATA,NO DATA,NO DATA,NO DATA,NO DATA,NO DATA
691a3e0b-5570-45eb-bc67-61a62cc3f4ed,12,NO DATA,NO DATA,NO DATA,NO DATA,NO DATA,NO DATA,NO DATA,NO DATA,49.0,44.5,19.0,26.0,24.2
692387ab-e4c9-4d63-b462-d434bbc149fd,10,30.8,36.7,NO DATA,NO DATA,NO DATA,NO DATA,NO DATA,NO DATA,NO DATA,NO DATA,NO DATA,NO DATA,NO DATA
6938083f-e4a3-4fd0-8d5f-29f981806780,8,NO DATA,NO DATA,NO DATA,NO DATA,NO DATA,NO DATA,42.6,36.7,34.1,33.0,18.6,13.8,11.4
6939f8bd-3377-40e5-a2c7-c0d9a6b78a32,10,NO DATA,34.5,25.4,17.5,21.6,20.2,NO DATA,NO DATA,NO DATA,NO DATA,NO DATA,NO DATA,NO DATA
694bb821-995a-4846-947f-4b01f304406a,12,NO DATA,NO DATA,NO DATA,NO DATA,NO DATA,NO DATA,46.5,40.0,34.7,27.8,15.7,13.6,NO DATA
69501e9d-8d60-48a9-b956-0bde776e5e93,10,33.6,30.9,NO DATA,NO DATA,NO DATA,NO DATA,NO DATA,NO DATA,NO DATA,NO DATA,NO DATA,NO DATA,NO DATA
69680bcc-8f2d-4613-9e13-33688cd63a52,10,NO DATA,33.5,31.6,29.7,27.0,27.4,22.6,19.2,25.4,33.5,NO DATA,28.1,27.2
697d9983-cdd8-44e7-b6d9-740d86f97953,10,38.5,NO DATA,NO DATA,NO DATA,NO DATA,NO DATA,NO DATA,NO DATA,NO DATA,NO DATA,NO DATA,NO DATA,NO DATA
69908025-1cab-43fc-afa7-9bc02003456b,8,NO DATA,NO DATA,31.4,27.9,NO DATA,NO DATA,NO DATA,NO DATA,NO DATA,NO DATA,NO DATA,NO DATA,NO DATA
6996d111-4a4e-45e9-805b-b34b01db2021,8,NO DATA,NO DATA,NO DATA,NO DATA,NO DATA,NO DATA,NO DATA,NO DATA,NO DATA,NO DATA,17.2,18.7,15.6
69ac15a2-199a-4bef-be0c-1c904a7aecb8,12,NO DATA,NO DATA,NO DATA,NO DATA,NO DATA,NO DATA,NO DATA,NO DATA,48.4,NO DATA,NO DATA,NO DATA,NO DATA
69b2eef9-1723-4c73-b24c-bdb16a84e4cf,10,45.7,37.0,NO DATA,NO DATA,NO DATA,47.0,46.3,NO DATA,NO DATA,NO DATA,NO DATA,NO DATA,NO DATA
69bfbc9d-fcf1-4858-9290-ba9726343a7d,10,NO DATA,NO DATA,NO DATA,NO DATA,NO DATA,NO DATA,NO DATA,NO DATA,43.0,NO DATA,NO DATA,NO DATA,NO DATA
69f70d04-b451-44e3-8fc4-3ec460d8bb70,10,NO DATA,NO DATA,NO DATA,NO DATA,NO DATA,NO DATA,NO DATA,NO DATA,54.2,NO DATA,NO DATA,NO DATA,NO DATA
6a059791-09fd-413c-83b2-4c79a3e08490,10,NO DATA,NO DATA,NO DATA,NO DATA,NO DATA,NO DATA,NO DATA,NO DATA,NO DATA,NO DATA,NO DATA,38.5,37.3
6a1cda40-b45c-4ff4-94a6-b0098137f215,10,31.3,34.9,NO DATA,NO DATA,NO DATA,NO DATA,24.5,NO DATA,NO DATA,NO DATA,NO DATA,NO DATA,NO DATA
6a456cf1-96a8-4a26-bda4-8b61fa586506,12,NO DATA,NO DATA,NO DATA,NO DATA,NO DATA,NO DATA,NO DATA,NO DATA,46.3,NO DATA,NO DATA,NO DATA,NO DATA
6a6ce6e9-905a-40e8-9869-56c151b4e2c5,10,NO DATA,NO DATA,NO DATA,33.5,NO DATA,NO DATA,NO DATA,41.1,NO DATA,NO DATA,NO DATA,NO DATA,NO DATA
6a7ade84-5d8e-498f-9718-a2e5a5c945d1,8,NO DATA,NO DATA,NO DATA,NO DATA,NO DATA,NO DATA,NO DATA,NO DATA,36.7,34.5,NO DATA,28.1,26.0
6aa03db9-e3b9-4f8c-a541-90983574c16d,6,22.2,22.7,21.0,NO DATA,24.0,NO DATA,14.7,NO DATA,NO DATA,NO DATA,NO DATA,NO DATA,NO DATA
6aa05b95-3dd0-4646-868c-66896bfeb3dd,10,NO DATA,NO DATA,NO DATA,NO DATA,27.9,NO DATA,NO DATA,NO DATA,NO DATA,NO DATA,NO DATA,NO DATA,NO DATA
6ac8f8f9-0c1f-451b-a869-05b77ec4d0d9,10,29.9,31.8,28.4,NO DATA,26.3,17.8,14.0,12.7,NO DATA,NO DATA,NO DATA,NO DATA,NO DATA
6ace63f7-2e03-4e85-9a64-96d5ba83fa1e,6,26.4,NO DATA,NO DATA,NO DATA,NO DATA,NO DATA,NO DATA,NO DATA,NO DATA,NO DATA,NO DATA,NO DATA,NO DATA
6af84310-620a-4213-94d5-2a855401e927,8,NO DATA,NO DATA,NO DATA,NO DATA,NO DATA,NO DATA,NO DATA,NO DATA,44.6,40.7,NO DATA,NO DATA,NO DATA
6afbc66b-0561-46ab-a5ff-d6b88f34badb,10,34.0,NO DATA,NO DATA,NO DATA,NO DATA,NO DATA,NO DATA,NO DATA,NO DATA,NO DATA,NO DATA,NO DATA,NO DATA
6afd0c37-2215-4bcd-89fa-a7f8a93eb9cb,10,50.0,42.2,39.0,NO DATA,NO DATA,NO DATA,27.4,25.8,16.4,10.5,NO DATA,NO DATA,NO DATA
6afd81b9-a65a-43b5-8dcf-9dd3bc4a4f97,10,25.7,24.8,NO DATA,NO DATA,23.8,NO DATA,NO DATA,NO DATA,NO DATA,NO DATA,NO DATA,NO DATA,NO DATA
6b0eaba6-a477-4909-8793-8f4380f198ea,10,34.8,38.9,39.1,NO DATA,NO DATA,32.5,NO DATA,NO DATA,NO DATA,NO DATA,NO DATA,NO DATA,NO DATA
6b1806bd-1120-48a4-8187-55124719f5f1,8,NO DATA,NO DATA,NO DATA,NO DATA,NO DATA,NO DATA,53.1,NO DATA,NO DATA,NO DATA,NO DATA,NO DATA,NO DATA
6b19e409-a202-41ba-9675-a01fde5f9069,10,24.8,NO DATA,NO DATA,NO DATA,NO DATA,NO DATA,NO DATA,NO DATA,NO DATA,NO DATA,NO DATA,NO DATA,NO DATA
6b53da07-4a33-463a-8b64-7868575be663,10,32.9,36.5,36.5,NO DATA,NO DATA,NO DATA,NO DATA,NO DATA,NO DATA,NO DATA,NO DATA,NO DATA,NO DATA
6b78e1bd-c2b8-4fd2-8aae-f69355bbe012,10,30.2,35.3,33.7,32.6,31.7,32.4,30.0,23.7,12.7,29.7,NO DATA,30.8,31.8
6b7bdfd4-b50f-4896-9f74-38367a0017f8,10,37.4,38.0,33.0,NO DATA,NO DATA,33.8,29.9,22.7,19.3,8.9,NO DATA,NO DATA,NO DATA
6b8f3bcf-7788-4963-9443-9a3b36d83380,10,28.5,29.4,27.0,32.7,NO DATA,27.7,33.0,31.9,NO DATA,NO DATA,NO DATA,24.9,22.3
6b914193-b987-45da-be4b-e410baee5eac,10,25.5,32.9,32.9,29.3,32.7,33.2,28.0,23.0,13.9,NO DATA,NO DATA,NO DATA,NO DATA
6bc451d3-211e-4b67-8dea-26607d3bf06f,6,30.3,33.7,NO DATA,NO DATA,NO DATA,NO DATA,NO DATA,NO DATA,NO DATA,NO DATA,NO DATA,NO DATA,NO DATA
6bd9eeb8-96ff-4d2b-83aa-ae938e32862f,10,27.1,22.5,NO DATA,NO DATA,NO DATA,NO DATA,NO DATA,NO DATA,NO DATA,NO DATA,NO DATA,NO DATA,NO DATA
6be54a65-11e6-44b1-a222-f04dd03f4010,10,32.5,NO DATA,NO DATA,NO DATA,NO DATA,NO DATA,NO DATA,NO DATA,NO DATA,NO DATA,NO DATA,NO DATA,NO DATA
6c03a311-a2ff-498f-ae7d-f1c6c6089e64,10,NO DATA,34.5,34.8,30.9,28.0,24.3,21.8,12.9,40.3,41.6,NO DATA,NO DATA,NO DATA
6c0e393e-db07-4805-96c3-3753af4d3858,6,24.7,25.5,23.6,19.0,14.9,11.4,NO DATA,NO DATA,26.6,23.2,NO DATA,15.7,12.3
6c106d78-c68c-4f9a-bd4d-483bc7972cf9,12,NO DATA,NO DATA,NO DATA,NO DATA,NO DATA,NO DATA,NO DATA,51.3,NO DATA,NO DATA,NO DATA,NO DATA,NO DATA
6c133583-e681-4202-b047-cfdbc91ae02a,10,NO DATA,NO DATA,38.3,34.0,32.3,31.6,32.9,29.6,27.9,27.3,NO DATA,22.9,NO DATA
6c28d3a5-6be9-4ee6-b863-ad14c7b053c4,10,NO DATA,42.3,51.1,45.4,39.8,NO DATA,NO DATA,NO DATA,NO DATA,NO DATA,NO DATA,NO DATA,NO DATA
6c29aec2-5d5a-40c9-ac64-30693947c92a,10,NO DATA,36.7,29.5,NO DATA,NO DATA,NO DATA,NO DATA,NO DATA,NO DATA,NO DATA,NO DATA,NO DATA,NO DATA
6c29c871-0882-48c2-a111-41398c7dd595,10,28.3,NO DATA,NO DATA,NO DATA,NO DATA,NO DATA,NO DATA,NO DATA,NO DATA,NO DATA,NO DATA,NO DATA,NO DATA
6c6a2d5a-787e-49c2-93a5-01ceb1229f6b,6,NO DATA,NO DATA,20.3,NO DATA,NO DATA,NO DATA,NO DATA,NO DATA,NO DATA,NO DATA,NO DATA,NO DATA,NO DATA
6c6a2d5a-787e-49c2-93a5-01ceb1229f6b,8,22.1,20.1,NO DATA,NO DATA,NO DATA,NO DATA,NO DATA,NO DATA,NO DATA,NO DATA,NO DATA,NO DATA,NO DATA
6c6a2d5a-787e-49c2-93a5-01ceb1229f6b,10,22.4,NO DATA,NO DATA,NO DATA,NO DATA,NO DATA,NO DATA,NO DATA,NO DATA,NO DATA,NO DATA,NO DATA,NO DATA
6c79d06c-f3f8-451d-8fee-371fb26f779e,8,NO DATA,NO DATA,NO DATA,NO DATA,NO DATA,NO DATA,NO DATA,NO DATA,28.9,NO DATA,NO DATA,NO DATA,NO DATA
6c8ac3ee-cbfb-407a-af97-a22f07d2913c,6,NO DATA,NO DATA,33.1,28.1,NO DATA,NO DATA,NO DATA,NO DATA,NO DATA,NO DATA,NO DATA,NO DATA,NO DATA
6c8d436c-f7fd-4edb-aad5-d897436f06e9,8,NO DATA,NO DATA,NO DATA,NO DATA,NO DATA,NO DATA,33.2,30.0,28.4,25.6,15.5,20.7,13.8
6c938c9a-d6bc-468c-96a7-44891913861e,6,NO DATA,NO DATA,NO DATA,NO DATA,NO DATA,NO DATA,NO DATA,NO DATA,35.2,NO DATA,NO DATA,NO DATA,NO DATA
6c93f3a2-8ab0-4645-b014-f9d4cf1dbcfb,10,NO DATA,NO DATA,NO DATA,NO DATA,NO DATA,NO DATA,NO DATA,76.1,NO DATA,NO DATA,NO DATA,NO DATA,NO DATA
6c9bac51-4f98-4a63-a2a0-6bfec3904362,8,NO DATA,NO DATA,NO DATA,NO DATA,NO DATA,NO DATA,39.7,35.2,33.5,32.5,NO DATA,NO DATA,NO DATA
6ca2384d-5b5b-4a6c-854b-71b1cca6d9e0,10,33.0,30.2,NO DATA,NO DATA,NO DATA,NO DATA,NO DATA,NO DATA,NO DATA,NO DATA,NO DATA,NO DATA,NO DATA
6cc089d1-73ac-4fdb-ba9b-d71537075cfb,12,NO DATA,NO DATA,NO DATA,NO DATA,NO DATA,NO DATA,43.9,46.6,40.0,38.3,NO DATA,NO DATA,NO DATA
6cc5622e-cf97-47a6-a066-9e068054a0ed,10,30.1,32.4,NO DATA,NO DATA,NO DATA,NO DATA,NO DATA,NO DATA,NO DATA,NO DATA,NO DATA,NO DATA,NO DATA
6ccca4b8-37c9-4dd4-8497-8d34fb3d882d,10,NO DATA,32.6,NO DATA,NO DATA,NO DATA,NO DATA,NO DATA,NO DATA,NO DATA,NO DATA,NO DATA,NO DATA,NO DATA
6cfd9cc7-60d1-4b0c-8203-03d5cdd28fe7,10,34.1,35.6,31.9,23.4,NO DATA,NO DATA,NO DATA,NO DATA,NO DATA,NO DATA,NO DATA,NO DATA,NO DATA
6d228f71-b954-41f3-b53b-aba2070b6942,8,NO DATA,NO DATA,NO DATA,NO DATA,NO DATA,NO DATA,NO DATA,NO DATA,NO DATA,NO DATA,NO DATA,27.9,27.7
6d28ce0d-0624-4c03-94ab-dd89fc02fc86,6,NO DATA,NO DATA,NO DATA,NO DATA,NO DATA,NO DATA,NO DATA,NO DATA,27.4,27.8,NO DATA,22.8,23.0
6d2e7694-39b8-459d-bfd2-d04f49efc8f7,6,NO DATA,35.2,NO DATA,NO DATA,NO DATA,NO DATA,NO DATA,NO DATA,NO DATA,25.9,NO DATA,NO DATA,NO DATA
6d348f55-16eb-4605-9161-7cd0e8499f2f,6,23.7,26.5,NO DATA,NO DATA,NO DATA,NO DATA,NO DATA,NO DATA,NO DATA,NO DATA,NO DATA,NO DATA,NO DATA
6d628c4e-7576-4a83-8578-013e2e32d56e,10,32.3,37.5,37.5,35.1,37.5,39.0,36.2,31.7,32.3,67.0,NO DATA,40.7,37.8
6d80e08c-1eb8-4c39-a1ef-25f98791eeea,8,NO DATA,NO DATA,NO DATA,NO DATA,NO DATA,NO DATA,33.5,NO DATA,NO DATA,NO DATA,NO DATA,NO DATA,NO DATA
6d8f6bd9-9054-4543-a917-a56c67419dfd,12,NO DATA,NO DATA,NO DATA,NO DATA,NO DATA,NO DATA,NO DATA,NO DATA,45.1,41.7,NO DATA,NO DATA,NO DATA
6d943a27-21ab-4f35-a01d-4546ae2ee343,10,33.5,NO DATA,NO DATA,NO DATA,NO DATA,NO DATA,NO DATA,NO DATA,NO DATA,NO DATA,NO DATA,NO DATA,NO DATA
6d9b8482-157d-44ef-9c5d-c6e4c460d320,8,NO DATA,NO DATA,NO DATA,NO DATA,NO DATA,NO DATA,37.6,33.6,31.5,28.0,NO DATA,NO DATA,NO DATA
6da5833d-343c-48eb-b5d1-f8e404bf3064,6,16.9,NO DATA,NO DATA,NO DATA,NO DATA,NO DATA,NO DATA,NO DATA,NO DATA,NO DATA,NO DATA,NO DATA,NO DATA
6da5833d-343c-48eb-b5d1-f8e404bf3064,8,NO DATA,25.3,NO DATA,NO DATA,25.3,NO DATA,NO DATA,22.8,NO DATA,NO DATA,NO DATA,NO DATA,NO DATA
6dab2860-53a7-4bad-a770-b63ad23a12b6,6,25.6,31.6,32.1,28.5,21.8,22.1,21.9,NO DATA,17.5,NO DATA,NO DATA,NO DATA,NO DATA
6daebc1c-06b4-4ce5-823f-e1570b6f00d1,6,NO DATA,NO DATA,NO DATA,NO DATA,NO DATA,30.9,30.9,25.0,20.0,20.2,NO DATA,NO DATA,NO DATA
6e1f0114-eb3f-427e-b0d2-e64d4f2a2b6d,10,35.2,35.9,32.3,27.8,27.5,29.3,NO DATA,NO DATA,NO DATA,NO DATA,NO DATA,NO DATA,NO DATA
6e29cdb0-6bae-49eb-820d-9c75089e6073,10,34.8,41.1,NO DATA,NO DATA,NO DATA,NO DATA,NO DATA,NO DATA,NO DATA,NO DATA,NO DATA,NO DATA,NO DATA
6e39bb98-7c70-4184-a1fc-fc85392b0245,6,18.0,NO DATA,NO DATA,NO DATA,NO DATA,NO DATA,NO DATA,NO DATA,NO DATA,NO DATA,NO DATA,NO DATA,NO DATA
6e4d2aeb-a951-4409-99ed-299bdda05194,10,34.8,41.8,NO DATA,NO DATA,NO DATA,NO DATA,44.4,50.6,51.1,NO DATA,NO DATA,NO DATA,NO DATA
6e5310a2-9c5d-4434-9f90-ee76d6d6ada1,6,27.7,29.2,29.6,NO DATA,NO DATA,NO DATA,NO DATA,NO DATA,NO DATA,NO DATA,NO DATA,NO DATA,NO DATA
6e728cd2-6c4b-447c-9785-7f0a600f540f,10,NO DATA,NO DATA,NO DATA,NO DATA,NO DATA,NO DATA,NO DATA,NO DATA,42.5,54.4,NO DATA,NO DATA,NO DATA
6e942033-c692-47d7-8769-2429ac982c61,10,NO DATA,NO DATA,NO DATA,NO DATA,30.3,NO DATA,NO DATA,NO DATA,NO DATA,NO DATA,NO DATA,NO DATA,NO DATA
6e9fce52-eb08-4142-ba2d-05562bc08874,6,21.6,26.5,NO DATA,NO DATA,NO DATA,31.2,30.1,27.5,25.4,20.4,NO DATA,NO DATA,NO DATA
6ea8135e-4f02-4dee-b1bc-0f63dd351b40,10,36.2,45.7,NO DATA,28.9,NO DATA,NO DATA,NO DATA,NO DATA,NO DATA,NO DATA,NO DATA,NO DATA,NO DATA
6eaf5c72-c3aa-44ae-a7cd-994f39e8bbdb,10,33.4,35.0,33.3,35.3,NO DATA,NO DATA,NO DATA,NO DATA,NO DATA,NO DATA,NO DATA,NO DATA,NO DATA
6eb083f7-9d87-4764-83a6-59f53a4448c2,10,25.8,29.8,27.1,NO DATA,NO DATA,NO DATA,25.2,22.7,NO DATA,NO DATA,NO DATA,NO DATA,NO DATA
6eb19ddd-a6c5-4742-b1ce-190875988dc1,12,NO DATA,NO DATA,NO DATA,NO DATA,NO DATA,63.2,42.4,41.5,35.4,NO DATA,NO DATA,NO DATA,NO DATA
6eb9ccfd-0658-44f2-8508-83b6eb40b47d,10,27.9,NO DATA,NO DATA,NO DATA,NO DATA,NO DATA,NO DATA,NO DATA,NO DATA,NO DATA,NO DATA,NO DATA,NO DATA
6ee789dd-4ee1-4131-93e8-113c164d6d24,10,35.4,38.7,NO DATA,NO DATA,NO DATA,NO DATA,NO DATA,NO DATA,NO DATA,NO DATA,NO DATA,NO DATA,NO DATA
6f054e19-2a14-41ea-bca3-577c49b7f330,12,NO DATA,NO DATA,NO DATA,NO DATA,NO DATA,NO DATA,NO DATA,NO DATA,42.4,39.2,NO DATA,NO DATA,NO DATA
6f059053-61ee-464e-8d90-a138238bb239,10,24.4,26.1,19.8,15.5,18.4,7.9,NO DATA,NO DATA,42.1,40.1,25.5,32.2,30.3
6f0b2e5d-9017-41bd-8f4b-71b0637861ae,8,NO DATA,NO DATA,NO DATA,NO DATA,NO DATA,10.4,15.6,31.8,27.3,16.3,NO DATA,NO DATA,NO DATA
6f0d73c4-0520-44cb-a7f4-24a34d9c3bd0,10,29.5,34.9,33.3,NO DATA,NO DATA,27.7,NO DATA,NO DATA,NO DATA,NO DATA,NO DATA,NO DATA,NO DATA
6f0f1250-e534-4888-83ec-4180754c2b77,6,NO DATA,25.4,24.7,NO DATA,NO DATA,NO DATA,NO DATA,NO DATA,NO DATA,NO DATA,NO DATA,NO DATA,NO DATA
6f131ff9-27a8-4c17-bc3c-cd09ccf3d7c2,10,28.9,34.4,29.4,31.4,NO DATA,30.5,NO DATA,NO DATA,NO DATA,NO DATA,NO DATA,NO DATA,NO DATA
6f1a9af5-ce9b-44c2-bde3-ac7806acc965,12,NO DATA,NO DATA,NO DATA,NO DATA,50.5,NO DATA,NO DATA,NO DATA,NO DATA,NO DATA,NO DATA,NO DATA,NO DATA
6f282485-bd4a-42fa-91c0-043914d3493c,10,36.4,40.1,39.4,35.2,34.1,37.0,37.7,34.6,32.6,NO DATA,NO DATA,NO DATA,NO DATA
6f4d70d7-2597-48ec-93a7-9281c4719145,10,29.4,30.8,26.1,25.2,10.4,15.4,NO DATA,NO DATA,36.7,34.4,20.5,28.0,27.6
6f50a302-dc05-4961-9ebc-11a118a073d8,8,NO DATA,NO DATA,NO DATA,NO DATA,NO DATA,NO DATA,37.0,35.1,33.8,NO DATA,NO DATA,NO DATA,NO DATA
6f59479b-0d51-48e7-9f66-b1fe6dd6edac,10,NO DATA,40.0,37.9,NO DATA,37.3,NO DATA,NO DATA,NO DATA,NO DATA,NO DATA,NO DATA,NO DATA,NO DATA
6f5b61a4-8908-4f9a-8305-ff619cdcb809,6,7.5,8.2,6.7,NO DATA,NO DATA,30.5,31.2,26.7,25.7,22.7,NO DATA,19.1,18.5
6f721ddb-3171-4686-9963-ac7577de6da1,10,25.2,27.6,19.7,10.7,NO DATA,NO DATA,NO DATA,NO DATA,NO DATA,NO DATA,NO DATA,NO DATA,NO DATA
6f93f45c-8793-43b1-b1d0-51961ed01a8d,10,NO DATA,NO DATA,NO DATA,NO DATA,NO DATA,NO DATA,NO DATA,NO DATA,47.7,49.7,NO DATA,42.4,42.4
6f9db373-cd8f-416a-adb0-a26e02379977,10,30.2,32.0,28.6,25.8,21.5,18.9,16.8,9.3,NO DATA,NO DATA,NO DATA,NO DATA,NO DATA
6fa36475-c384-4284-8602-b021b5a55024,10,38.5,42.9,NO DATA,NO DATA,43.2,48.0,44.6,39.0,NO DATA,NO DATA,NO DATA,NO DATA,NO DATA
6fbf5bd1-bd74-4759-8271-c5e70a43dc13,8,NO DATA,NO DATA,NO DATA,NO DATA,NO DATA,NO DATA,35.1,32.4,NO DATA,NO DATA,NO DATA,NO DATA,NO DATA
6fcae484-b7d4-454a-af1b-c2fbfc302f4b,10,29.8,NO DATA,NO DATA,NO DATA,NO DATA,NO DATA,NO DATA,NO DATA,NO DATA,NO DATA,NO DATA,NO DATA,NO DATA
6fcaeed0-65ff-44f2-a918-9afb8cc87498,10,29.7,30.0,NO DATA,NO DATA,NO DATA,NO DATA,NO DATA,NO DATA,NO DATA,NO DATA,NO DATA,NO DATA,NO DATA
6ff0ff77-4c1a-4b92-8950-5949c1fef2a1,10,20.4,34.8,38.8,NO DATA,NO DATA,NO DATA,NO DATA,NO DATA,NO DATA,NO DATA,NO DATA,NO DATA,NO DATA
701aec6c-4e54-4ff7-bb99-7e3ebfadf3dc,10,29.7,30.9,25.5,24.9,20.0,NO DATA,NO DATA,NO DATA,37.0,37.1,NO DATA,18.3,20.2
703c179a-add8-4552-919e-4cfdcf6fc9fd,10,26.9,39.2,NO DATA,NO DATA,NO DATA,NO DATA,NO DATA,NO DATA,NO DATA,NO DATA,NO DATA,NO DATA,NO DATA
704ba24a-2be3-4d35-b14a-df7456a644a8,6,NO DATA,NO DATA,NO DATA,NO DATA,36.4,31.6,NO DATA,NO DATA,NO DATA,NO DATA,NO DATA,NO DATA,NO DATA
704cfc20-2fa5-4036-a521-9b48c5f0988e,8,NO DATA,NO DATA,NO DATA,NO DATA,NO DATA,NO DATA,35.9,33.8,33.9,29.6,NO DATA,23.3,22.4
704e72a5-7945-4376-b708-f60135f45da0,8,NO DATA,NO DATA,NO DATA,NO DATA,NO DATA,NO DATA,32.8,28.9,32.0,NO DATA,NO DATA,NO DATA,NO DATA
70ca1c09-a07d-43eb-b830-d1993b0d026a,10,29.5,32.3,27.7,25.1,24.1,27.2,25.3,24.4,17.3,10.9,NO DATA,NO DATA,NO DATA
70d833c2-e90c-4710-a80d-dcee34840ab0,6,22.7,23.3,NO DATA,NO DATA,NO DATA,NO DATA,20.8,9.8,NO DATA,NO DATA,NO DATA,NO DATA,NO DATA
70d86b7e-d27b-4c99-98a9-a47415a4429d,6,3.5,NO DATA,NO DATA,NO DATA,NO DATA,NO DATA,NO DATA,NO DATA,NO DATA,NO DATA,NO DATA,NO DATA,NO DATA
71021159-a236-4d42-8511-cd51141da8d0,10,NO DATA,NO DATA,38.3,34.6,49.3,38.6,35.2,NO DATA,NO DATA,NO DATA,NO DATA,NO DATA,NO DATA
711a270a-b398-47eb-acfa-2864abab08f4,8,NO DATA,NO DATA,NO DATA,NO DATA,NO DATA,9.6,33.2,26.0,19.5,12.9,NO DATA,NO DATA,NO DATA
711a270a-b398-47eb-acfa-2864abab08f4,10,32.3,33.7,29.4,26.8,21.7,19.1,NO DATA,NO DATA,NO DATA,NO DATA,NO DATA,NO DATA,NO DATA
711cad80-3d38-4b87-9751-f18c72a78fb9,10,NO DATA,38.4,35.4,31.7,NO DATA,NO DATA,NO DATA,NO DATA,NO DATA,NO DATA,NO DATA,NO DATA,NO DATA
7126e710-1928-4bd6-9304-2f905eab1960,10,NO DATA,34.3,NO DATA,NO DATA,NO DATA,NO DATA,NO DATA,NO DATA,NO DATA,NO DATA,NO DATA,NO DATA,NO DATA
7127401f-344d-4140-9e19-7d51e170d7a5,10,30.4,31.8,31.7,25.6,20.4,20.4,16.0,9.0,NO DATA,NO DATA,NO DATA,NO DATA,NO DATA
712fcb4c-3a2f-49bc-98ac-5be7a73b67c6,8,23.5,NO DATA,NO DATA,NO DATA,NO DATA,NO DATA,NO DATA,NO DATA,NO DATA,NO DATA,NO DATA,NO DATA,NO DATA
714eb5e1-e3c3-490e-9fae-ccf43ee2ce71,6,NO DATA,NO DATA,NO DATA,NO DATA,NO DATA,NO DATA,29.7,28.0,27.3,24.6,NO DATA,NO DATA,NO DATA
71894d28-ffe9-4058-841b-128b5c92eb83,10,36.4,39.6,39.4,NO DATA,39.2,47.8,NO DATA,NO DATA,35.2,NO DATA,NO DATA,NO DATA,NO DATA
718fa438-ff68-47c7-af49-4a74a41969dc,6,NO DATA,19.0,14.0,NO DATA,NO DATA,NO DATA,14.1,NO DATA,NO DATA,NO DATA,NO DATA,NO DATA,NO DATA
71b813b3-b01e-4d88-89c9-7cec5b80a64a,6,NO DATA,NO DATA,NO DATA,NO DATA,NO DATA,NO DATA,NO DATA,NO DATA,26.9,30.7,NO DATA,22.1,20.6
71bb2207-33b3-4258-a766-8d4d43f8470a,10,38.5,34.4,31.2,NO DATA,NO DATA,NO DATA,NO DATA,NO DATA,34.4,29.0,NO DATA,NO DATA,NO DATA
71d2bb77-6963-47b6-b002-f68d1f41535d,8,NO DATA,NO DATA,NO DATA,NO DATA,NO DATA,NO DATA,32.2,30.2,23.9,21.9,11.2,NO DATA,NO DATA
71d46b84-6190-4687-83a9-7057846a09bc,6,NO DATA,21.7,NO DATA,NO DATA,NO DATA,NO DATA,NO DATA,NO DATA,NO DATA,NO DATA,NO DATA,NO DATA,NO DATA
71d514e0-bf79-4a59-97e6-c5a63c4f59a2,10,26.1,30.2,28.9,24.2,21.2,16.7,15.1,12.5,7.9,NO DATA,NO DATA,NO DATA,NO DATA
71dc7731-05a4-4481-af80-8cc301ce5007,10,NO DATA,42.0,38.3,NO DATA,NO DATA,NO DATA,NO DATA,NO DATA,NO DATA,NO DATA,NO DATA,NO DATA,NO DATA
71f51ddc-ed1b-4456-8a8e-dc5a306e6749,10,NO DATA,37.2,34.5,32.1,32.6,34.4,31.6,28.9,24.0,21.7,NO DATA,10.5,11.1
72107110-dd81-4b65-8ed4-f0c4aa60924f,10,NO DATA,43.0,39.2,37.3,NO DATA,NO DATA,NO DATA,NO DATA,NO DATA,NO DATA,NO DATA,NO DATA,NO DATA
72148d8f-94f8-4191-b41c-05859a7fb0f4,6,17.9,NO DATA,NO DATA,NO DATA,NO DATA,NO DATA,NO DATA,NO DATA,NO DATA,NO DATA,NO DATA,NO DATA,NO DATA
721b5585-f102-4ed3-aaa7-a909149e49c2,10,26.1,28.0,24.2,17.9,NO DATA,NO DATA,NO DATA,NO DATA,NO DATA,NO DATA,NO DATA,NO DATA,NO DATA
72233e06-398d-4725-8311-13b020a7ce10,10,32.6,44.9,50.7,79.9,NO DATA,NO DATA,NO DATA,NO DATA,NO DATA,NO DATA,NO DATA,NO DATA,NO DATA
72296303-5758-441c-b10c-fa521c372303,10,NO DATA,35.7,31.8,25.5,16.4,NO DATA,6.9,NO DATA,44.9,34.2,33.3,NO DATA,NO DATA
722c6096-928b-4cf6-86f5-84fa9df48ef6,10,41.8,NO DATA,35.1,NO DATA,NO DATA,32.4,34.2,31.6,30.3,29.0,NO DATA,NO DATA,NO DATA
723ba5da-4023-4b52-a769-346cab90d8cf,10,NO DATA,NO DATA,NO DATA,NO DATA,NO DATA,NO DATA,NO DATA,NO DATA,39.1,39.2,NO DATA,32.6,31.3
723bebce-e58c-4efe-8053-b0f5ec5650db,8,NO DATA,NO DATA,NO DATA,NO DATA,NO DATA,NO DATA,46.1,NO DATA,NO DATA,NO DATA,NO DATA,NO DATA,NO DATA
7259d180-3a54-4dbd-83c7-99b97571b02d,8,NO DATA,NO DATA,NO DATA,NO DATA,NO DATA,NO DATA,NO DATA,NO DATA,NO DATA,NO DATA,27.6,25.2,20.7
72724a63-9e68-49b3-a983-b6e9c239a368,10,NO DATA,38.0,38.9,28.9,NO DATA,NO DATA,NO DATA,NO DATA,NO DATA,NO DATA,NO DATA,NO DATA,NO DATA
72979ebe-c516-462f-bea9-3b9822eb8467,10,NO DATA,33.4,31.4,NO DATA,NO DATA,NO DATA,NO DATA,NO DATA,NO DATA,NO DATA,NO DATA,NO DATA,NO DATA
729d67dd-a551-487d-af26-60448806fc95,10,25.5,28.7,28.6,26.7,26.2,24.8,25.3,24.5,23.6,NO DATA,NO DATA,NO DATA,NO DATA
729da9be-0f99-49f8-bf8e-2f246095dab5,8,NO DATA,NO DATA,NO DATA,NO DATA,NO DATA,NO DATA,NO DATA,NO DATA,36.3,36.7,20.1,24.7,17.0
72ac739c-0769-4390-ad45-2ec397937e5d,10,33.9,35.6,32.7,29.6,30.5,34.1,31.4,27.9,24.9,NO DATA,NO DATA,NO DATA,NO DATA
730dac05-a2f6-4330-9c6a-953403600968,10,30.6,33.6,33.4,NO DATA,NO DATA,NO DATA,35.0,31.9,NO DATA,NO DATA,NO DATA,NO DATA,NO DATA
73164ae9-4871-45b3-bea2-0c887ee43ad2,8,NO DATA,NO DATA,NO DATA,NO DATA,NO DATA,NO DATA,43.7,37.7,NO DATA,NO DATA,NO DATA,NO DATA,NO DATA
731fdf76-345a-4d8e-9dd1-d570b382240f,8,NO DATA,34.3,NO DATA,NO DATA,NO DATA,NO DATA,NO DATA,NO DATA,NO DATA,NO DATA,NO DATA,NO DATA,NO DATA
7325d7b2-72ee-4690-adaa-c499c44c9632,8,NO DATA,NO DATA,NO DATA,NO DATA,NO DATA,NO DATA,38.0,46.2,33.5,NO DATA,NO DATA,NO DATA,NO DATA
733c769a-131c-4d73-a232-3f7c5ea7f5e2,12,NO DATA,NO DATA,NO DATA,NO DATA,NO DATA,NO DATA,NO DATA,NO DATA,43.7,NO DATA,NO DATA,NO DATA,NO DATA
7357bb42-ac56-45c8-8a73-2f2c923e3e8d,10,NO DATA,NO DATA,NO DATA,1.2,NO DATA,NO DATA,NO DATA,NO DATA,NO DATA,NO DATA,NO DATA,NO DATA,NO DATA
73596bc4-2b5b-4db9-8127-1be8f7a7e9a4,10,NO DATA,36.1,34.9,31.9,30.7,29.2,30.2,28.3,25.5,26.1,34.2,NO DATA,NO DATA
737d69f0-f751-4b4c-8c67-dfdf247a3b59,10,30.5,31.8,NO DATA,NO DATA,NO DATA,NO DATA,NO DATA,NO DATA,NO DATA,NO DATA,NO DATA,NO DATA,NO DATA
7394d871-b012-4388-bceb-2f361b12d731,10,31.6,33.3,NO DATA,NO DATA,NO DATA,NO DATA,NO DATA,NO DATA,NO DATA,NO DATA,NO DATA,NO DATA,NO DATA
73a0c1ea-ccfb-4d4d-809d-6211fb06464c,6,NO DATA,NO DATA,NO DATA,NO DATA,NO DATA,NO DATA,28.9,29.6,29.3,NO DATA,NO DATA,NO DATA,NO DATA
73b5e50b-c8e2-48ca-ac8f-fc3cdc4065d7,10,NO DATA,42.8,40.3,NO DATA,NO DATA,NO DATA,NO DATA,NO DATA,NO DATA,NO DATA,NO DATA,NO DATA,NO DATA
73d059aa-6aef-4215-a3e0-19214b409096,6,14.1,21.3,NO DATA,NO DATA,NO DATA,NO DATA,NO DATA,NO DATA,NO DATA,NO DATA,NO DATA,NO DATA,NO DATA
73e461cf-52ac-4728-99da-8a4478a5bd13,8,NO DATA,NO DATA,NO DATA,NO DATA,NO DATA,NO DATA,36.7,33.6,29.6,28.6,7.2,NO DATA,NO DATA
73f6a7b6-6a10-4155-9b01-e2eaed9fdb75,6,NO DATA,25.4,35.9,NO DATA,NO DATA,NO DATA,NO DATA,NO DATA,NO DATA,NO DATA,NO DATA,NO DATA,NO DATA
73fb4825-3601-4c5f-8ddd-7056faa72c49,10,NO DATA,NO DATA,42.6,39.8,40.8,NO DATA,41.2,NO DATA,NO DATA,NO DATA,NO DATA,NO DATA,NO DATA
73fd7d8d-6e81-40b9-9edb-2bf26d455b46,6,25.4,27.0,22.7,19.5,14.3,10.1,NO DATA,NO DATA,NO DATA,NO DATA,NO DATA,NO DATA,NO DATA
73fe4be0-f02e-41a3-8972-069ccc14d2ed,6,15.5,NO DATA,NO DATA,NO DATA,NO DATA,NO DATA,NO DATA,NO DATA,32.0,NO DATA,NO DATA,NO DATA,NO DATA
73fe4be0-f02e-41a3-8972-069ccc14d2ed,8,32.1,34.1,30.8,34.0,32.3,31.4,26.9,25.5,37.2,32.4,32.0,31.6,49.9
7416f9a6-3abd-40e1-9459-20bdda4701fd,10,37.8,39.0,NO DATA,NO DATA,NO DATA,NO DATA,NO DATA,NO DATA,NO DATA,NO DATA,NO DATA,NO DATA,NO DATA
7435a44e-7123-49a2-aa9e-b739c14530ce,10,NO DATA,NO DATA,NO DATA,NO DATA,39.3,NO DATA,NO DATA,NO DATA,NO DATA,NO DATA,NO DATA,NO DATA,NO DATA
744d33c7-cd55-4314-a97e-1385b717efcd,6,NO DATA,NO DATA,NO DATA,NO DATA,NO DATA,NO DATA,NO DATA,NO DATA,NO DATA,28.8,16.6,18.5,NO DATA
7474ff48-f1b1-445d-b3b1-49620994a286,10,30.0,33.3,24.6,NO DATA,12.6,NO DATA,NO DATA,NO DATA,NO DATA,NO DATA,NO DATA,NO DATA,NO DATA
74845e02-5bbb-4776-9e48-e3999e96d017,10,NO DATA,NO DATA,NO DATA,NO DATA,NO DATA,NO DATA,35.7,27.6,23.0,NO DATA,NO DATA,NO DATA,NO DATA
74ae4329-8cd5-46ec-8f41-5738c193ee57,10,NO DATA,NO DATA,NO DATA,NO DATA,NO DATA,NO DATA,NO DATA,NO DATA,NO DATA,31.6,10.8,13.1,11.9
74b7a5f9-eb62-4c68-96f1-32523b290689,6,26.3,25.0,25.0,22.6,NO DATA,NO DATA,34.1,NO DATA,24.3,NO DATA,NO DATA,NO DATA,NO DATA
74c2cd55-bf95-4ba6-bfd7-1ae7c2789390,8,NO DATA,NO DATA,NO DATA,NO DATA,NO DATA,NO DATA,36.0,NO DATA,NO DATA,NO DATA,NO DATA,NO DATA,NO DATA
74cb7191-901a-4f8e-b45e-b04a7d3460b0,8,NO DATA,NO DATA,NO DATA,NO DATA,NO DATA,47.8,40.0,NO DATA,NO DATA,NO DATA,NO DATA,NO DATA,NO DATA
74d1823f-14de-4297-90b8-dd25ebea029e,8,NO DATA,NO DATA,NO DATA,NO DATA,NO DATA,NO DATA,48.7,47.0,42.6,NO DATA,NO DATA,NO DATA,NO DATA
74d36984-b24f-45a4-8cdf-6379351fbb1e,8,NO DATA,NO DATA,NO DATA,NO DATA,NO DATA,NO DATA,NO DATA,56.0,NO DATA,NO DATA,NO DATA,NO DATA,NO DATA
74d7f1be-644c-49c4-b954-66aeb5b0241c,6,NO DATA,NO DATA,25.7,20.5,20.9,NO DATA,22.6,19.6,NO DATA,NO DATA,NO DATA,NO DATA,NO DATA
74ec9ab9-efc0-497e-a878-2b759cc66805,6,23.9,26.3,NO DATA,NO DATA,NO DATA,NO DATA,26.2,22.9,NO DATA,NO DATA,NO DATA,NO DATA,NO DATA
74ff759d-a066-4d37-9d22-e22ba272fc75,10,NO DATA,37.6,NO DATA,NO DATA,NO DATA,NO DATA,NO DATA,NO DATA,NO DATA,NO DATA,NO DATA,NO DATA,NO DATA
75174515-6283-4ab2-8f23-f4f8b4da52d4,10,37.6,NO DATA,NO DATA,NO DATA,NO DATA,NO DATA,NO DATA,NO DATA,NO DATA,51.9,NO DATA,NO DATA,NO DATA
7526400c-9e86-4c2a-a1b8-12b4867beca1,8,NO DATA,NO DATA,NO DATA,NO DATA,NO DATA,NO DATA,NO DATA,35.4,32.9,30.9,NO DATA,NO DATA,NO DATA
7540f5ae-969d-411c-bfea-201a7ea51dd6,10,34.4,37.2,34.6,33.5,32.2,29.5,32.0,26.8,26.3,19.7,7.9,NO DATA,NO DATA
754d4640-9070-4840-bbf9-d45be0cecdec,10,NO DATA,33.4,32.2,29.2,27.5,26.4,26.8,20.2,NO DATA,NO DATA,NO DATA,NO DATA,NO DATA
755284fc-0833-43f4-905c-783f40fedb25,10,NO DATA,NO DATA,NO DATA,NO DATA,NO DATA,NO DATA,38.3,NO DATA,NO DATA,NO DATA,NO DATA,NO DATA,NO DATA
755b89a2-a0d6-4503-8060-9939f1d5f485,10,42.8,39.9,NO DATA,NO DATA,NO DATA,NO DATA,NO DATA,NO DATA,NO DATA,NO DATA,NO DATA,NO DATA,NO DATA
75699157-ad28-4f33-bbd5-e3d27f94aeb7,8,NO DATA,NO DATA,NO DATA,NO DATA,NO DATA,NO DATA,24.7,25.2,16.3,12.0,NO DATA,NO DATA,NO DATA
7591c211-fa26-4a57-9735-cbb1e8d29a48,10,26.1,NO DATA,NO DATA,NO DATA,NO DATA,NO DATA,NO DATA,NO DATA,NO DATA,NO DATA,NO DATA,NO DATA,NO DATA
75ba2b56-a7f2-49a8-9740-f2ba481ad168,10,27.5,28.3,NO DATA,NO DATA,NO DATA,NO DATA,NO DATA,NO DATA,NO DATA,NO DATA,NO DATA,NO DATA,NO DATA
75bd35f6-8dda-4d28-97d6-b2b9dafb649d,10,24.7,28.8,26.3,NO DATA,15.0,22.5,NO DATA,21.0,NO DATA,NO DATA,NO DATA,NO DATA,NO DATA
75c0dbbc-e71e-4caa-bd3d-f07f9282c2c8,10,NO DATA,NO DATA,NO DATA,NO DATA,NO DATA,NO DATA,NO DATA,NO DATA,36.2,42.1,NO DATA,16.2,14.9
75d04c45-21d2-46ce-b061-b6689571bb80,8,NO DATA,NO DATA,NO DATA,NO DATA,NO DATA,NO DATA,39.9,40.3,36.4,30.2,NO DATA,22.3,20.1
75d2248e-6a4b-408a-b40b-abd32b003e41,10,29.9,26.4,NO DATA,NO DATA,NO DATA,NO DATA,NO DATA,NO DATA,NO DATA,NO DATA,NO DATA,NO DATA,NO DATA
75f7ec2a-eae2-4ebe-88ae-c317b7a68d5e,6,27.7,22.8,NO DATA,NO DATA,NO DATA,NO DATA,NO DATA,NO DATA,NO DATA,NO DATA,NO DATA,NO DATA,NO DATA
76088798-0ef7-449c-adf6-2b1e34e52620,12,NO DATA,NO DATA,NO DATA,NO DATA,NO DATA,NO DATA,NO DATA,NO DATA,48.8,40.9,NO DATA,NO DATA,NO DATA
7614812c-0986-4725-a568-5532f9f06fcc,10,NO DATA,35.5,33.2,29.7,28.1,21.3,17.2,10.6,NO DATA,NO DATA,NO DATA,NO DATA,NO DATA
761aef76-39e0-462c-8510-f3733cc4648b,8,NO DATA,NO DATA,NO DATA,NO DATA,NO DATA,NO DATA,NO DATA,44.8,43.6,NO DATA,NO DATA,NO DATA,NO DATA
767dc8e6-4d18-4eae-ad65-efbf68daa614,10,34.3,38.9,37.3,NO DATA,NO DATA,NO DATA,45.6,NO DATA,38.1,NO DATA,NO DATA,38.9,43.2
76a31285-97a6-4b49-8fa7-35790237647b,10,NO DATA,33.3,NO DATA,NO DATA,NO DATA,NO DATA,NO DATA,NO DATA,NO DATA,NO DATA,NO DATA,32.4,33.5
76bf46e8-c079-4d9c-8717-1d0099187441,10,32.4,36.6,37.4,34.3,33.0,30.7,32.3,25.4,NO DATA,NO DATA,NO DATA,NO DATA,NO DATA
76f26f8d-39ba-48ee-b71a-8c3ee3f643cb,10,NO DATA,NO DATA,NO DATA,NO DATA,NO DATA,NO DATA,NO DATA,NO DATA,58.9,NO DATA,NO DATA,NO DATA,NO DATA
76f447fe-c6bf-45bd-973f-b16cd714fa4c,10,NO DATA,40.2,41.8,37.2,42.7,35.6,28.3,23.6,12.3,NO DATA,NO DATA,NO DATA,NO DATA
76faf0cd-edda-4400-8d37-cc0e02c20982,10,26.7,27.0,NO DATA,NO DATA,NO DATA,NO DATA,NO DATA,NO DATA,NO DATA,NO DATA,NO DATA,NO DATA,NO DATA
76fc9bde-543f-45c7-968a-bc8d52f4a27b,10,NO DATA,NO DATA,38.5,NO DATA,NO DATA,NO DATA,NO DATA,NO DATA,NO DATA,NO DATA,NO DATA,NO DATA,NO DATA
76fd1b3a-0382-4aa9-ad0e-9737610d4fc2,12,NO DATA,NO DATA,NO DATA,NO DATA,NO DATA,NO DATA,NO DATA,NO DATA,46.2,31.6,NO DATA,NO DATA,NO DATA
77013d7a-16ae-495e-80af-9bfd6de91db8,10,33.4,33.4,30.0,27.4,21.7,NO DATA,NO DATA,NO DATA,NO DATA,NO DATA,NO DATA,NO DATA,NO DATA
770382d5-64c0-4e22-b03c-015b154f18cd,10,30.0,24.5,13.6,9.4,NO DATA,NO DATA,NO DATA,NO DATA,11.4,NO DATA,NO DATA,NO DATA,NO DATA
7708a71c-4578-4c64-a038-066b447ce41e,10,19.4,50.2,48.4,NO DATA,51.0,47.2,60.4,72.1,9.8,NO DATA,NO DATA,NO DATA,NO DATA
77218ec7-77cb-4e7e-875a-5d2afcf4bbf3,10,21.6,26.1,NO DATA,NO DATA,NO DATA,NO DATA,18.7,NO DATA,NO DATA,NO DATA,NO DATA,NO DATA,NO DATA
77344789-dcba-4b96-98e5-8be5b4243277,8,NO DATA,NO DATA,NO DATA,NO DATA,NO DATA,25.9,NO DATA,NO DATA,NO DATA,NO DATA,NO DATA,NO DATA,NO DATA
77381df5-ea35-4cb9-8969-d6dbbf017809,10,NO DATA,NO DATA,NO DATA,NO DATA,NO DATA,NO DATA,44.3,NO DATA,NO DATA,NO DATA,NO DATA,NO DATA,NO DATA
773b1ddb-73e6-460b-b847-2267bf6a08e8,6,25.1,23.4,25.8,NO DATA,NO DATA,NO DATA,NO DATA,NO DATA,NO DATA,NO DATA,NO DATA,NO DATA,NO DATA
7747234e-9f73-49a9-bdd5-3b1051ba4855,6,23.3,22.9,19.0,15.7,21.3,39.9,38.7,33.8,NO DATA,NO DATA,NO DATA,NO DATA,NO DATA
774e76aa-bf5c-46bf-9040-4e2395b9d9ef,6,NO DATA,15.9,NO DATA,NO DATA,NO DATA,NO DATA,NO DATA,NO DATA,NO DATA,NO DATA,NO DATA,NO DATA,NO DATA
77697470-dc43-4cb3-b51b-cdd51ca6e84d,10,29.9,27.6,25.9,22.6,12.3,5.3,NO DATA,NO DATA,43.8,38.9,NO DATA,32.5,28.6
77bbee4a-34a1-4fae-8499-795d560deef5,10,NO DATA,NO DATA,NO DATA,33.9,NO DATA,NO DATA,NO DATA,NO DATA,NO DATA,NO DATA,NO DATA,NO DATA,NO DATA
77bf8b3e-a7c3-4bf2-9f6f-2f920661c4b4,10,34.4,33.2,33.2,31.6,31.1,32.7,31.8,26.9,24.1,27.3,NO DATA,NO DATA,NO DATA
77c61028-f364-4219-a5b3-cfe97fd8b275,8,NO DATA,NO DATA,NO DATA,NO DATA,NO DATA,NO DATA,NO DATA,34.2,30.9,32.5,NO DATA,NO DATA,NO DATA
77ddcf38-2a4d-4d13-abae-1793274fa42f,10,26.0,22.2,NO DATA,10.1,8.2,NO DATA,NO DATA,NO DATA,NO DATA,NO DATA,NO DATA,NO DATA,NO DATA
77dfaecf-44ee-484e-ad54-c1ff7046818e,6,23.0,27.0,NO DATA,NO DATA,NO DATA,NO DATA,NO DATA,NO DATA,NO DATA,NO DATA,NO DATA,NO DATA,NO DATA
77e31acc-a7f9-418a-b853-5c103027cf92,10,NO DATA,38.8,26.5,39.7,NO DATA,25.2,29.7,NO DATA,NO DATA,NO DATA,NO DATA,NO DATA,NO DATA
7832c9bd-16a6-437c-9470-9cfebab4949e,6,26.1,29.1,NO DATA,NO DATA,NO DATA,NO DATA,NO DATA,NO DATA,NO DATA,NO DATA,NO DATA,NO DATA,NO DATA
787bdb4e-d60b-49a3-a4f7-3f879b56be86,10,NO DATA,43.1,NO DATA,NO DATA,NO DATA,NO DATA,NO DATA,NO DATA,NO DATA,NO DATA,NO DATA,NO DATA,NO DATA
78805e55-9a26-4876-8f99-75016815a3e2,10,NO DATA,37.8,NO DATA,7.4,NO DATA,NO DATA,NO DATA,NO DATA,NO DATA,NO DATA,NO DATA,NO DATA,NO DATA
78852ad2-03c6-40c4-a2de-7daa649ac397,10,NO DATA,39.3,35.6,36.5,33.2,NO DATA,35.5,32.5,35.4,NO DATA,NO DATA,NO DATA,NO DATA
789c94a5-5153-4208-a7c0-18c0af13b95d,10,NO DATA,NO DATA,35.2,NO DATA,NO DATA,NO DATA,NO DATA,NO DATA,NO DATA,NO DATA,NO DATA,NO DATA,NO DATA
78a459c3-d36a-4649-899b-64f18f881fd6,6,26.3,29.1,28.4,26.9,24.1,23.0,24.9,22.0,19.6,NO DATA,NO DATA,NO DATA,NO DATA
78e09c99-fc11-44be-8fe2-e98cf2aa8068,10,26.5,27.2,25.2,24.2,22.9,15.9,13.3,10.3,NO DATA,NO DATA,47.8,38.2,36.6
78fad323-238a-4e02-a965-fdaa3546282a,10,NO DATA,30.4,34.4,28.4,24.6,19.1,12.4,NO DATA,42.0,32.5,NO DATA,NO DATA,NO DATA
790ece50-dc30-4fa7-a377-3f1ca9be73a2,10,21.8,NO DATA,NO DATA,NO DATA,NO DATA,NO DATA,NO DATA,NO DATA,NO DATA,NO DATA,NO DATA,NO DATA,NO DATA
790fcdb7-4faa-482b-9f3b-1d22f17f25b2,10,NO DATA,29.9,29.5,25.9,22.5,20.3,16.1,NO DATA,NO DATA,NO DATA,NO DATA,NO DATA,NO DATA
791706d3-490e-4eab-b9b0-7c474d8b887e,8,NO DATA,NO DATA,NO DATA,NO DATA,NO DATA,NO DATA,NO DATA,38.9,38.1,38.7,NO DATA,NO DATA,NO DATA
7931349c-0bd7-4b9d-b4fd-22fa62ef1557,12,NO DATA,NO DATA,NO DATA,NO DATA,NO DATA,NO DATA,NO DATA,48.9,48.2,45.4,NO DATA,NO DATA,NO DATA
7939701d-1406-48c1-bce5-cf63aae7aeac,8,NO DATA,NO DATA,NO DATA,NO DATA,NO DATA,34.4,30.3,28.9,24.8,19.3,NO DATA,NO DATA,NO DATA
794f102b-7fe1-4175-849c-f0564e9ab572,6,15.4,11.3,NO DATA,NO DATA,NO DATA,NO DATA,NO DATA,NO DATA,NO DATA,NO DATA,NO DATA,NO DATA,NO DATA
799688a3-64d2-4928-b98d-842d8dfab6ee,10,NO DATA,31.6,NO DATA,25.3,NO DATA,NO DATA,NO DATA,NO DATA,NO DATA,NO DATA,NO DATA,NO DATA,NO DATA
79a196bd-a8f9-4b06-bf7d-622d13f5f4d1,8,28.5,33.0,34.5,30.6,25.9,39.9,33.0,30.5,NO DATA,NO DATA,NO DATA,NO DATA,NO DATA
79b7015e-5c87-4ae8-8f7e-f316c729ba75,10,30.6,34.1,37.0,28.3,27.5,26.4,NO DATA,NO DATA,NO DATA,NO DATA,NO DATA,NO DATA,NO DATA
79f89415-49e0-43f9-992e-621ac4984b15,10,30.4,29.9,26.1,21.1,17.6,39.1,35.7,36.1,34.5,34.0,NO DATA,NO DATA,NO DATA
7a3a1b94-e693-45d0-8481-e3964f1048f9,8,NO DATA,NO DATA,NO DATA,NO DATA,NO DATA,NO DATA,63.1,22.5,NO DATA,NO DATA,NO DATA,NO DATA,NO DATA
7a409587-ed4c-4342-8fe2-3d39780d63e2,8,NO DATA,NO DATA,NO DATA,NO DATA,NO DATA,NO DATA,NO DATA,36.1,34.9,34.1,31.3,25.7,25.0
7a54e91b-efcc-47c2-8bb3-181e99cf262d,6,10.4,27.2,25.8,21.9,19.4,17.1,NO DATA,NO DATA,NO DATA,NO DATA,NO DATA,NO DATA,NO DATA
7a6cf2cf-308a-4740-9d13-2dc75e9955c5,10,NO DATA,NO DATA,45.8,44.3,46.4,NO DATA,48.9,43.4,40.6,38.0,NO DATA,28.5,27.4
7a788306-767d-4a9c-b40e-9ffee284f308,10,NO DATA,NO DATA,36.7,35.7,35.8,33.9,33.0,27.0,17.5,10.7,NO DATA,NO DATA,NO DATA
7a9e5eb0-e47b-43e6-a153-f4b4c641e3d9,8,NO DATA,NO DATA,NO DATA,NO DATA,NO DATA,NO DATA,37.1,37.8,36.7,38.0,NO DATA,13.4,13.4
7a9f0e7d-7484-49ff-9264-774167bb7a55,10,NO DATA,32.5,37.7,NO DATA,NO DATA,NO DATA,NO DATA,NO DATA,NO DATA,NO DATA,NO DATA,NO DATA,NO DATA
7aab60e9-c04d-42f6-bab2-2432076633dd,8,NO DATA,NO DATA,NO DATA,NO DATA,NO DATA,NO DATA,40.0,36.3,31.7,29.8,NO DATA,NO DATA,NO DATA
7ac1a7f9-072e-47ca-9be0-4a6ef113acf4,10,25.0,25.9,21.4,20.2,15.8,12.3,8.6,NO DATA,38.9,NO DATA,NO DATA,NO DATA,NO DATA
7b148fe0-a873-4482-a086-d08e9ba3d531,10,31.2,28.4,NO DATA,NO DATA,30.9,NO DATA,NO DATA,27.1,26.8,18.5,NO DATA,NO DATA,NO DATA
7b1cac55-a830-4bda-b23a-934b777a1ddc,10,NO DATA,21.2,21.6,NO DATA,NO DATA,NO DATA,NO DATA,NO DATA,NO DATA,NO DATA,NO DATA,NO DATA,NO DATA
7b1db4d2-8e00-4f95-9a70-e9ac035d5c87,6,22.1,22.2,17.4,14.8,NO DATA,26.5,29.1,29.4,NO DATA,NO DATA,NO DATA,NO DATA,NO DATA
7b4dc5e6-5795-4b37-a2d9-b180a8ae13c7,10,28.9,35.7,34.3,NO DATA,37.7,39.5,31.5,26.9,29.0,NO DATA,NO DATA,NO DATA,NO DATA
7b4f2ebb-a7e8-421f-a0f6-2fb0a2a4752a,10,NO DATA,NO DATA,33.2,32.7,32.1,30.5,35.4,37.3,40.9,40.7,NO DATA,NO DATA,NO DATA
7b5254a4-5678-4a5a-b64c-403be49e6d94,10,32.2,36.2,31.7,28.9,27.1,29.8,28.6,25.5,21.1,NO DATA,NO DATA,NO DATA,NO DATA
7b5eadf0-74e0-46e6-a45a-d63f0c066792,8,NO DATA,NO DATA,NO DATA,NO DATA,NO DATA,NO DATA,NO DATA,NO DATA,NO DATA,NO DATA,29.7,29.2,29.8
7b648aef-8b0c-4dbf-8b83-5d8d8d5c2fd3,10,32.2,32.1,32.1,NO DATA,NO DATA,NO DATA,NO DATA,NO DATA,NO DATA,NO DATA,NO DATA,NO DATA,NO DATA
7b6ec8e6-55b8-47f8-ad16-440e6da17789,10,21.0,25.3,21.4,14.3,16.2,NO DATA,NO DATA,NO DATA,NO DATA,NO DATA,NO DATA,NO DATA,NO DATA
7b92f10a-5f61-4eed-9ebf-c3efd9e92075,10,33.2,32.9,NO DATA,NO DATA,NO DATA,37.7,32.7,30.7,22.3,18.4,NO DATA,NO DATA,NO DATA
7ba360a4-afbe-4381-831c-0eef1ec3c25e,8,NO DATA,NO DATA,NO DATA,NO DATA,NO DATA,NO DATA,NO DATA,34.5,31.1,30.5,NO DATA,11.3,8.9
7bb8c90e-6034-44d6-85c8-5418b6f656bb,8,NO DATA,NO DATA,NO DATA,NO DATA,NO DATA,NO DATA,37.5,NO DATA,NO DATA,NO DATA,NO DATA,NO DATA,NO DATA
7bc40093-3dc1-430d-846d-09626b0fde86,10,NO DATA,34.0,31.3,NO DATA,NO DATA,NO DATA,32.1,23.5,NO DATA,NO DATA,NO DATA,NO DATA,NO DATA
7be98bfc-43ae-4415-961b-741587606334,6,25.4,NO DATA,NO DATA,NO DATA,NO DATA,NO DATA,NO DATA,NO DATA,NO DATA,NO DATA,NO DATA,NO DATA,NO DATA
7bed3589-328b-4ad4-8cf9-046752675381,8,NO DATA,NO DATA,NO DATA,NO DATA,NO DATA,NO DATA,38.0,34.5,32.7,29.9,25.7,22.2,NO DATA
7bf90ba6-5eda-4ce4-a1ba-e4a5a276aa0e,6,NO DATA,NO DATA,NO DATA,NO DATA,NO DATA,NO DATA,NO DATA,NO DATA,31.4,34.0,26.5,29.1,26.1
7bfe2a6b-9169-4710-8fd7-1173291c030e,10,NO DATA,39.8,NO DATA,NO DATA,NO DATA,NO DATA,NO DATA,NO DATA,NO DATA,NO DATA,NO DATA,NO DATA,NO DATA
7c128740-9daa-4a53-a89b-c3cc6f0a5b89,10,33.3,37.7,NO DATA,NO DATA,NO DATA,NO DATA,NO DATA,NO DATA,NO DATA,NO DATA,NO DATA,NO DATA,NO DATA
7c304357-f5de-420a-95e2-224ea39b364c,10,NO DATA,NO DATA,27.0,22.1,NO DATA,NO DATA,NO DATA,NO DATA,NO DATA,NO DATA,NO DATA,NO DATA,NO DATA
7c448b4c-b4a6-4341-b87e-28538c352200,8,NO DATA,NO DATA,NO DATA,NO DATA,NO DATA,NO DATA,41.3,NO DATA,NO DATA,NO DATA,NO DATA,NO DATA,NO DATA
7c51a753-5989-40bf-be7a-d446ce096784,10,27.5,31.4,29.1,28.0,21.4,15.2,NO DATA,NO DATA,NO DATA,NO DATA,NO DATA,47.2,47.2
7c65d3e5-2b5a-4ea3-92b0-8c43f5de7f72,10,NO DATA,35.5,32.7,31.0,29.2,31.4,30.0,29.2,27.0,23.8,25.0,11.4,NO DATA
7c67504f-7c39-4ad9-8739-4e03ade5479f,12,NO DATA,NO DATA,NO DATA,NO DATA,NO DATA,NO DATA,NO DATA,47.9,48.3,45.6,NO DATA,NO DATA,NO DATA
7c6945ca-5906-49c8-b895-1ac28bba5cb1,10,32.0,33.4,27.6,23.1,30.1,NO DATA,34.4,31.3,30.2,32.0,22.9,19.2,NO DATA
7c69f44d-af25-4af0-af6a-4e1baaca8ca1,10,30.3,35.5,31.0,NO DATA,28.5,24.4,16.4,NO DATA,49.7,NO DATA,NO DATA,49.4,44.7
7c74c27c-ab5c-4077-89bd-142ed452ba42,10,NO DATA,44.0,NO DATA,NO DATA,NO DATA,NO DATA,NO DATA,NO DATA,NO DATA,NO DATA,NO DATA,NO DATA,NO DATA
7c9eb9d9-1ab6-4b4a-b2a2-2218cccef7b3,10,35.3,36.2,NO DATA,NO DATA,NO DATA,NO DATA,NO DATA,NO DATA,NO DATA,NO DATA,NO DATA,NO DATA,NO DATA
7ca3d7a4-def0-4115-be23-3adf1e15c2a9,10,NO DATA,NO DATA,NO DATA,NO DATA,NO DATA,NO DATA,NO DATA,NO DATA,45.3,39.5,NO DATA,NO DATA,NO DATA
7cb2a837-89a9-4dc6-a786-bd75db9d7569,10,38.6,43.3,32.3,41.8,38.8,41.7,43.4,39.6,38.5,37.1,NO DATA,NO DATA,NO DATA
7cc521b7-8c79-4ba8-8fb8-cc917ec32a44,6,23.5,24.0,21.8,19.2,18.8,21.4,18.3,16.7,13.3,NO DATA,NO DATA,24.8,24.7
7cf1bad5-de60-4cea-9c0c-4ceb222ad60b,10,30.7,33.1,29.7,29.9,NO DATA,31.2,32.6,30.8,28.3,NO DATA,NO DATA,NO DATA,NO DATA
7d010306-171c-4734-987f-6ffca9ee447e,10,30.8,32.4,31.8,31.4,36.5,NO DATA,34.6,37.3,33.9,NO DATA,NO DATA,NO DATA,NO DATA
7d0b2cc8-8b36-44c1-949f-8c28ab55369a,6,20.5,21.8,NO DATA,NO DATA,NO DATA,NO DATA,NO DATA,NO DATA,NO DATA,NO DATA,NO DATA,NO DATA,NO DATA
7d0f6775-e987-413c-ada8-f06c5ba122af,6,NO DATA,NO DATA,NO DATA,NO DATA,NO DATA,NO DATA,NO DATA,NO DATA,NO DATA,30.3,NO DATA,25.0,27.1
7d19071d-7484-4b73-977b-b240c7d7e962,10,NO DATA,NO DATA,NO DATA,NO DATA,NO DATA,NO DATA,NO DATA,NO DATA,NO DATA,NO DATA,NO DATA,24.7,16.9
7d1e7866-d3e2-431e-b474-70cce8e15cda,10,31.1,30.5,NO DATA,NO DATA,NO DATA,NO DATA,NO DATA,NO DATA,NO DATA,NO DATA,NO DATA,NO DATA,NO DATA
7d271fe3-2923-4af3-8da6-ee593d08ac6a,6,25.0,NO DATA,NO DATA,NO DATA,NO DATA,NO DATA,NO DATA,NO DATA,NO DATA,NO DATA,NO DATA,NO DATA,NO DATA
7d3d3ea6-d051-4900-8da4-002fb8c799d2,10,31.0,30.5,NO DATA,NO DATA,NO DATA,NO DATA,NO DATA,NO DATA,NO DATA,NO DATA,NO DATA,NO DATA,NO DATA
7d44d6b9-2792-41ab-9f73-c69f2cc94096,8,NO DATA,NO DATA,NO DATA,NO DATA,NO DATA,NO DATA,NO DATA,36.2,31.5,NO DATA,NO DATA,NO DATA,NO DATA
7d541426-81a1-41fd-9dc0-12d3380b7f18,10,32.0,35.6,36.5,NO DATA,NO DATA,NO DATA,39.0,NO DATA,NO DATA,NO DATA,NO DATA,NO DATA,NO DATA
7d617e20-6638-4059-8190-9bad91b0c7b0,10,34.2,NO DATA,NO DATA,NO DATA,NO DATA,NO DATA,NO DATA,NO DATA,NO DATA,NO DATA,NO DATA,NO DATA,NO DATA
7d7bfd1d-1d25-4589-8292-bc32251bd1f9,10,30.7,31.1,30.1,22.2,17.5,15.7,NO DATA,NO DATA,NO DATA,NO DATA,NO DATA,NO DATA,NO DATA
7d8a98da-f955-4540-be16-22d983557c87,8,NO DATA,NO DATA,NO DATA,NO DATA,NO DATA,NO DATA,36.4,33.1,30.5,29.0,19.0,NO DATA,NO DATA
7d9b90f6-52af-4862-907b-9b3661aac6f3,6,NO DATA,NO DATA,NO DATA,NO DATA,NO DATA,NO DATA,NO DATA,NO DATA,NO DATA,28.2,NO DATA,NO DATA,NO DATA
7da3e587-7933-46ea-881a-e58c8e0d9028,8,NO DATA,NO DATA,NO DATA,NO DATA,NO DATA,NO DATA,42.0,NO DATA,NO DATA,NO DATA,NO DATA,NO DATA,NO DATA
7dc1b464-b32a-41cb-b8e3-425cfd3459a2,8,NO DATA,NO DATA,NO DATA,NO DATA,NO DATA,NO DATA,41.5,38.1,35.2,33.9,20.3,NO DATA,NO DATA
7dc7f103-889a-4456-a90c-ddf91a6669c4,6,NO DATA,NO DATA,NO DATA,46.0,NO DATA,35.0,50.7,40.3,NO DATA,NO DATA,NO DATA,NO DATA,NO DATA
7dcfcc61-7c96-4dbd-93d4-1641cf3a9a6a,10,25.7,26.1,24.7,NO DATA,NO DATA,29.1,NO DATA,NO DATA,NO DATA,NO DATA,NO DATA,NO DATA,NO DATA
7df07c7d-54ef-4fd5-88e8-ac30b63a6dc9,8,NO DATA,NO DATA,NO DATA,NO DATA,NO DATA,NO DATA,38.5,42.0,35.1,33.7,NO DATA,NO DATA,NO DATA
7e040375-9066-484c-bd47-b2779ea6c7bd,10,NO DATA,NO DATA,NO DATA,NO DATA,NO DATA,NO DATA,NO DATA,NO DATA,31.8,19.6,18.4,21.2,24.3
7e09f642-de7d-43c2-b427-f58ffca40fe1,10,NO DATA,NO DATA,NO DATA,NO DATA,NO DATA,NO DATA,NO DATA,NO DATA,NO DATA,NO DATA,NO DATA,38.7,NO DATA
7e0c9a88-cb08-4c32-95f4-0d3fc24bb50e,12,NO DATA,45.2,46.8,43.8,38.7,44.4,39.2,NO DATA,NO DATA,NO DATA,NO DATA,NO DATA,NO DATA
7e13c728-e37b-4cd7-8617-c74e4facc015,6,NO DATA,NO DATA,NO DATA,NO DATA,NO DATA,NO DATA,30.7,18.3,NO DATA,NO DATA,NO DATA,NO DATA,NO DATA
7e5c5ecd-b287-4783-867b-d3888bbbe1ec,10,NO DATA,33.0,29.1,25.3,20.0,14.6,36.8,33.0,31.4,26.2,12.1,NO DATA,NO DATA
7e5d52b9-769f-483f-87e3-79e90f1f43a4,8,NO DATA,NO DATA,NO DATA,NO DATA,NO DATA,NO DATA,32.3,30.9,30.1,NO DATA,NO DATA,NO DATA,NO DATA
7e85f30d-d28c-4046-98eb-47ff71525ea2,12,NO DATA,NO DATA,NO DATA,NO DATA,NO DATA,NO DATA,NO DATA,15.2,35.3,50.0,NO DATA,NO DATA,NO DATA
7e915c10-698c-4d8c-9d75-7a1fa8ec9a34,10,37.0,41.7,36.6,28.5,19.6,14.6,NO DATA,NO DATA,NO DATA,NO DATA,NO DATA,NO DATA,NO DATA
7e915c10-698c-4d8c-9d75-7a1fa8ec9a34,12,NO DATA,NO DATA,NO DATA,NO DATA,NO DATA,NO DATA,NO DATA,41.8,39.6,27.4,15.0,NO DATA,NO DATA
7e965769-72df-4fb9-8fc2-26293b64e3c2,8,25.1,24.2,21.6,NO DATA,NO DATA,NO DATA,NO DATA,NO DATA,NO DATA,NO DATA,NO DATA,NO DATA,NO DATA
7ea76471-388c-4b3c-b21a-2eb692e605a9,10,20.1,28.0,NO DATA,NO DATA,NO DATA,NO DATA,49.0,46.7,43.2,39.6,NO DATA,33.2,33.3
7eadf88e-0c49-4544-a438-ff983d37b861,10,38.7,39.6,NO DATA,NO DATA,NO DATA,NO DATA,NO DATA,NO DATA,NO DATA,NO DATA,NO DATA,51.1,NO DATA
7eb8a78e-797c-487e-a803-2c2aabd66db2,10,NO DATA,NO DATA,NO DATA,39.9,36.3,NO DATA,NO DATA,NO DATA,NO DATA,NO DATA,NO DATA,NO DATA,NO DATA
7ebf1243-f574-46c6-931e-7c06f9ea4d27,10,NO DATA,NO DATA,NO DATA,NO DATA,NO DATA,NO DATA,NO DATA,NO DATA,NO DATA,NO DATA,NO DATA,19.0,21.2
7ed6103f-4376-4501-83ea-e03c0bf6c714,10,NO DATA,60.9,78.7,NO DATA,NO DATA,30.1,39.8,46.8,46.4,NO DATA,NO DATA,NO DATA,NO DATA
7ee209a6-bc90-41d4-ad4b-a10dc7e6d0fd,12,NO DATA,NO DATA,NO DATA,NO DATA,NO DATA,NO DATA,NO DATA,NO DATA,42.6,43.7,NO DATA,34.4,32.4
7eff0530-8244-47b8-9a1c-5509848f9262,6,NO DATA,27.0,NO DATA,NO DATA,NO DATA,NO DATA,NO DATA,NO DATA,NO DATA,NO DATA,NO DATA,NO DATA,NO DATA
7f05cd88-773f-4f0b-9d8d-aac082dc8d1d,8,NO DATA,NO DATA,NO DATA,NO DATA,NO DATA,NO DATA,41.4,NO DATA,NO DATA,NO DATA,NO DATA,NO DATA,NO DATA
7f28d30c-60df-40d1-8cd4-2baf4fe3c86b,6,NO DATA,26.1,NO DATA,NO DATA,NO DATA,NO DATA,NO DATA,NO DATA,NO DATA,NO DATA,NO DATA,NO DATA,NO DATA
7f28fdcc-b253-4ae5-abbb-3cc39c75c133,10,35.3,34.0,35.8,34.7,NO DATA,NO DATA,NO DATA,NO DATA,NO DATA,NO DATA,NO DATA,NO DATA,NO DATA
7f29a25d-d6d8-4fb7-83cb-c7ffc7001b09,6,NO DATA,NO DATA,NO DATA,NO DATA,NO DATA,33.6,38.6,37.5,31.9,NO DATA,NO DATA,NO DATA,NO DATA
7f2a20eb-21f4-4a49-8e7b-0c5f44ec8f1a,12,NO DATA,NO DATA,NO DATA,NO DATA,NO DATA,NO DATA,NO DATA,NO DATA,43.6,41.5,NO DATA,NO DATA,NO DATA
7f4039cb-edb3-4988-aa38-23c16f7c670c,10,NO DATA,29.9,35.2,33.1,32.7,34.1,36.1,34.4,33.5,NO DATA,NO DATA,NO DATA,NO DATA
7f6229c4-b535-4a00-a4da-c9c1a67681da,10,NO DATA,37.7,33.1,32.1,28.7,25.1,23.0,18.5,13.6,NO DATA,NO DATA,NO DATA,NO DATA
7f8a75ca-269f-4601-b2b7-1939dfde2bc6,10,29.0,30.5,32.1,28.3,27.8,27.6,29.4,26.8,27.6,NO DATA,NO DATA,NO DATA,NO DATA
7f8d56ad-c347-417c-b392-b244bf4764e8,8,NO DATA,NO DATA,NO DATA,NO DATA,32.1,34.1,NO DATA,NO DATA,NO DATA,NO DATA,NO DATA,NO DATA,NO DATA
7f92e3ee-4f02-415c-a3b2-de193a67bc75,10,NO DATA,36.2,32.2,25.4,30.6,27.6,NO DATA,NO DATA,NO DATA,NO DATA,NO DATA,NO DATA,NO DATA
7fd385df-8a60-475f-91c6-d9682aee11dd,10,30.4,28.7,NO DATA,NO DATA,NO DATA,NO DATA,NO DATA,NO DATA,NO DATA,NO DATA,NO DATA,NO DATA,NO DATA
8006333a-2303-49f8-9898-0f2ff1ec6c06,10,NO DATA,35.6,37.4,33.5,30.0,32.3,29.1,24.7,21.6,21.8,6.3,9.6,NO DATA
803286e3-7377-40f1-b31e-ddf1d71420ff,10,38.6,30.2,NO DATA,NO DATA,NO DATA,NO DATA,NO DATA,NO DATA,NO DATA,NO DATA,NO DATA,NO DATA,NO DATA
803ed8ca-2342-44cc-aac1-0dde16928011,10,NO DATA,NO DATA,NO DATA,NO DATA,NO DATA,NO DATA,NO DATA,NO DATA,NO DATA,47.8,68.5,NO DATA,NO DATA
8073ec60-e4a4-453b-b6ef-807fb7065d2f,10,NO DATA,NO DATA,NO DATA,NO DATA,NO DATA,NO DATA,NO DATA,NO DATA,NO DATA,NO DATA,NO DATA,28.4,29.7
807b26c2-bf8e-4dce-b6b1-7c4063039516,10,NO DATA,48.5,NO DATA,NO DATA,NO DATA,NO DATA,NO DATA,NO DATA,NO DATA,NO DATA,NO DATA,NO DATA,NO DATA
8086ba80-27ae-4b2e-8944-c2cc1767a91c,10,NO DATA,40.2,35.3,35.0,32.2,29.4,30.5,25.2,21.4,NO DATA,NO DATA,NO DATA,NO DATA
80ae2ee5-5540-4ec8-a0c9-ff69cc1ec58f,10,NO DATA,NO DATA,NO DATA,6.4,NO DATA,NO DATA,NO DATA,NO DATA,NO DATA,NO DATA,NO DATA,NO DATA,NO DATA
80c2c84f-414b-4998-bebf-16f5e877bca0,8,NO DATA,NO DATA,NO DATA,NO DATA,NO DATA,NO DATA,36.5,34.3,30.9,31.0,NO DATA,NO DATA,NO DATA
80c94c90-e41d-4bd8-b881-0cf954b7de8e,8,NO DATA,NO DATA,NO DATA,NO DATA,NO DATA,NO DATA,35.7,34.9,NO DATA,NO DATA,NO DATA,NO DATA,NO DATA
80ea5c25-dccc-4863-b4a3-6697d392ed50,8,NO DATA,NO DATA,NO DATA,NO DATA,NO DATA,NO DATA,33.9,31.4,30.6,22.8,11.8,16.2,14.5
81270062-8546-4396-8deb-e86f5e9590e8,10,NO DATA,54.5,41.5,NO DATA,NO DATA,NO DATA,36.0,NO DATA,NO DATA,NO DATA,NO DATA,NO DATA,NO DATA
81280b75-a04e-4388-8269-000722d4013d,10,NO DATA,NO DATA,NO DATA,NO DATA,NO DATA,29.3,NO DATA,NO DATA,NO DATA,NO DATA,NO DATA,NO DATA,NO DATA
8145aeaf-e7c6-4bbd-8cb8-be059a07ea15,10,NO DATA,38.0,42.3,33.7,31.8,30.4,NO DATA,NO DATA,NO DATA,NO DATA,NO DATA,NO DATA,NO DATA
816a8e46-9668-425d-9411-c3c7e8c91f95,10,36.5,37.6,36.2,35.2,NO DATA,NO DATA,NO DATA,NO DATA,NO DATA,NO DATA,NO DATA,NO DATA,NO DATA
816da657-ceba-4046-97f8-c8c299eb1f44,10,32.4,35.4,NO DATA,40.4,NO DATA,NO DATA,NO DATA,NO DATA,NO DATA,NO DATA,NO DATA,NO DATA,NO DATA
8170744d-8bb9-4f27-98fc-bfcef7afb8b2,10,NO DATA,36.5,NO DATA,NO DATA,NO DATA,NO DATA,NO DATA,NO DATA,NO DATA,NO DATA,NO DATA,NO DATA,NO DATA
8171631d-6ebe-420c-a5db-ef78687690a9,8,NO DATA,NO DATA,NO DATA,NO DATA,NO DATA,NO DATA,NO DATA,NO DATA,35.4,33.3,NO DATA,26.4,25.0
8174c715-123e-498b-8a66-556338c40f28,8,NO DATA,NO DATA,NO DATA,NO DATA,NO DATA,NO DATA,34.5,40.3,38.9,NO DATA,NO DATA,NO DATA,NO DATA
81793f2f-577f-4f04-91a3-e9f87a23a676,10,35.3,39.2,NO DATA,NO DATA,NO DATA,NO DATA,NO DATA,NO DATA,NO DATA,NO DATA,NO DATA,NO DATA,NO DATA
81807c1e-cfd3-4947-8ebb-e806c78fb802,10,27.6,25.7,24.0,20.7,NO DATA,NO DATA,NO DATA,NO DATA,NO DATA,NO DATA,NO DATA,NO DATA,NO DATA
81818af4-9a6a-4d15-8ca2-f0cdd7f553fb,10,NO DATA,33.5,33.5,30.5,26.8,20.2,16.8,8.5,NO DATA,NO DATA,NO DATA,NO DATA,NO DATA
8182fc41-41bd-4e5e-b0cd-e2812d1a9878,10,NO DATA,NO DATA,NO DATA,NO DATA,NO DATA,NO DATA,NO DATA,NO DATA,42.5,42.6,NO DATA,NO DATA,NO DATA
8187e90c-b313-4ae5-bbce-09fc2e980d69,10,22.9,28.5,NO DATA,NO DATA,NO DATA,NO DATA,42.4,NO DATA,NO DATA,NO DATA,NO DATA,NO DATA,NO DATA
818b32e4-468c-4f90-92a2-0260f5b46a55,10,NO DATA,33.4,30.7,34.6,NO DATA,NO DATA,NO DATA,NO DATA,NO DATA,NO DATA,NO DATA,NO DATA,NO DATA
818bba52-263d-493d-8b8c-7082fe170abb,8,NO DATA,NO DATA,NO DATA,NO DATA,NO DATA,NO DATA,28.2,26.0,21.2,19.3,NO DATA,NO DATA,NO DATA
819d4f5e-df54-48dd-a75b-723520673267,12,30.2,34.2,31.9,29.9,26.3,26.7,20.3,NO DATA,NO DATA,NO DATA,NO DATA,NO DATA,NO DATA
819d75e9-949e-4d94-a833-1b8706b753a6,6,NO DATA,24.6,21.7,NO DATA,NO DATA,NO DATA,NO DATA,NO DATA,NO DATA,NO DATA,NO DATA,NO DATA,NO DATA
819ea838-8bce-42a8-ba9d-4a979388bd5b,10,NO DATA,33.3,34.4,NO DATA,NO DATA,NO DATA,NO DATA,NO DATA,NO DATA,19.9,NO DATA,NO DATA,NO DATA
81ab1759-5ec4-4bc4-a4c7-6bdaafccd983,6,NO DATA,NO DATA,31.1,NO DATA,NO DATA,NO DATA,NO DATA,NO DATA,NO DATA,NO DATA,NO DATA,NO DATA,NO DATA
81ab5323-b4e0-4e80-8d69-4c64a418ee1d,10,NO DATA,35.6,24.9,47.1,NO DATA,NO DATA,NO DATA,32.3,67.2,NO DATA,NO DATA,NO DATA,NO DATA
81c77e84-0fdc-4b8c-8e50-588913132839,10,33.0,36.9,36.6,37.0,NO DATA,NO DATA,NO DATA,NO DATA,NO DATA,NO DATA,NO DATA,NO DATA,NO DATA
81f57577-dcbe-42d3-9819-d1181e794bd1,12,NO DATA,NO DATA,NO DATA,NO DATA,NO DATA,NO DATA,NO DATA,63.9,NO DATA,NO DATA,NO DATA,NO DATA,NO DATA
822ecad1-fd5b-45b1-a883-20c479214b8e,8,NO DATA,NO DATA,NO DATA,NO DATA,NO DATA,NO DATA,NO DATA,45.3,NO DATA,NO DATA,NO DATA,NO DATA,NO DATA
823a2ef0-a31c-45b7-a7ce-2a9e2017ba10,10,34.9,40.3,41.2,NO DATA,NO DATA,NO DATA,NO DATA,NO DATA,NO DATA,NO DATA,NO DATA,NO DATA,NO DATA
82694d8a-d565-4596-acb7-bf0a46d62578,6,13.4,NO DATA,14.2,NO DATA,NO DATA,NO DATA,NO DATA,NO DATA,NO DATA,NO DATA,NO DATA,NO DATA,NO DATA
82698439-815c-47ee-9c33-52237937fa8a,10,34.7,27.5,21.3,9.4,NO DATA,NO DATA,NO DATA,NO DATA,NO DATA,NO DATA,NO DATA,NO DATA,NO DATA
828d68fd-7ec9-4ceb-b64b-5ca42792c571,8,NO DATA,NO DATA,NO DATA,NO DATA,NO DATA,NO DATA,38.5,37.7,NO DATA,NO DATA,NO DATA,NO DATA,NO DATA
828fa868-27d0-4cb1-8ede-99eff82a863f,8,NO DATA,NO DATA,NO DATA,NO DATA,NO DATA,NO DATA,NO DATA,NO DATA,42.3,48.7,NO DATA,35.1,35.1
82996e83-30bc-4b2f-8a00-d2d619795387,10,NO DATA,NO DATA,35.7,NO DATA,NO DATA,NO DATA,NO DATA,NO DATA,NO DATA,NO DATA,NO DATA,NO DATA,NO DATA
82a00711-02ab-4cfe-8e0d-8101592ea299,10,21.0,42.2,54.6,NO DATA,46.1,NO DATA,44.4,NO DATA,NO DATA,NO DATA,NO DATA,NO DATA,NO DATA
82a12adb-e4b8-48bc-9c92-b9dc2a1cbf18,8,NO DATA,NO DATA,NO DATA,NO DATA,NO DATA,NO DATA,NO DATA,NO DATA,36.2,32.7,NO DATA,NO DATA,NO DATA
82c9583f-fb93-4763-b0dc-a7fb0d44e5f9,10,25.8,31.0,28.7,27.7,24.8,22.8,24.8,22.4,21.2,21.5,34.3,35.8,35.3
82cf485f-d728-47d4-ac4a-bfa62f23cddc,10,32.6,NO DATA,NO DATA,NO DATA,NO DATA,NO DATA,NO DATA,NO DATA,NO DATA,NO DATA,NO DATA,NO DATA,NO DATA
82e636fc-d093-43cb-bf03-f9d0204197ae,10,NO DATA,37.3,34.8,31.1,31.5,NO DATA,NO DATA,NO DATA,NO DATA,NO DATA,NO DATA,NO DATA,NO DATA
82f11c3e-06db-4150-a1f1-81bc47a0c04f,10,NO DATA,19.8,NO DATA,NO DATA,NO DATA,NO DATA,NO DATA,NO DATA,NO DATA,NO DATA,NO DATA,NO DATA,NO DATA
83042f92-a658-47a9-b81c-1b3f9dcbb3c5,6,21.6,NO DATA,NO DATA,NO DATA,NO DATA,NO DATA,NO DATA,NO DATA,NO DATA,NO DATA,NO DATA,NO DATA,NO DATA
8328451e-2f4b-4ea5-a947-a3f0bd915bf9,8,NO DATA,NO DATA,NO DATA,NO DATA,NO DATA,NO DATA,26.0,33.5,NO DATA,NO DATA,NO DATA,NO DATA,NO DATA
833382a3-e79d-4775-9872-b252de73413b,8,NO DATA,NO DATA,NO DATA,NO DATA,NO DATA,NO DATA,39.4,35.0,39.3,NO DATA,NO DATA,NO DATA,NO DATA
83580d02-7a1d-424b-b674-4883c8dcda48,10,32.0,32.3,NO DATA,NO DATA,NO DATA,NO DATA,NO DATA,NO DATA,NO DATA,NO DATA,NO DATA,NO DATA,NO DATA
83687544-185e-4554-a1de-55ec6160032b,8,NO DATA,NO DATA,NO DATA,NO DATA,NO DATA,NO DATA,35.0,39.7,NO DATA,NO DATA,NO DATA,NO DATA,NO DATA
837b0a32-7357-4494-95c1-41264bbcf182,10,30.6,29.9,NO DATA,NO DATA,NO DATA,33.6,NO DATA,NO DATA,NO DATA,NO DATA,NO DATA,NO DATA,NO DATA
8389e3e1-eec9-4c2e-8e26-fe7ff4551c29,6,15.0,13.4,NO DATA,NO DATA,NO DATA,NO DATA,NO DATA,NO DATA,NO DATA,NO DATA,NO DATA,NO DATA,NO DATA
838a0558-17cb-4a90-a7ff-e424ac5bb8f6,10,26.4,29.9,26.4,15.2,NO DATA,NO DATA,NO DATA,NO DATA,NO DATA,NO DATA,NO DATA,NO DATA,NO DATA
838c13f0-459c-44d1-8ad8-6e604e25d32e,12,NO DATA,NO DATA,NO DATA,NO DATA,NO DATA,51.8,49.1,NO DATA,NO DATA,NO DATA,NO DATA,NO DATA,NO DATA
8396473f-9587-4bd1-8c1d-10fe6f7cdfb7,10,NO DATA,NO DATA,24.9,30.4,29.0,28.9,31.7,30.7,NO DATA,NO DATA,NO DATA,27.4,25.3
8396473f-9587-4bd1-8c1d-10fe6f7cdfb7,12,NO DATA,NO DATA,NO DATA,NO DATA,NO DATA,NO DATA,NO DATA,28.9,54.0,47.8,NO DATA,43.5,43.5
83980b51-7b83-42fe-b224-1a9a6d4982a1,10,30.6,32.9,29.6,23.3,22.1,21.0,26.7,11.3,43.1,37.6,NO DATA,29.1,28.0
83a9a738-6a7d-42c9-a888-4e498ddc65a5,10,35.7,35.2,34.4,32.7,33.0,33.3,33.6,31.1,21.7,19.5,19.4,NO DATA,NO DATA
83c83698-6b35-4b02-84d4-0962d4108d81,10,35.8,36.2,33.8,32.0,31.8,14.7,41.1,42.9,37.5,31.1,11.8,6.3,5.0
83c8372a-6ce4-4cf7-9f71-bd93fde00b16,10,31.4,36.5,33.1,32.6,31.2,32.0,27.2,23.2,16.5,NO DATA,NO DATA,NO DATA,NO DATA
83e5c897-c72c-4d75-accf-0fcf69938fc1,10,NO DATA,NO DATA,35.6,30.9,NO DATA,NO DATA,NO DATA,NO DATA,NO DATA,NO DATA,NO DATA,NO DATA,NO DATA
83f64d01-9157-47f0-ab91-25f8e88112eb,10,29.6,35.1,NO DATA,34.1,NO DATA,NO DATA,NO DATA,NO DATA,NO DATA,NO DATA,NO DATA,NO DATA,NO DATA
84172da8-5d95-48ab-8903-45fd715fde99,10,NO DATA,NO DATA,NO DATA,NO DATA,NO DATA,NO DATA,NO DATA,NO DATA,NO DATA,60.8,NO DATA,NO DATA,NO DATA
84408864-246b-43fe-9af2-0f9f7a827704,10,27.7,29.2,25.7,NO DATA,NO DATA,18.3,10.3,8.6,NO DATA,NO DATA,NO DATA,NO DATA,NO DATA
84670c1a-ccd3-4c2b-96de-bc87f88facf1,6,16.4,17.7,NO DATA,NO DATA,NO DATA,NO DATA,NO DATA,NO DATA,NO DATA,NO DATA,NO DATA,NO DATA,NO DATA
846c0d7c-90de-4120-8207-a13ff14ad9f0,10,31.1,34.4,36.4,34.6,9.9,NO DATA,NO DATA,NO DATA,39.7,32.3,NO DATA,20.3,18.0
8473e8b8-d17e-4b2c-80b1-a05f0ecdd37a,6,NO DATA,28.3,NO DATA,NO DATA,NO DATA,NO DATA,NO DATA,NO DATA,NO DATA,NO DATA,NO DATA,NO DATA,NO DATA
8475d4b4-4641-468d-b311-321b5c4ff3f9,10,34.5,38.8,36.1,31.9,NO DATA,NO DATA,NO DATA,NO DATA,NO DATA,NO DATA,NO DATA,NO DATA,NO DATA
8484ffbd-724e-4c82-b041-63b6c0cd0138,10,NO DATA,NO DATA,43.4,42.1,38.9,NO DATA,NO DATA,NO DATA,NO DATA,NO DATA,NO DATA,NO DATA,NO DATA
84948eda-f58a-4a26-8545-df1d5e0a7ab9,10,31.9,35.5,32.5,34.5,30.8,35.2,NO DATA,NO DATA,NO DATA,NO DATA,NO DATA,NO DATA,NO DATA
84970fe5-5b96-48b2-b694-4780d8ed8ad7,8,NO DATA,NO DATA,NO DATA,NO DATA,NO DATA,NO DATA,44.9,39.4,32.1,NO DATA,NO DATA,NO DATA,NO DATA
84a2768a-d346-42ef-aff2-dfc8e6d85856,8,NO DATA,NO DATA,NO DATA,NO DATA,NO DATA,NO DATA,39.2,36.3,34.0,34.0,NO DATA,NO DATA,NO DATA
84ba5b6b-e2ba-4b82-b9ed-7e41ec1f4a3a,10,24.1,21.4,15.8,NO DATA,NO DATA,NO DATA,NO DATA,NO DATA,NO DATA,NO DATA,NO DATA,NO DATA,NO DATA
84d3380d-5178-43be-a1ff-6472d54aea7a,6,20.3,21.4,19.0,16.7,NO DATA,NO DATA,NO DATA,31.2,30.4,32.0,NO DATA,23.7,23.8
84e22ab8-1752-4465-9e00-1f2294829650,8,NO DATA,NO DATA,NO DATA,NO DATA,NO DATA,NO DATA,36.1,NO DATA,NO DATA,NO DATA,NO DATA,NO DATA,NO DATA
84f48c3f-6e3c-4ccf-82ec-2fac8d08a97c,10,NO DATA,NO DATA,32.0,31.4,33.7,28.6,27.1,NO DATA,NO DATA,NO DATA,NO DATA,NO DATA,NO DATA
8500e773-71c7-4e7b-8aa6-3061ff3cc9df,10,25.5,NO DATA,NO DATA,NO DATA,NO DATA,NO DATA,NO DATA,NO DATA,NO DATA,NO DATA,NO DATA,NO DATA,NO DATA
851149b9-05aa-4639-b2c3-fb8ef3b7b561,10,NO DATA,NO DATA,NO DATA,39.0,NO DATA,NO DATA,NO DATA,NO DATA,NO DATA,NO DATA,NO DATA,NO DATA,NO DATA
85403979-a6ae-4809-879e-6b51c469f211,8,NO DATA,NO DATA,NO DATA,NO DATA,NO DATA,48.3,31.7,31.1,26.1,NO DATA,NO DATA,NO DATA,NO DATA
85491768-9ce7-43fe-b027-1d365a137ddd,12,NO DATA,NO DATA,NO DATA,NO DATA,NO DATA,NO DATA,NO DATA,NO DATA,38.5,58.3,NO DATA,9.5,8.3
855ebdf0-f897-4fbd-9242-4c7230797b6a,10,NO DATA,44.4,NO DATA,NO DATA,NO DATA,NO DATA,NO DATA,NO DATA,NO DATA,NO DATA,NO DATA,NO DATA,NO DATA
85625ac8-4ef1-4f5f-b180-3d96fa5dcfc8,10,35.0,35.9,30.4,NO DATA,NO DATA,NO DATA,NO DATA,NO DATA,NO DATA,NO DATA,NO DATA,NO DATA,NO DATA
856b4f4f-eff7-4bad-b823-d570fe7a2992,10,27.0,NO DATA,NO DATA,NO DATA,NO DATA,NO DATA,NO DATA,NO DATA,NO DATA,NO DATA,NO DATA,NO DATA,NO DATA
858c2358-0778-4728-80a7-b35a2eb9eed0,10,23.0,19.7,8.5,NO DATA,NO DATA,NO DATA,NO DATA,NO DATA,NO DATA,NO DATA,NO DATA,NO DATA,NO DATA
8594d922-f887-4eae-b99c-ec9a57b38a80,8,NO DATA,32.2,28.8,24.3,NO DATA,NO DATA,NO DATA,NO DATA,NO DATA,NO DATA,NO DATA,NO DATA,NO DATA
8597fc6b-6b7e-41bc-a2eb-ce66fbe45e33,10,32.5,37.5,NO DATA,NO DATA,NO DATA,NO DATA,NO DATA,NO DATA,NO DATA,NO DATA,NO DATA,NO DATA,NO DATA
85a00fa5-ab7d-403c-9fa4-1724001fd5f0,8,NO DATA,NO DATA,NO DATA,NO DATA,NO DATA,NO DATA,NO DATA,29.7,NO DATA,NO DATA,NO DATA,NO DATA,NO DATA
85ad233b-ac55-4569-b42f-3d0aa77cf4b3,6,24.4,25.6,26.1,26.2,22.1,NO DATA,NO DATA,NO DATA,NO DATA,NO DATA,NO DATA,NO DATA,NO DATA
85c26dea-5f96-4210-9913-9f0ecc71688d,10,22.5,20.6,16.0,10.7,NO DATA,NO DATA,NO DATA,NO DATA,41.5,NO DATA,NO DATA,NO DATA,NO DATA
85c91ea8-8e7b-49fc-8766-03b87d56f56f,10,30.3,33.8,27.9,23.0,17.2,14.5,8.5,NO DATA,NO DATA,NO DATA,NO DATA,NO DATA,NO DATA
85dd2460-04bb-4a8b-b6f0-0e481fc15048,10,NO DATA,NO DATA,NO DATA,36.4,34.5,24.5,19.5,NO DATA,NO DATA,NO DATA,NO DATA,NO DATA,NO DATA
85e1be65-2ac0-4ba2-894f-3028d9b4ade4,10,33.5,38.5,35.1,23.9,NO DATA,NO DATA,NO DATA,NO DATA,NO DATA,NO DATA,NO DATA,NO DATA,NO DATA
85e5602b-d7f0-4730-8e1c-2b2bc0ad2eef,10,29.0,28.5,27.8,27.3,NO DATA,NO DATA,28.3,22.1,15.5,NO DATA,NO DATA,NO DATA,NO DATA
85fd7025-60e5-4e58-9d99-3ef3d52ad655,6,22.5,23.3,22.3,16.3,11.0,11.0,10.0,NO DATA,NO DATA,NO DATA,NO DATA,NO DATA,NO DATA
861ae31c-0449-47a4-b024-22df39dfe75c,8,NO DATA,NO DATA,NO DATA,NO DATA,NO DATA,NO DATA,38.9,NO DATA,NO DATA,NO DATA,NO DATA,NO DATA,NO DATA
86250255-f7f9-4b28-a33a-b8d4d0ad1340,10,NO DATA,NO DATA,NO DATA,NO DATA,NO DATA,NO DATA,NO DATA,NO DATA,NO DATA,NO DATA,NO DATA,40.4,NO DATA
8630ad4b-0c07-4181-a099-0435f3444827,10,NO DATA,NO DATA,57.8,NO DATA,NO DATA,NO DATA,NO DATA,NO DATA,NO DATA,NO DATA,NO DATA,NO DATA,NO DATA
863e274d-078d-43e0-a3ba-7f514cb7b22f,6,NO DATA,27.2,25.0,23.4,20.1,16.2,13.3,NO DATA,NO DATA,NO DATA,NO DATA,NO DATA,NO DATA
86556358-8dd6-4742-a474-2cf0d6783d2f,10,22.3,NO DATA,NO DATA,27.9,NO DATA,NO DATA,NO DATA,NO DATA,NO DATA,NO DATA,NO DATA,NO DATA,NO DATA
86671355-5fa0-4d65-a84d-6c67c772ec8d,8,NO DATA,NO DATA,NO DATA,NO DATA,NO DATA,33.2,36.4,NO DATA,25.3,NO DATA,NO DATA,NO DATA,NO DATA
866ac60b-a760-474d-8274-19be85b2e16c,6,NO DATA,NO DATA,NO DATA,NO DATA,NO DATA,NO DATA,NO DATA,26.9,30.6,NO DATA,NO DATA,NO DATA,NO DATA
86719714-6c73-4c84-b977-f2cef3532334,12,NO DATA,NO DATA,NO DATA,NO DATA,NO DATA,35.8,41.9,NO DATA,NO DATA,NO DATA,NO DATA,NO DATA,NO DATA
867696c6-5c0a-430e-b397-9aaf3780d9b9,10,32.0,34.7,NO DATA,NO DATA,NO DATA,33.0,32.1,30.5,27.0,NO DATA,NO DATA,NO DATA,NO DATA
86b52161-f8ab-4704-ac42-7ce547e0ec75,10,33.8,37.6,40.1,42.3,40.7,46.3,49.2,44.8,42.8,40.4,32.7,35.5,34.3
86b80104-1ddc-4215-a479-7221e934bd22,6,24.8,NO DATA,NO DATA,NO DATA,NO DATA,NO DATA,NO DATA,NO DATA,NO DATA,NO DATA,NO DATA,NO DATA,NO DATA
86c11936-ddeb-49f2-ba4a-eaaf203c3bc9,6,NO DATA,NO DATA,NO DATA,NO DATA,NO DATA,NO DATA,NO DATA,NO DATA,NO DATA,27.2,22.9,22.4,19.2
86f0381d-556a-4176-a4c4-24dcef1c1d99,6,25.9,31.5,31.1,NO DATA,NO DATA,NO DATA,NO DATA,NO DATA,NO DATA,NO DATA,NO DATA,NO DATA,NO DATA
86f0c2ae-de98-4b47-aef8-c750985144ef,10,34.7,NO DATA,NO DATA,NO DATA,NO DATA,NO DATA,NO DATA,NO DATA,NO DATA,NO DATA,NO DATA,NO DATA,NO DATA
87079c00-a308-4304-806b-0e6c79ac560d,10,30.5,31.7,NO DATA,NO DATA,NO DATA,NO DATA,NO DATA,NO DATA,NO DATA,NO DATA,NO DATA,NO DATA,NO DATA
8720024e-ca82-4b9f-a685-825e910c0f6e,10,46.3,41.6,NO DATA,NO DATA,NO DATA,NO DATA,NO DATA,NO DATA,NO DATA,NO DATA,NO DATA,NO DATA,NO DATA
87442b2a-7ecb-40b6-8060-1e31d15e4ccc,8,NO DATA,NO DATA,NO DATA,NO DATA,33.2,29.1,NO DATA,NO DATA,NO DATA,NO DATA,NO DATA,NO DATA,NO DATA
87913db9-5d6a-451e-a0d5-3f203554b8a0,6,NO DATA,24.6,21.4,24.0,20.0,26.5,NO DATA,24.7,NO DATA,NO DATA,NO DATA,NO DATA,NO DATA
8792436e-6308-4a5e-8179-e59ceac59b94,10,10.1,10.2,NO DATA,NO DATA,NO DATA,NO DATA,NO DATA,NO DATA,NO DATA,NO DATA,NO DATA,NO DATA,NO DATA
87b4a2c9-cb7d-41cf-b28d-1ae2bea38aec,10,28.9,29.0,NO DATA,NO DATA,NO DATA,NO DATA,NO DATA,NO DATA,NO DATA,NO DATA,NO DATA,NO DATA,NO DATA
87d6a591-2ffd-4d5b-b032-9bb5728b9dea,10,30.6,40.7,35.8,NO DATA,NO DATA,41.1,37.3,37.1,NO DATA,NO DATA,NO DATA,NO DATA,NO DATA
87de4b0b-44a6-40c2-ae92-644bb0a3d6f9,8,NO DATA,NO DATA,NO DATA,NO DATA,NO DATA,NO DATA,34.1,30.8,26.3,25.5,23.7,NO DATA,NO DATA
87dfd46b-aeb8-4aa5-b4dc-f7a02624c61d,6,27.4,28.4,31.0,26.5,NO DATA,32.9,NO DATA,NO DATA,NO DATA,NO DATA,NO DATA,NO DATA,NO DATA
87eba341-5d7e-40fd-b92b-ee3bd0ece5ea,10,39.5,NO DATA,35.0,NO DATA,29.1,NO DATA,NO DATA,NO DATA,NO DATA,NO DATA,NO DATA,NO DATA,NO DATA
8803fc40-7d91-429a-9bdf-f86f84737569,10,NO DATA,39.9,NO DATA,NO DATA,NO DATA,NO DATA,NO DATA,NO DATA,NO DATA,NO DATA,NO DATA,NO DATA,NO DATA
8804a91d-9362-420f-992e-b5e77152600c,10,34.6,35.5,29.2,29.2,24.5,19.9,12.5,NO DATA,35.5,44.6,NO DATA,22.9,24.0
88064bf3-a36e-4488-8a5d-dff06b4f7120,8,NO DATA,NO DATA,NO DATA,NO DATA,NO DATA,NO DATA,NO DATA,NO DATA,39.0,39.0,NO DATA,28.7,28.1
880831e7-d7bf-4c05-ab9b-f84b0b0c74da,10,NO DATA,31.8,30.0,27.0,21.8,24.9,21.7,NO DATA,NO DATA,NO DATA,NO DATA,NO DATA,NO DATA
880cbc76-3efd-4df3-afb4-27947738d7fd,10,NO DATA,NO DATA,NO DATA,NO DATA,NO DATA,NO DATA,NO DATA,NO DATA,NO DATA,NO DATA,NO DATA,16.2,NO DATA
8862d568-28a8-443f-8cd5-b7ad2263357e,10,NO DATA,NO DATA,34.2,34.3,27.7,14.0,13.7,NO DATA,37.0,37.5,NO DATA,NO DATA,NO DATA
88676b32-daf7-4dc9-8b1f-8a7b40fdbc1d,8,NO DATA,NO DATA,NO DATA,NO DATA,NO DATA,NO DATA,NO DATA,NO DATA,NO DATA,NO DATA,NO DATA,30.4,30.2
886a39e6-db15-40b6-88d5-cd44884c3105,10,35.7,NO DATA,NO DATA,NO DATA,NO DATA,NO DATA,NO DATA,NO DATA,NO DATA,NO DATA,NO DATA,NO DATA,NO DATA
887ed462-1e0e-4729-b564-8fdc1873077b,10,NO DATA,35.1,35.8,30.0,30.5,31.6,35.6,37.4,40.6,17.4,NO DATA,NO DATA,NO DATA
888baa49-123a-4dee-9f43-fc41fba0c2a3,10,31.1,35.1,NO DATA,NO DATA,NO DATA,NO DATA,38.0,33.9,NO DATA,NO DATA,NO DATA,NO DATA,NO DATA
88ab6d5a-39f8-4087-9f1e-49b91218ac05,10,NO DATA,NO DATA,NO DATA,NO DATA,NO DATA,NO DATA,NO DATA,NO DATA,49.4,46.1,NO DATA,35.3,36.3
88e3b9df-526a-4fb9-9a2a-4d98fbeed901,10,31.1,NO DATA,NO DATA,NO DATA,NO DATA,NO DATA,NO DATA,NO DATA,NO DATA,NO DATA,NO DATA,NO DATA,NO DATA
88ff6064-e725-4060-9709-f9cf4db59c94,10,NO DATA,NO DATA,NO DATA,NO DATA,19.7,18.5,NO DATA,NO DATA,NO DATA,NO DATA,NO DATA,NO DATA,NO DATA
89232b63-b9ad-4990-b34b-eb7d61403efe,8,NO DATA,NO DATA,NO DATA,NO DATA,NO DATA,NO DATA,33.2,32.4,31.5,29.6,NO DATA,NO DATA,NO DATA
8930e11f-41cc-4e60-bf0d-ac1f2d0b51f0,6,24.3,23.4,NO DATA,NO DATA,NO DATA,NO DATA,NO DATA,NO DATA,NO DATA,NO DATA,NO DATA,NO DATA,NO DATA
89421574-47a1-466e-b5c4-4667f8c0fcc6,10,34.3,35.0,32.4,30.5,28.3,26.1,25.7,NO DATA,NO DATA,NO DATA,NO DATA,34.6,34.6
8950b17f-1f61-4c4e-b813-b4a4c4ef7187,10,NO DATA,NO DATA,NO DATA,NO DATA,NO DATA,NO DATA,NO DATA,NO DATA,42.7,37.9,NO DATA,NO DATA,NO DATA
8952f0f0-cca2-43c4-bfeb-84021b5e6dd1,10,32.2,33.4,35.9,29.9,NO DATA,NO DATA,23.2,NO DATA,NO DATA,NO DATA,NO DATA,NO DATA,NO DATA
8965c038-8aea-4aa9-8762-002f475d6cc4,10,26.3,28.7,26.3,NO DATA,30.9,21.8,23.8,NO DATA,NO DATA,NO DATA,NO DATA,29.3,29.3
8983bd9d-431d-4cd4-8b5d-643641e2c4d4,10,NO DATA,NO DATA,39.2,NO DATA,22.2,NO DATA,NO DATA,NO DATA,36.4,32.0,NO DATA,NO DATA,NO DATA
89852a64-bfd9-429d-b88c-8e195be9e91a,10,35.5,38.8,31.0,NO DATA,NO DATA,NO DATA,NO DATA,NO DATA,NO DATA,NO DATA,NO DATA,NO DATA,NO DATA
8986363e-e1a6-4d68-aec0-0df14f587905,6,26.0,25.5,25.5,21.9,19.0,NO DATA,NO DATA,NO DATA,NO DATA,NO DATA,NO DATA,NO DATA,NO DATA
89a4d7a0-a341-4217-ae7c-2512fb5418de,10,30.8,32.3,34.1,NO DATA,NO DATA,NO DATA,NO DATA,NO DATA,NO DATA,NO DATA,NO DATA,NO DATA,NO DATA
89bb3f72-0d8d-459e-a87e-a3e53f8bccc1,10,27.5,32.0,29.9,25.5,26.2,21.4,21.1,18.2,11.0,NO DATA,NO DATA,NO DATA,NO DATA
89c71e5b-78ba-4a0b-b314-244652d636ee,10,30.0,29.8,22.2,NO DATA,NO DATA,NO DATA,NO DATA,NO DATA,NO DATA,NO DATA,NO DATA,NO DATA,NO DATA
89d13ac4-4ed7-4aea-8b32-7e16a5250c20,6,23.8,NO DATA,NO DATA,NO DATA,NO DATA,NO DATA,NO DATA,NO DATA,NO DATA,NO DATA,NO DATA,NO DATA,NO DATA
89d8bb74-5de6-4340-90c3-ed807946d28c,10,40.6,38.6,NO DATA,36.6,NO DATA,NO DATA,NO DATA,NO DATA,NO DATA,NO DATA,NO DATA,NO DATA,NO DATA
89dc7301-b5ac-4c1a-b561-c883ea94dab5,10,29.7,36.8,NO DATA,NO DATA,NO DATA,NO DATA,NO DATA,NO DATA,NO DATA,NO DATA,NO DATA,NO DATA,NO DATA
89e410ca-8747-45a3-8b31-fa8d5a2ac885,8,NO DATA,NO DATA,NO DATA,NO DATA,NO DATA,NO DATA,NO DATA,NO DATA,NO DATA,41.0,28.2,NO DATA,NO DATA
89ea7e78-6157-40e3-b454-89b9524df482,10,NO DATA,37.0,63.7,NO DATA,NO DATA,NO DATA,NO DATA,NO DATA,NO DATA,NO DATA,NO DATA,NO DATA,NO DATA
8a0362a8-865b-477c-b050-87ef7f09d1fc,8,NO DATA,NO DATA,NO DATA,NO DATA,NO DATA,NO DATA,35.0,33.6,30.4,NO DATA,NO DATA,NO DATA,NO DATA
8a194872-b1cf-4b88-b90a-5d293e3f4a84,10,44.6,39.9,41.2,40.7,41.0,42.2,39.6,39.0,37.0,36.7,NO DATA,28.6,29.1
8a490242-bd5f-4811-8de3-76a3ac758187,10,NO DATA,NO DATA,NO DATA,NO DATA,15.4,NO DATA,NO DATA,NO DATA,NO DATA,NO DATA,NO DATA,NO DATA,NO DATA
8a513297-8fa1-4b80-b83b-ee27dacdd179,8,NO DATA,NO DATA,NO DATA,NO DATA,NO DATA,NO DATA,34.0,37.3,NO DATA,NO DATA,NO DATA,NO DATA,NO DATA
8a542ff9-8fa2-4eb1-9e03-04d8f168ead3,10,33.1,36.2,34.0,31.6,31.2,30.5,28.7,26.4,30.5,22.5,NO DATA,NO DATA,NO DATA
8a5f8fe8-2abe-45c7-ba67-bff14399949d,10,NO DATA,NO DATA,NO DATA,NO DATA,NO DATA,NO DATA,NO DATA,NO DATA,NO DATA,47.3,NO DATA,39.3,39.1
8a6c77db-7850-4af0-87f0-4fe356a16718,10,32.2,30.1,NO DATA,28.5,NO DATA,NO DATA,NO DATA,NO DATA,NO DATA,NO DATA,NO DATA,NO DATA,NO DATA
8a767918-6f26-4567-9284-6bbcc2a238f4,8,NO DATA,NO DATA,NO DATA,NO DATA,NO DATA,33.3,33.2,29.0,24.7,NO DATA,NO DATA,NO DATA,NO DATA
8a8bc1b1-655c-4d28-a5c7-9aa47102f85b,10,NO DATA,21.1,NO DATA,NO DATA,NO DATA,NO DATA,NO DATA,NO DATA,NO DATA,NO DATA,NO DATA,NO DATA,NO DATA
8a9d435c-2a49-4641-a02c-9150ac6dcd90,10,NO DATA,NO DATA,NO DATA,NO DATA,53.9,30.6,NO DATA,NO DATA,NO DATA,NO DATA,NO DATA,NO DATA,NO DATA
8aa8c79e-7cae-44d1-964a-56898458dd90,10,NO DATA,NO DATA,NO DATA,NO DATA,NO DATA,NO DATA,NO DATA,NO DATA,45.6,NO DATA,NO DATA,NO DATA,NO DATA
8aacd7db-b6e6-42e5-8a41-65ab94867ce1,10,NO DATA,29.3,NO DATA,NO DATA,NO DATA,NO DATA,NO DATA,NO DATA,NO DATA,NO DATA,NO DATA,NO DATA,NO DATA
8ada1bef-102d-4415-b3ca-dac9716db3b6,10,27.8,30.7,27.0,15.7,NO DATA,NO DATA,NO DATA,NO DATA,NO DATA,NO DATA,NO DATA,NO DATA,NO DATA
8adf4210-84f2-4f89-9c5c-beb6c7ddda4c,10,25.4,29.8,26.7,25.7,27.5,26.5,20.5,9.7,43.5,41.3,NO DATA,NO DATA,NO DATA
8af28765-1052-4f4a-a823-24a6100b9773,8,NO DATA,40.3,41.3,NO DATA,NO DATA,NO DATA,NO DATA,NO DATA,NO DATA,NO DATA,NO DATA,NO DATA,NO DATA
8af98081-5437-44a0-b659-520b6b97be0d,10,NO DATA,NO DATA,NO DATA,NO DATA,NO DATA,NO DATA,NO DATA,NO DATA,NO DATA,NO DATA,NO DATA,31.1,NO DATA
8afdc1ea-910c-4e3d-8cde-3da978488cf2,6,26.0,NO DATA,NO DATA,NO DATA,NO DATA,NO DATA,NO DATA,NO DATA,NO DATA,NO DATA,NO DATA,NO DATA,NO DATA
8b1100a2-3912-4fbb-b815-d054103092cc,10,NO DATA,NO DATA,NO DATA,NO DATA,NO DATA,NO DATA,49.3,51.9,45.5,NO DATA,NO DATA,NO DATA,NO DATA
8b216495-95ce-4c23-8d8c-ef9de80fa037,10,29.6,NO DATA,NO DATA,NO DATA,NO DATA,NO DATA,NO DATA,NO DATA,NO DATA,NO DATA,NO DATA,NO DATA,NO DATA
8b224110-9556-4523-baba-35af2b4e374b,10,28.3,32.3,30.8,26.7,22.2,22.9,NO DATA,NO DATA,36.1,37.0,NO DATA,9.0,9.0
8b342535-9dec-4a14-a6f4-55babdd8add8,10,NO DATA,NO DATA,35.4,35.7,NO DATA,NO DATA,NO DATA,NO DATA,NO DATA,NO DATA,NO DATA,NO DATA,NO DATA
8b3a0363-7184-45ed-8b0e-053185e212dc,8,NO DATA,NO DATA,NO DATA,NO DATA,NO DATA,NO DATA,35.4,35.1,32.3,NO DATA,NO DATA,NO DATA,NO DATA
8b4a3f0a-f762-40bb-938d-2dc6638f4f56,6,NO DATA,21.9,19.4,17.1,17.0,17.1,23.0,19.5,25.1,19.7,NO DATA,25.0,25.6
8b8432e6-2749-415d-a7ee-cf6df388da4b,10,NO DATA,38.8,21.0,NO DATA,NO DATA,NO DATA,NO DATA,NO DATA,NO DATA,NO DATA,NO DATA,NO DATA,NO DATA
8bb5ab79-d647-4cae-aec9-5764912ee1a1,10,32.0,34.8,33.6,30.1,NO DATA,NO DATA,NO DATA,NO DATA,NO DATA,NO DATA,NO DATA,NO DATA,NO DATA
8bbb78e4-258a-4ba2-920a-eb8cc8f1d93f,10,NO DATA,40.8,41.2,31.8,28.3,26.7,16.7,10.5,NO DATA,NO DATA,NO DATA,NO DATA,NO DATA
8bbf5786-8b6f-4027-bcc5-3d2e32b4e924,12,23.8,NO DATA,NO DATA,NO DATA,NO DATA,NO DATA,25.3,NO DATA,NO DATA,NO DATA,NO DATA,NO DATA,NO DATA
8bc3049a-ca5c-448d-825a-7fa636ef67af,6,15.5,NO DATA,NO DATA,NO DATA,NO DATA,NO DATA,NO DATA,NO DATA,NO DATA,NO DATA,NO DATA,NO DATA,NO DATA
8bc3049a-ca5c-448d-825a-7fa636ef67af,12,45.5,47.5,43.3,41.2,40.5,40.8,NO DATA,NO DATA,NO DATA,24.1,NO DATA,66.3,63.2
8bce5202-8df2-4c6b-8e0e-7d0e589144f5,10,NO DATA,33.8,32.6,29.4,27.7,30.2,26.5,22.5,16.0,NO DATA,NO DATA,NO DATA,NO DATA
8beec942-db57-4b00-a206-07ea3330b700,12,NO DATA,NO DATA,NO DATA,NO DATA,53.8,70.0,53.9,56.0,47.0,48.4,NO DATA,NO DATA,NO DATA
8bf0a8f6-204d-4eda-bfb5-d6caaee0194a,10,27.9,26.2,15.5,8.7,NO DATA,NO DATA,NO DATA,NO DATA,NO DATA,NO DATA,NO DATA,NO DATA,NO DATA
8bff014f-274d-4dc4-b7f4-69ce3db480b3,10,NO DATA,NO DATA,NO DATA,NO DATA,NO DATA,NO DATA,41.8,32.8,30.5,NO DATA,NO DATA,31.4,33.0
8c0a48ea-ee99-4d75-9127-54ecf21d9676,8,NO DATA,NO DATA,NO DATA,NO DATA,NO DATA,NO DATA,40.4,33.3,NO DATA,NO DATA,NO DATA,NO DATA,NO DATA
8c11bec6-884b-4dba-a6f7-aed37cea7636,10,27.0,24.7,26.9,24.7,19.1,NO DATA,NO DATA,NO DATA,NO DATA,NO DATA,NO DATA,NO DATA,NO DATA
8c12767a-c911-4702-9b25-d3e2101f3c4d,10,NO DATA,NO DATA,NO DATA,NO DATA,NO DATA,NO DATA,NO DATA,NO DATA,48.3,NO DATA,NO DATA,NO DATA,NO DATA
8c1fdc15-3cdd-4503-b697-3d0fed116786,10,31.5,NO DATA,NO DATA,NO DATA,NO DATA,NO DATA,NO DATA,NO DATA,NO DATA,NO DATA,NO DATA,NO DATA,NO DATA
8c442d5d-4bcd-4359-8974-5cabb25f2b86,10,31.0,NO DATA,NO DATA,NO DATA,NO DATA,NO DATA,NO DATA,NO DATA,NO DATA,NO DATA,NO DATA,NO DATA,NO DATA
8c5dc970-f9cb-4f62-8325-e6f726426fce,10,35.0,39.2,37.9,32.7,NO DATA,NO DATA,37.1,33.6,29.2,18.7,NO DATA,NO DATA,NO DATA
8c60d0ac-efb7-4c8a-a169-aa1742054a74,10,25.9,22.9,24.7,18.6,16.4,NO DATA,40.7,39.9,32.4,NO DATA,NO DATA,NO DATA,NO DATA
8c69768e-16a0-422b-936f-410f8024a590,6,27.6,NO DATA,NO DATA,20.5,NO DATA,NO DATA,NO DATA,NO DATA,NO DATA,NO DATA,NO DATA,NO DATA,NO DATA
8c73f054-f6ab-4a29-ba07-d1f1552a36e5,10,NO DATA,40.2,35.3,31.6,29.5,31.8,29.5,26.3,NO DATA,NO DATA,NO DATA,NO DATA,NO DATA
8cc4c97e-b279-463e-9a1f-0e6f615354f1,10,NO DATA,NO DATA,NO DATA,NO DATA,NO DATA,NO DATA,NO DATA,NO DATA,45.3,NO DATA,NO DATA,NO DATA,NO DATA
8cd82d2f-3e94-4b4d-9f67-8bd5e3c8d886,10,NO DATA,NO DATA,30.3,NO DATA,NO DATA,NO DATA,NO DATA,NO DATA,NO DATA,NO DATA,NO DATA,NO DATA,NO DATA
8ce41d41-01fe-43a0-8748-0445060848b4,10,36.2,35.7,35.9,NO DATA,NO DATA,NO DATA,NO DATA,NO DATA,NO DATA,NO DATA,NO DATA,NO DATA,NO DATA
8d09dc6e-862c-44dc-a272-f7f62918bc66,8,NO DATA,NO DATA,NO DATA,NO DATA,NO DATA,NO DATA,37.8,36.3,30.5,23.0,NO DATA,NO DATA,NO DATA
8d1c0054-9157-457e-8769-2ec184165a6c,10,NO DATA,NO DATA,NO DATA,45.3,41.9,40.2,47.7,47.0,55.5,NO DATA,NO DATA,41.5,40.5
8d2160fc-240a-4b44-b89b-c3aefed8a677,8,NO DATA,NO DATA,NO DATA,NO DATA,NO DATA,38.8,35.7,34.8,30.8,25.1,10.7,NO DATA,NO DATA
8d41b384-170a-4458-80c2-28e5ad822da0,6,NO DATA,31.1,33.7,NO DATA,NO DATA,28.1,25.5,21.0,14.4,NO DATA,NO DATA,NO DATA,NO DATA
8d492947-df45-4f26-9b9f-abf24d2cd455,10,NO DATA,NO DATA,NO DATA,NO DATA,NO DATA,NO DATA,NO DATA,NO DATA,40.4,40.1,NO DATA,NO DATA,NO DATA
8d694246-d1ba-4287-bd0c-dfb0278118ce,10,NO DATA,34.7,30.4,27.4,26.7,25.3,27.2,25.0,23.3,21.5,NO DATA,NO DATA,NO DATA
8d72c3d0-ad00-49b2-9ead-0e9130719ae4,8,NO DATA,NO DATA,NO DATA,NO DATA,NO DATA,NO DATA,40.8,NO DATA,NO DATA,NO DATA,NO DATA,NO DATA,NO DATA
8d8db7c0-e89a-46ae-9c01-6f430eac39f7,8,NO DATA,NO DATA,NO DATA,NO DATA,NO DATA,NO DATA,40.7,NO DATA,NO DATA,NO DATA,NO DATA,NO DATA,NO DATA
8d9c06d2-b8f7-4eb0-96b1-8dc61068e6e9,10,NO DATA,NO DATA,NO DATA,NO DATA,NO DATA,79.4,NO DATA,NO DATA,NO DATA,NO DATA,NO DATA,NO DATA,NO DATA
8db1ba5f-84c6-4f8b-929d-51c914d906b8,10,NO DATA,37.4,45.1,40.3,NO DATA,NO DATA,NO DATA,NO DATA,NO DATA,NO DATA,NO DATA,NO DATA,NO DATA
8dca5bf4-e6f6-4817-99eb-f85e44278cc8,6,22.0,24.4,23.3,22.5,21.9,22.7,20.2,13.5,11.3,20.8,25.5,22.8,22.4
8ddc90d5-a48e-4879-8d41-d54c150941a8,8,NO DATA,NO DATA,NO DATA,NO DATA,NO DATA,NO DATA,31.4,NO DATA,NO DATA,NO DATA,NO DATA,NO DATA,NO DATA
8ddc90d5-a48e-4879-8d41-d54c150941a8,10,34.5,34.6,NO DATA,NO DATA,NO DATA,NO DATA,NO DATA,NO DATA,NO DATA,NO DATA,NO DATA,NO DATA,NO DATA
8de19cc3-ccd0-4590-bfef-9df3216d0e3b,10,27.1,26.5,22.9,NO DATA,NO DATA,NO DATA,NO DATA,NO DATA,NO DATA,NO DATA,NO DATA,NO DATA,NO DATA
8de4bfdb-40b7-43d4-ad77-987c7fa32a49,10,34.3,41.2,42.8,43.2,39.4,40.0,46.8,35.4,NO DATA,NO DATA,NO DATA,NO DATA,NO DATA
8dec4568-dd8c-4253-9250-7fb11e4bd440,10,9.6,23.9,NO DATA,NO DATA,NO DATA,NO DATA,NO DATA,NO DATA,NO DATA,NO DATA,NO DATA,NO DATA,NO DATA
8dec4568-dd8c-4253-9250-7fb11e4bd440,12,NO DATA,NO DATA,NO DATA,NO DATA,NO DATA,NO DATA,NO DATA,54.6,47.0,39.7,NO DATA,22.3,NO DATA
8df33a99-59c5-4451-9409-2434da16470c,10,33.4,34.9,32.8,NO DATA,NO DATA,NO DATA,NO DATA,NO DATA,NO DATA,NO DATA,NO DATA,NO DATA,NO DATA
8e17ee3f-60ef-4644-b705-27936bda568f,6,NO DATA,NO DATA,25.6,21.0,17.0,13.8,6.8,NO DATA,NO DATA,NO DATA,NO DATA,NO DATA,NO DATA
8e1e00f8-40d9-4558-8e7d-e98b6341e436,10,35.7,NO DATA,42.1,NO DATA,NO DATA,NO DATA,NO DATA,NO DATA,NO DATA,NO DATA,NO DATA,NO DATA,NO DATA
8e1f130b-2984-4ef8-a281-187333cb5d3e,6,28.3,25.0,17.7,NO DATA,NO DATA,NO DATA,NO DATA,NO DATA,NO DATA,NO DATA,NO DATA,NO DATA,NO DATA
8e228264-c06a-4908-865b-085ad6e245e1,8,NO DATA,NO DATA,NO DATA,NO DATA,NO DATA,NO DATA,NO DATA,31.9,NO DATA,NO DATA,NO DATA,NO DATA,NO DATA
8e2690a8-56d9-411d-9036-bd803b318582,10,33.4,38.8,36.3,34.4,NO DATA,NO DATA,NO DATA,NO DATA,NO DATA,NO DATA,NO DATA,NO DATA,NO DATA
8e5ab730-19d6-47a0-ab18-6b4e65f31631,10,37.6,41.1,28.2,12.7,NO DATA,NO DATA,NO DATA,NO DATA,NO DATA,NO DATA,NO DATA,NO DATA,NO DATA
8e5c1d94-3ad9-488c-8aef-c58d730d113f,10,45.2,46.0,NO DATA,NO DATA,NO DATA,NO DATA,NO DATA,NO DATA,NO DATA,NO DATA,NO DATA,NO DATA,NO DATA
8e88e0ec-ded8-488a-b645-f0dfbe101fc0,6,19.3,22.0,NO DATA,NO DATA,NO DATA,24.6,NO DATA,NO DATA,NO DATA,NO DATA,NO DATA,NO DATA,NO DATA
8e8a806c-62aa-49d5-9e45-4700ffd21b9c,8,NO DATA,NO DATA,NO DATA,NO DATA,NO DATA,NO DATA,39.1,NO DATA,NO DATA,NO DATA,NO DATA,NO DATA,NO DATA
8e8a806c-62aa-49d5-9e45-4700ffd21b9c,12,NO DATA,NO DATA,NO DATA,NO DATA,NO DATA,NO DATA,NO DATA,39.7,39.3,38.2,11.8,11.6,8.7
8eb8a08c-fd99-4cda-9e55-4a64e4060990,10,NO DATA,NO DATA,NO DATA,30.3,22.8,NO DATA,NO DATA,NO DATA,NO DATA,NO DATA,NO DATA,NO DATA,NO DATA
8ed3e7b4-d9fd-4016-ade1-feb6adc91f4f,10,NO DATA,37.4,18.6,NO DATA,NO DATA,NO DATA,NO DATA,NO DATA,NO DATA,NO DATA,NO DATA,NO DATA,NO DATA
8edd4431-3ba3-4ad0-8416-7d89b7d35e18,10,NO DATA,NO DATA,NO DATA,NO DATA,NO DATA,NO DATA,NO DATA,NO DATA,NO DATA,NO DATA,42.7,40.4,36.7
8ee6ab75-bca4-4d20-93db-95da110c47cf,10,35.3,35.0,NO DATA,NO DATA,NO DATA,NO DATA,NO DATA,NO DATA,NO DATA,NO DATA,NO DATA,NO DATA,NO DATA
8ef52f50-3a15-402d-a145-393865a8b6a4,10,NO DATA,NO DATA,NO DATA,NO DATA,55.8,NO DATA,NO DATA,NO DATA,NO DATA,NO DATA,NO DATA,NO DATA,NO DATA
8f19eb0f-cce1-4cdf-99d7-9ec47cc7529b,8,NO DATA,NO DATA,NO DATA,NO DATA,NO DATA,NO DATA,NO DATA,NO DATA,41.9,29.6,NO DATA,NO DATA,NO DATA
8f1b777e-c596-4215-ba54-4871f66cc4dd,8,NO DATA,NO DATA,NO DATA,NO DATA,NO DATA,NO DATA,20.7,37.1,34.8,NO DATA,NO DATA,NO DATA,NO DATA
8f356177-c34e-4417-9a95-e6a674939199,8,NO DATA,NO DATA,NO DATA,NO DATA,NO DATA,NO DATA,45.0,53.1,47.5,NO DATA,NO DATA,NO DATA,NO DATA
8f3c7c2f-6ae9-4b08-97ef-340703cb188d,10,NO DATA,NO DATA,NO DATA,NO DATA,NO DATA,NO DATA,NO DATA,NO DATA,NO DATA,NO DATA,NO DATA,30.8,30.8
8f46d3a9-3ff2-4421-88e1-bf45f12559c0,10,NO DATA,NO DATA,NO DATA,NO DATA,NO DATA,NO DATA,NO DATA,NO DATA,40.2,37.9,14.8,10.1,9.5
8f62514c-4ac5-460d-bb65-b4436b1aa9ca,6,NO DATA,28.6,26.2,NO DATA,NO DATA,NO DATA,37.5,20.7,NO DATA,NO DATA,NO DATA,NO DATA,NO DATA
8f631794-8ff2-4b03-aa1d-2efa64705538,10,30.7,26.0,NO DATA,NO DATA,NO DATA,NO DATA,36.5,NO DATA,NO DATA,NO DATA,NO DATA,NO DATA,NO DATA
8f6cd4e3-8c9c-40ab-bd49-5e6b6aac7559,10,NO DATA,NO DATA,NO DATA,NO DATA,NO DATA,NO DATA,NO DATA,NO DATA,38.3,34.3,NO DATA,NO DATA,NO DATA
8f77edb7-1203-40da-95eb-991aa601dcfb,10,30.7,33.0,40.3,NO DATA,NO DATA,NO DATA,NO DATA,NO DATA,NO DATA,NO DATA,NO DATA,NO DATA,NO DATA
8fdd31c6-e6c2-454b-80f9-57f1fb9ec7b0,10,NO DATA,37.9,34.5,33.0,29.0,NO DATA,30.2,22.2,12.8,31.0,NO DATA,NO DATA,NO DATA
8fe3de26-cb57-4935-a446-a8e11c91993f,6,NO DATA,NO DATA,NO DATA,NO DATA,NO DATA,NO DATA,NO DATA,NO DATA,NO DATA,22.1,25.6,25.2,21.8
8feaed40-b14c-42b0-ac70-22f46cc944a7,10,32.8,34.1,29.6,16.4,13.3,9.8,7.2,NO DATA,37.2,24.5,NO DATA,NO DATA,NO DATA
8ff4dcca-868a-47da-9819-741afd1fe1a2,10,NO DATA,NO DATA,53.4,48.6,44.1,61.3,57.1,55.7,NO DATA,NO DATA,NO DATA,53.4,49.1
8fff7525-f037-48c7-972e-51f39454d328,10,NO DATA,40.1,37.4,35.1,32.6,33.5,28.2,23.8,24.1,23.0,9.3,NO DATA,NO DATA
90296d6f-be5c-4f78-b061-bc41e124a128,10,31.6,32.6,31.2,30.8,NO DATA,NO DATA,29.1,25.0,NO DATA,NO DATA,NO DATA,NO DATA,NO DATA
903bafd3-9419-440d-8db9-2584901150f3,10,NO DATA,25.3,NO DATA,NO DATA,NO DATA,11.6,28.6,36.5,32.0,25.0,NO DATA,11.1,9.7
9053cabe-d529-467e-834c-814b05ebe30f,8,NO DATA,NO DATA,NO DATA,NO DATA,NO DATA,NO DATA,NO DATA,36.6,34.5,32.5,NO DATA,19.6,20.5
90669807-39ef-47a8-b3e8-cd6cc3ac2e9f,8,NO DATA,NO DATA,NO DATA,NO DATA,NO DATA,NO DATA,NO DATA,NO DATA,38.6,37.4,NO DATA,NO DATA,NO DATA
906ca113-67fd-44e0-9860-85918c6d4091,10,30.8,31.5,NO DATA,31.8,21.3,19.5,NO DATA,NO DATA,NO DATA,NO DATA,NO DATA,NO DATA,NO DATA
9070ef1d-762a-41a1-9556-00f4bf20d172,6,23.1,NO DATA,NO DATA,NO DATA,NO DATA,NO DATA,NO DATA,NO DATA,NO DATA,22.2,NO DATA,NO DATA,NO DATA
90719a77-ba31-49af-bb21-4395b2b8e7d0,10,36.0,NO DATA,NO DATA,NO DATA,NO DATA,NO DATA,NO DATA,NO DATA,NO DATA,NO DATA,NO DATA,NO DATA,NO DATA
90775fee-491a-4f39-ada5-5aaa13592b68,10,32.0,39.5,37.7,33.5,21.8,33.1,25.7,24.1,NO DATA,NO DATA,NO DATA,NO DATA,NO DATA
90775fee-491a-4f39-ada5-5aaa13592b68,12,NO DATA,NO DATA,NO DATA,NO DATA,NO DATA,NO DATA,NO DATA,NO DATA,48.8,NO DATA,NO DATA,NO DATA,NO DATA
90a31a01-6f8b-47ea-bb75-5df4709f8e0b,10,34.6,36.9,25.1,NO DATA,NO DATA,NO DATA,NO DATA,NO DATA,NO DATA,NO DATA,NO DATA,NO DATA,NO DATA
90a8ea47-9a6b-40c6-b1dd-7ef74698d093,10,40.1,37.8,36.1,38.0,37.3,NO DATA,NO DATA,NO DATA,NO DATA,NO DATA,NO DATA,NO DATA,NO DATA
90b15aa4-cc77-43b2-8a93-5954f09615e8,8,NO DATA,NO DATA,NO DATA,NO DATA,NO DATA,NO DATA,32.9,30.6,32.5,33.4,27.0,18.7,16.3
90b6fc40-7a05-4f7f-aa18-884b0b299892,10,32.4,NO DATA,42.5,NO DATA,39.0,42.6,41.4,40.1,NO DATA,NO DATA,NO DATA,NO DATA,NO DATA
90c620e8-5ffc-4e52-8623-9d8c40f1bcfe,10,NO DATA,42.3,47.8,43.4,45.1,41.7,48.5,47.3,45.5,52.1,NO DATA,36.3,33.6
90cb55a6-d06b-45e9-9d6f-ebf2b95473f6,8,NO DATA,NO DATA,NO DATA,NO DATA,NO DATA,NO DATA,35.5,31.5,26.4,NO DATA,NO DATA,NO DATA,NO DATA
90d4c705-2494-4819-8fbc-6d18093a0737,8,NO DATA,NO DATA,NO DATA,NO DATA,NO DATA,NO DATA,NO DATA,NO DATA,35.6,NO DATA,NO DATA,NO DATA,NO DATA
90d801da-229f-4be5-a2d3-0ca2afac37ab,8,NO DATA,NO DATA,NO DATA,NO DATA,NO DATA,33.7,37.2,35.6,NO DATA,NO DATA,NO DATA,NO DATA,NO DATA
9101b867-0339-4877-8898-10357a26eb98,8,NO DATA,NO DATA,NO DATA,NO DATA,NO DATA,NO DATA,38.5,35.4,33.0,29.1,NO DATA,20.2,15.9
9176ded7-dfbb-4cab-9cd4-262bfb6a9f54,10,35.9,38.5,38.2,NO DATA,NO DATA,NO DATA,NO DATA,NO DATA,NO DATA,NO DATA,NO DATA,NO DATA,NO DATA
917dccd6-9202-400e-9d02-615df835d6a4,8,NO DATA,NO DATA,NO DATA,NO DATA,NO DATA,34.7,33.8,27.1,18.3,NO DATA,NO DATA,NO DATA,NO DATA
917f6221-fcae-48ff-9b88-9885a1ae5a02,10,33.2,38.2,38.4,34.7,NO DATA,NO DATA,NO DATA,NO DATA,NO DATA,NO DATA,NO DATA,NO DATA,NO DATA
918058a5-f8be-425a-94e7-dfab62c23531,10,35.2,NO DATA,NO DATA,NO DATA,NO DATA,37.9,34.8,NO DATA,NO DATA,NO DATA,NO DATA,NO DATA,NO DATA
91833797-f015-4de0-8297-aaffec92c80c,10,NO DATA,NO DATA,42.8,38.3,38.7,38.0,35.4,39.4,31.9,NO DATA,NO DATA,33.2,NO DATA
91a1af60-9211-4664-a436-fdeffc48551e,8,NO DATA,NO DATA,NO DATA,NO DATA,NO DATA,NO DATA,39.1,36.4,43.9,NO DATA,NO DATA,34.4,36.5
91a9bcca-8640-47c9-a816-92ccfdbc51e1,10,37.6,35.5,29.1,26.6,20.5,17.0,17.7,34.3,31.2,30.3,NO DATA,9.1,5.8
91abff7e-08fe-45b8-a2c9-0c8ef30893cf,10,NO DATA,NO DATA,40.0,NO DATA,NO DATA,NO DATA,NO DATA,NO DATA,NO DATA,NO DATA,NO DATA,NO DATA,NO DATA
91ad1121-9365-420e-ac4e-67b020b0efc0,10,34.2,35.7,NO DATA,NO DATA,NO DATA,NO DATA,NO DATA,NO DATA,NO DATA,NO DATA,NO DATA,NO DATA,NO DATA
91b37b8b-7148-4c13-adf9-81f4785a01d4,10,20.6,12.4,NO DATA,NO DATA,NO DATA,NO DATA,NO DATA,NO DATA,38.9,37.8,39.8,NO DATA,NO DATA
91b99736-3e91-4485-b30b-43ea3069d812,10,27.1,27.3,NO DATA,NO DATA,NO DATA,28.9,NO DATA,44.8,38.6,35.7,NO DATA,NO DATA,NO DATA
91badb2f-c79b-4634-8b08-35dba0f8bccd,10,18.8,34.6,29.0,15.8,NO DATA,NO DATA,NO DATA,NO DATA,41.8,44.8,4.9,37.0,38.7
91c45e20-13e4-47b7-be5e-1c7882d6c58f,10,25.7,24.9,NO DATA,NO DATA,NO DATA,NO DATA,NO DATA,NO DATA,NO DATA,17.8,NO DATA,NO DATA,NO DATA
91ec16ab-984a-4854-b54f-d7d93cd56581,6,NO DATA,NO DATA,NO DATA,NO DATA,NO DATA,NO DATA,41.6,37.2,NO DATA,NO DATA,NO DATA,NO DATA,NO DATA
91f56b98-f2b8-4eda-ba01-8bd5a10b77f6,12,NO DATA,NO DATA,NO DATA,NO DATA,NO DATA,44.5,40.8,40.5,NO DATA,NO DATA,NO DATA,NO DATA,NO DATA
91fc9064-c7b5-417d-999b-74d8f3a58939,10,NO DATA,NO DATA,NO DATA,NO DATA,NO DATA,NO DATA,NO DATA,NO DATA,42.4,49.9,NO DATA,30.1,26.2
921d4020-d9b6-43c5-9261-68bcee354c72,8,NO DATA,NO DATA,NO DATA,NO DATA,NO DATA,NO DATA,36.7,32.8,27.8,24.5,12.6,NO DATA,NO DATA
9226c2a4-8585-4893-a903-50783b8915fa,12,NO DATA,NO DATA,NO DATA,NO DATA,NO DATA,NO DATA,NO DATA,NO DATA,38.1,33.5,NO DATA,39.2,36.6
9244b8c3-e090-46f3-ade9-a1b9c4aa9dc9,10,27.6,37.8,NO DATA,NO DATA,NO DATA,NO DATA,NO DATA,NO DATA,NO DATA,NO DATA,NO DATA,NO DATA,NO DATA
92999644-a650-4406-8a64-4d00d5e4f85b,10,NO DATA,38.3,37.7,NO DATA,NO DATA,NO DATA,NO DATA,NO DATA,42.7,37.8,NO DATA,NO DATA,NO DATA
929ed155-90d2-48c7-9443-1c27bb18d278,6,NO DATA,17.8,14.1,NO DATA,NO DATA,9.5,34.0,26.9,21.1,13.7,NO DATA,NO DATA,NO DATA
92a11b5d-7a65-4739-be35-3a9fa46fb9c7,8,NO DATA,NO DATA,NO DATA,NO DATA,NO DATA,48.0,35.9,31.3,28.0,26.4,NO DATA,NO DATA,NO DATA
92b0b790-7390-4850-9ee5-0ce74527dc79,6,NO DATA,34.6,33.7,31.7,28.5,26.8,28.2,26.2,22.9,19.2,8.2,NO DATA,NO DATA
92cf421c-541d-4781-8cbc-8e9ca7a92ec8,10,NO DATA,NO DATA,32.6,29.2,26.6,25.3,NO DATA,NO DATA,NO DATA,NO DATA,NO DATA,NO DATA,NO DATA
92f0fac4-7ba4-442e-9dc1-80ad85abf820,10,NO DATA,36.6,NO DATA,NO DATA,NO DATA,NO DATA,42.6,NO DATA,NO DATA,NO DATA,NO DATA,NO DATA,NO DATA
92f749b7-6b45-4542-b9a0-66d19b6dcfc9,8,NO DATA,NO DATA,NO DATA,NO DATA,NO DATA,NO DATA,30.9,NO DATA,NO DATA,NO DATA,NO DATA,NO DATA,NO DATA
92f9a8b2-36e1-48c2-a781-eca467d941d1,10,25.9,NO DATA,51.3,NO DATA,40.3,42.6,39.3,NO DATA,NO DATA,NO DATA,NO DATA,NO DATA,NO DATA
93226067-5325-4ffb-b28d-4bb5e822dc4f,10,16.3,13.0,11.2,NO DATA,NO DATA,NO DATA,NO DATA,NO DATA,NO DATA,NO DATA,NO DATA,NO DATA,NO DATA
932ec45d-1414-416d-8483-a3227def3a23,10,NO DATA,36.2,39.2,36.9,35.3,29.9,23.4,16.4,40.8,NO DATA,NO DATA,NO DATA,NO DATA
934f5ae8-3a83-4c9f-a7ba-3ac2c3b4f3cd,10,33.6,39.6,41.7,35.7,35.2,37.7,38.4,NO DATA,NO DATA,NO DATA,NO DATA,NO DATA,NO DATA
935044ac-cdee-460a-8ab6-1d3192f7cc77,10,NO DATA,NO DATA,NO DATA,NO DATA,NO DATA,NO DATA,NO DATA,NO DATA,34.6,18.1,0.8,31.5,29.1
9369e605-87c5-4a11-8f06-7891b86c14a9,10,NO DATA,38.2,36.3,32.8,30.0,27.8,27.0,19.4,17.8,NO DATA,NO DATA,NO DATA,NO DATA
93735286-6851-42a5-831a-d8920dcfa45c,10,26.8,27.4,NO DATA,23.8,23.5,NO DATA,NO DATA,NO DATA,NO DATA,NO DATA,NO DATA,NO DATA,NO DATA
93805f81-08c2-4dc1-ae58-a2b8ed880cbe,10,NO DATA,NO DATA,NO DATA,NO DATA,NO DATA,NO DATA,NO DATA,NO DATA,34.6,NO DATA,NO DATA,NO DATA,NO DATA
939eca55-94a0-404e-96af-41f9786aa4d9,8,NO DATA,NO DATA,NO DATA,NO DATA,NO DATA,NO DATA,36.0,NO DATA,NO DATA,NO DATA,NO DATA,NO DATA,NO DATA
93b89ea6-2da9-4af5-8405-1189dc125d5b,8,NO DATA,NO DATA,NO DATA,NO DATA,NO DATA,NO DATA,47.9,NO DATA,NO DATA,NO DATA,NO DATA,NO DATA,NO DATA
93b93d68-5f35-46f1-b3d2-83dafd6ebd8d,10,30.7,32.9,30.6,26.1,22.5,16.0,14.9,8.9,40.5,33.1,NO DATA,33.8,32.2
93c05138-89ae-4f06-b6cd-b1e5036040ce,10,NO DATA,33.8,32.7,28.5,25.7,23.0,21.5,13.1,NO DATA,NO DATA,NO DATA,NO DATA,NO DATA
93c299b5-7d96-4c25-88c2-f7fd11555a1b,10,29.0,30.3,30.8,27.4,22.5,20.0,17.9,13.1,5.8,NO DATA,NO DATA,NO DATA,NO DATA
93e7a811-69a8-4849-8f91-042cb8eb38fc,10,29.8,35.6,31.2,27.8,NO DATA,NO DATA,NO DATA,NO DATA,NO DATA,NO DATA,NO DATA,NO DATA,NO DATA
94135dce-784e-46b3-b811-eaffe9c05e95,10,NO DATA,NO DATA,NO DATA,NO DATA,NO DATA,NO DATA,NO DATA,NO DATA,NO DATA,NO DATA,NO DATA,38.8,NO DATA
941d1a88-f357-4bd5-9e55-e568bd34d78e,8,NO DATA,NO DATA,NO DATA,NO DATA,NO DATA,NO DATA,32.3,37.2,30.3,NO DATA,NO DATA,NO DATA,NO DATA
9421bf6c-0cc9-49fd-8f5f-1c04c24d91e3,10,NO DATA,NO DATA,NO DATA,NO DATA,NO DATA,NO DATA,NO DATA,NO DATA,38.4,33.9,34.2,11.0,7.0
9440b269-981e-44f2-afdf-d4fb1564cc65,10,32.5,31.6,31.2,NO DATA,NO DATA,NO DATA,NO DATA,NO DATA,NO DATA,NO DATA,NO DATA,NO DATA,NO DATA
9455aa42-a05d-4b2f-8f98-1bad9a6db9d3,10,33.0,36.2,34.4,32.9,31.8,31.9,26.3,21.2,NO DATA,NO DATA,NO DATA,NO DATA,NO DATA
9455aa42-a05d-4b2f-8f98-1bad9a6db9d3,12,NO DATA,NO DATA,NO DATA,NO DATA,NO DATA,NO DATA,NO DATA,24.8,51.0,43.6,NO DATA,35.8,35.9
9461bf50-5039-44ef-8f8f-a62c38c08f95,12,NO DATA,NO DATA,NO DATA,NO DATA,NO DATA,NO DATA,NO DATA,NO DATA,NO DATA,NO DATA,NO DATA,50.0,48.2
9482ffcd-4a8b-4e27-859b-25d8e7655689,6,26.8,28.7,27.3,24.5,NO DATA,NO DATA,24.1,NO DATA,NO DATA,NO DATA,NO DATA,NO DATA,NO DATA
948f7327-f4b9-4cde-a009-49d9d1511fb9,8,NO DATA,NO DATA,NO DATA,NO DATA,NO DATA,36.4,35.7,NO DATA,NO DATA,NO DATA,NO DATA,NO DATA,NO DATA
94932747-ad03-4447-8a05-8520f225cc8c,8,NO DATA,NO DATA,NO DATA,NO DATA,NO DATA,NO DATA,36.2,34.9,29.9,NO DATA,NO DATA,NO DATA,NO DATA
949d1c17-ed20-471c-92f7-971e6df4a573,10,NO DATA,37.2,35.1,30.5,NO DATA,NO DATA,NO DATA,NO DATA,NO DATA,NO DATA,NO DATA,NO DATA,NO DATA
94ec1fc4-c8a3-4ce3-aa11-362a9fbcd198,6,19.6,23.0,NO DATA,NO DATA,NO DATA,NO DATA,NO DATA,NO DATA,NO DATA,NO DATA,NO DATA,NO DATA,NO DATA
94f42cdb-d155-4d7a-9a2c-32926a15f69b,10,NO DATA,NO DATA,NO DATA,NO DATA,51.0,NO DATA,NO DATA,NO DATA,NO DATA,NO DATA,NO DATA,NO DATA,NO DATA
94fe5a2f-57a0-4c24-97e2-7b2a1124bc90,10,34.5,34.0,34.6,28.2,30.4,NO DATA,NO DATA,NO DATA,29.5,NO DATA,NO DATA,NO DATA,NO DATA
9540e65b-3faf-4d07-80ad-17e61adb1863,8,NO DATA,NO DATA,NO DATA,NO DATA,NO DATA,NO DATA,35.0,31.7,26.8,18.3,NO DATA,NO DATA,NO DATA
9540e65b-3faf-4d07-80ad-17e61adb1863,10,30.9,31.7,29.5,21.5,20.5,16.6,13.1,NO DATA,NO DATA,NO DATA,NO DATA,NO DATA,NO DATA
95424d3a-4d50-410f-b67e-16fd452d073d,10,39.2,45.6,NO DATA,NO DATA,NO DATA,NO DATA,NO DATA,49.6,40.8,NO DATA,NO DATA,NO DATA,NO DATA
956665a5-8dbc-4f25-973e-277f14070137,10,NO DATA,NO DATA,NO DATA,NO DATA,NO DATA,NO DATA,NO DATA,NO DATA,NO DATA,NO DATA,29.3,31.4,31.9
957f38a8-63d3-4dfb-a538-a92374ef9dda,10,25.0,27.1,NO DATA,NO DATA,NO DATA,22.6,24.1,25.2,NO DATA,NO DATA,NO DATA,NO DATA,NO DATA
95895367-7671-4568-a4ec-3fc0a08c14e3,10,30.5,38.7,34.2,32.4,36.7,38.3,24.6,NO DATA,NO DATA,NO DATA,NO DATA,NO DATA,NO DATA
95895367-7671-4568-a4ec-3fc0a08c14e3,12,NO DATA,NO DATA,NO DATA,NO DATA,NO DATA,NO DATA,NO DATA,45.9,41.5,40.6,NO DATA,9.4,NO DATA
9589a34a-423d-47c8-ba50-ac78c4f985f1,6,NO DATA,NO DATA,NO DATA,NO DATA,NO DATA,NO DATA,NO DATA,NO DATA,31.8,NO DATA,NO DATA,NO DATA,NO DATA
958ec5e6-ebb6-4740-b77b-84ac03a2cf3b,10,NO DATA,NO DATA,NO DATA,NO DATA,NO DATA,NO DATA,56.0,40.1,35.3,27.7,25.2,20.3,19.5
95993b96-77b8-465c-aef4-32de8fdfc6c3,10,29.0,29.8,NO DATA,NO DATA,NO DATA,NO DATA,NO DATA,NO DATA,NO DATA,NO DATA,NO DATA,NO DATA,NO DATA
959ad2df-5f34-4468-bb84-23d67c178dbb,10,NO DATA,42.7,NO DATA,NO DATA,NO DATA,NO DATA,57.8,45.6,39.0,NO DATA,NO DATA,NO DATA,NO DATA
95a9c871-d61c-44fc-a0f9-8f63fa10fb1a,8,NO DATA,29.1,25.5,22.0,18.6,17.4,NO DATA,NO DATA,NO DATA,30.8,NO DATA,24.1,23.2
95b39f11-3e9e-4eb6-8f12-1e0628a83249,10,27.5,NO DATA,NO DATA,NO DATA,NO DATA,NO DATA,NO DATA,NO DATA,NO DATA,NO DATA,NO DATA,NO DATA,NO DATA
95c103af-46fc-4d76-9d6a-7a04877b8c8a,10,38.7,45.9,NO DATA,NO DATA,49.7,45.5,58.0,NO DATA,NO DATA,NO DATA,NO DATA,NO DATA,NO DATA
95c5cdde-9a33-49c5-9a70-fc4bbbde74d4,10,21.1,29.9,24.9,20.6,NO DATA,NO DATA,NO DATA,NO DATA,40.4,38.3,NO DATA,17.5,15.4
95d162ea-c6e0-417a-b31f-64a38951a984,10,NO DATA,NO DATA,NO DATA,32.6,31.9,34.8,32.2,26.7,19.6,NO DATA,NO DATA,NO DATA,NO DATA
95f62703-d2c2-4af0-8923-b6cefbdc9dc9,6,NO DATA,NO DATA,31.5,27.9,26.6,21.6,19.9,27.0,27.8,26.9,16.8,17.7,16.6
95fd119a-618f-4230-9adb-ab6ffa543b92,6,NO DATA,NO DATA,NO DATA,NO DATA,NO DATA,NO DATA,36.6,29.5,27.7,23.8,21.0,NO DATA,NO DATA
9601a345-3130-43a8-89b0-8282556c68a5,6,NO DATA,NO DATA,NO DATA,NO DATA,NO DATA,30.6,NO DATA,NO DATA,NO DATA,NO DATA,NO DATA,NO DATA,NO DATA
96197f2b-8f02-4454-8c30-63754ef7bb4b,8,NO DATA,NO DATA,NO DATA,NO DATA,NO DATA,NO DATA,39.0,36.7,30.0,26.5,25.5,NO DATA,NO DATA
96244f4b-20f9-4579-8aed-7b82b9fd832e,10,38.3,46.1,44.0,42.6,39.2,45.9,44.1,36.3,37.1,25.2,NO DATA,27.3,25.7
9625c505-dbd4-4b94-9b0e-ca0251e1fbfd,12,NO DATA,NO DATA,NO DATA,NO DATA,NO DATA,NO DATA,NO DATA,NO DATA,77.2,NO DATA,NO DATA,NO DATA,NO DATA
962fd661-db70-447a-8ddd-76dbf62e43ae,10,36.3,37.2,31.3,27.4,22.5,25.7,16.7,32.3,29.6,27.9,NO DATA,42.3,41.5
965a62bb-ddbc-46c3-b330-b52b08922535,10,NO DATA,41.4,40.0,37.8,31.2,33.1,32.0,20.7,28.3,NO DATA,NO DATA,26.6,NO DATA
966dcfda-601f-4a62-9b54-eb356a048eb4,8,NO DATA,NO DATA,NO DATA,NO DATA,NO DATA,NO DATA,NO DATA,NO DATA,31.2,NO DATA,NO DATA,NO DATA,NO DATA
967b5838-8541-43cc-b643-9c584ae6d51e,10,NO DATA,NO DATA,NO DATA,NO DATA,NO DATA,NO DATA,NO DATA,NO DATA,40.7,NO DATA,NO DATA,NO DATA,NO DATA
968b2ec5-a03b-42d2-9474-2e67bfa05139,10,NO DATA,NO DATA,NO DATA,NO DATA,NO DATA,NO DATA,NO DATA,NO DATA,43.7,NO DATA,NO DATA,NO DATA,NO DATA
9691a138-fbc9-4a82-8abb-cfcc6c15f15b,8,NO DATA,NO DATA,NO DATA,NO DATA,NO DATA,37.3,32.0,29.3,24.6,23.3,NO DATA,NO DATA,NO DATA
9697122b-6823-497a-bd09-d5037b9a7f72,10,NO DATA,36.8,NO DATA,NO DATA,NO DATA,NO DATA,26.3,34.9,NO DATA,NO DATA,NO DATA,NO DATA,NO DATA
9697e543-d56e-400f-9b11-cea57f79cb14,10,NO DATA,50.6,NO DATA,NO DATA,NO DATA,NO DATA,NO DATA,NO DATA,47.6,NO DATA,NO DATA,NO DATA,NO DATA
96d6db72-eea7-4758-bbc4-de2e2be41d95,6,NO DATA,29.7,23.3,NO DATA,NO DATA,NO DATA,NO DATA,NO DATA,NO DATA,NO DATA,NO DATA,NO DATA,NO DATA
96e6d13f-c3a1-4556-a326-fe93b494f40e,6,NO DATA,NO DATA,NO DATA,NO DATA,NO DATA,NO DATA,39.5,34.4,NO DATA,NO DATA,NO DATA,NO DATA,NO DATA
96fafbc7-21c8-4e2d-83b5-0f58ed0995cc,10,30.7,33.1,35.1,NO DATA,NO DATA,NO DATA,NO DATA,37.1,30.0,NO DATA,NO DATA,30.3,NO DATA
97253bb6-aeac-4fc8-bf3f-725f2d383f75,10,29.2,36.6,38.7,NO DATA,NO DATA,NO DATA,39.9,NO DATA,35.5,40.6,NO DATA,NO DATA,NO DATA
9744566f-2ffd-4e2c-9191-795962948e09,6,NO DATA,NO DATA,NO DATA,NO DATA,NO DATA,NO DATA,32.2,NO DATA,NO DATA,NO DATA,NO DATA,NO DATA,NO DATA
975463de-bd57-4d10-acdd-4f95b7bbcd0b,10,26.9,NO DATA,38.0,NO DATA,NO DATA,NO DATA,NO DATA,NO DATA,NO DATA,NO DATA,NO DATA,NO DATA,NO DATA
9755ad5f-93e2-4024-85e6-4c14f932d36d,10,NO DATA,NO DATA,NO DATA,NO DATA,NO DATA,49.0,NO DATA,NO DATA,NO DATA,NO DATA,NO DATA,NO DATA,NO DATA
9756cffa-70ac-43c0-b103-3ac6522d2c45,10,34.3,35.1,32.5,NO DATA,33.5,36.6,32.7,28.0,23.1,29.3,NO DATA,NO DATA,NO DATA
975fc5ae-7253-4f01-ba9d-9e4879d63eac,10,NO DATA,49.1,NO DATA,NO DATA,NO DATA,NO DATA,NO DATA,NO DATA,NO DATA,NO DATA,NO DATA,NO DATA,NO DATA
976ee486-cf19-4e0b-82e5-108df457d91a,8,NO DATA,NO DATA,NO DATA,NO DATA,NO DATA,NO DATA,38.7,NO DATA,30.8,25.3,NO DATA,NO DATA,NO DATA
976f516f-ce5d-4fc9-adcb-cf3b821ba315,10,NO DATA,51.2,51.4,NO DATA,NO DATA,NO DATA,NO DATA,NO DATA,NO DATA,NO DATA,NO DATA,NO DATA,NO DATA
9771c774-780e-465b-bb23-bd174e65ce2f,10,29.4,NO DATA,NO DATA,NO DATA,NO DATA,NO DATA,NO DATA,NO DATA,NO DATA,NO DATA,NO DATA,NO DATA,NO DATA
97733006-12e3-48b5-b4a9-e943cc4fc3b7,6,NO DATA,NO DATA,NO DATA,NO DATA,NO DATA,NO DATA,NO DATA,NO DATA,NO DATA,20.8,NO DATA,NO DATA,NO DATA
97a089ef-2a61-4d4b-899b-04557c8fbf6f,8,NO DATA,NO DATA,NO DATA,NO DATA,NO DATA,NO DATA,NO DATA,44.8,31.9,NO DATA,NO DATA,NO DATA,NO DATA
97cc2aa5-4e56-4ffe-bcc2-83fe139f3e09,6,NO DATA,24.6,21.5,12.8,9.6,NO DATA,NO DATA,NO DATA,29.5,22.2,NO DATA,20.3,21.2
9801e9ee-a55e-4ea0-bd06-c85150e6c79d,12,NO DATA,NO DATA,NO DATA,NO DATA,NO DATA,55.8,61.5,61.4,52.8,45.7,NO DATA,NO DATA,NO DATA
98327f98-7cad-481a-91b2-adc16ab0ba08,10,NO DATA,NO DATA,NO DATA,NO DATA,NO DATA,NO DATA,NO DATA,35.1,32.0,29.3,NO DATA,NO DATA,NO DATA
9848620a-c57b-4d6b-b1d1-d28ad814fe95,10,NO DATA,NO DATA,39.4,34.5,30.0,27.2,24.8,20.7,12.4,NO DATA,NO DATA,39.0,35.8
9854d806-606b-4cd8-a5b6-af6dd1510798,10,NO DATA,NO DATA,34.9,NO DATA,NO DATA,NO DATA,NO DATA,NO DATA,NO DATA,NO DATA,NO DATA,NO DATA,NO DATA
98591c07-ac18-4bed-af4d-9d675d2f5c57,10,25.7,20.8,15.3,10.7,NO DATA,NO DATA,NO DATA,NO DATA,40.5,40.4,NO DATA,27.6,26.3
9866c776-face-4f44-a6c1-e9fc0214e79c,10,29.6,37.1,31.6,29.0,27.5,21.8,15.5,NO DATA,NO DATA,NO DATA,NO DATA,37.1,36.8
9871a009-6eb3-431b-9a2a-40b9666cda2d,10,NO DATA,NO DATA,NO DATA,NO DATA,NO DATA,40.7,NO DATA,NO DATA,NO DATA,NO DATA,NO DATA,NO DATA,NO DATA
98938fde-527d-440b-9b00-b97465b20034,8,NO DATA,NO DATA,NO DATA,NO DATA,NO DATA,NO DATA,36.2,38.7,NO DATA,NO DATA,NO DATA,NO DATA,NO DATA
98988d07-2606-4c0e-a456-626488ad5bc1,10,35.3,37.2,35.6,35.0,23.7,NO DATA,37.4,50.2,NO DATA,NO DATA,NO DATA,NO DATA,NO DATA
989c0267-4675-45a8-b4ba-09740d1bfaa0,10,NO DATA,NO DATA,NO DATA,NO DATA,NO DATA,NO DATA,NO DATA,NO DATA,39.8,38.7,NO DATA,32.1,32.5
98cbf3a3-ac99-4645-8451-3c752a602446,8,NO DATA,NO DATA,NO DATA,NO DATA,NO DATA,NO DATA,NO DATA,NO DATA,40.5,44.3,NO DATA,NO DATA,NO DATA
98d5860e-30a2-42d2-9bfa-0ecb27a29584,8,16.4,22.9,22.3,22.1,20.5,20.3,17.5,17.1,34.1,31.1,NO DATA,34.1,30.1
98ed40a6-e029-48cb-af2a-757ff466ba04,10,36.9,34.6,NO DATA,NO DATA,NO DATA,NO DATA,NO DATA,NO DATA,NO DATA,NO DATA,NO DATA,NO DATA,NO DATA
98f2e71f-c8d7-4a5a-aef7-c0c2028ca00c,10,23.7,24.9,NO DATA,NO DATA,NO DATA,NO DATA,NO DATA,NO DATA,NO DATA,NO DATA,NO DATA,NO DATA,NO DATA
99143b4e-28f3-43b7-99d8-7cb3bfe68dd2,6,23.1,24.4,22.2,20.7,20.2,21.4,19.7,16.2,11.1,8.2,NO DATA,NO DATA,NO DATA
991f4f10-8369-4b96-a10b-fda70d2be3ed,10,NO DATA,33.5,24.5,16.7,NO DATA,NO DATA,NO DATA,NO DATA,NO DATA,NO DATA,NO DATA,NO DATA,NO DATA
993c381b-452a-4734-a7a0-04722a3564f8,10,24.4,23.8,39.8,NO DATA,NO DATA,NO DATA,NO DATA,38.3,35.1,33.6,NO DATA,NO DATA,NO DATA
994a8174-f7fa-4574-9200-be88e47aa5fd,6,NO DATA,NO DATA,NO DATA,NO DATA,NO DATA,NO DATA,NO DATA,NO DATA,NO DATA,NO DATA,33.2,30.2,25.0
99596271-a0c6-4fbe-8d35-64cd16c30577,10,NO DATA,NO DATA,28.4,24.8,17.6,14.8,12.6,NO DATA,NO DATA,NO DATA,NO DATA,NO DATA,NO DATA
99a6d12f-6344-48b4-ab29-888fe695f8df,10,30.5,34.3,33.0,29.3,NO DATA,NO DATA,NO DATA,27.2,NO DATA,NO DATA,NO DATA,NO DATA,NO DATA
99cf2a02-9649-48ac-bd21-cd5dda9e0f62,10,36.6,38.9,35.3,30.1,22.7,28.7,17.0,31.9,29.0,20.8,NO DATA,NO DATA,NO DATA
99f257c9-ab66-4a8a-ade1-47c476a1dec0,8,NO DATA,NO DATA,NO DATA,NO DATA,NO DATA,NO DATA,60.8,NO DATA,NO DATA,NO DATA,NO DATA,NO DATA,NO DATA
9a078f2d-7917-42b4-a3a8-bd66fc5d42b9,10,NO DATA,NO DATA,NO DATA,NO DATA,NO DATA,NO DATA,NO DATA,NO DATA,45.5,NO DATA,NO DATA,NO DATA,NO DATA
9a094bee-71ae-47ab-a13f-a219130aa1a5,10,28.3,25.1,NO DATA,NO DATA,NO DATA,NO DATA,NO DATA,NO DATA,NO DATA,NO DATA,NO DATA,NO DATA,NO DATA
9a10dddb-83ef-4bec-9291-a999b156a356,10,NO DATA,NO DATA,40.1,NO DATA,NO DATA,NO DATA,39.3,NO DATA,NO DATA,NO DATA,NO DATA,NO DATA,NO DATA
9a1b7792-ac80-4aee-911c-8a58744b141d,10,NO DATA,NO DATA,42.6,NO DATA,NO DATA,NO DATA,NO DATA,NO DATA,63.0,NO DATA,NO DATA,NO DATA,NO DATA
9a380b09-cdef-43d5-96ff-fbb068870d3c,8,NO DATA,NO DATA,NO DATA,NO DATA,NO DATA,NO DATA,NO DATA,32.7,28.9,37.7,NO DATA,NO DATA,NO DATA
9a506865-3e9b-488b-9d60-ae047e7570ad,6,NO DATA,28.1,22.3,12.1,7.9,38.4,31.7,29.0,25.3,25.9,NO DATA,NO DATA,NO DATA
9a52342c-c8c8-41c8-9aee-61beeab647b8,10,33.6,NO DATA,32.1,25.2,23.6,33.0,NO DATA,NO DATA,NO DATA,NO DATA,NO DATA,NO DATA,NO DATA
9a55f681-974e-487d-b7d6-8564a5235a0b,12,NO DATA,NO DATA,NO DATA,NO DATA,NO DATA,NO DATA,45.8,40.9,31.5,23.3,NO DATA,NO DATA,NO DATA
9a5bb0f6-19b1-4e6e-9ef3-d924c116b1a6,10,30.6,31.3,28.7,20.7,18.3,19.9,18.7,11.4,13.7,NO DATA,NO DATA,NO DATA,NO DATA
9a623bc5-1b36-464c-a179-f19f801af5a7,10,32.4,33.3,32.6,30.9,29.3,29.9,21.7,13.3,48.7,43.8,NO DATA,26.9,27.7
9a643ce4-9321-4dfa-9b7d-e203883c9f2b,6,25.4,32.0,31.5,NO DATA,NO DATA,NO DATA,NO DATA,NO DATA,NO DATA,NO DATA,NO DATA,NO DATA,NO DATA
9a6d5dc4-a1be-4b75-a138-d7a46f12603c,8,NO DATA,NO DATA,NO DATA,NO DATA,NO DATA,NO DATA,NO DATA,28.5,NO DATA,NO DATA,NO DATA,NO DATA,NO DATA
9a790c57-30e8-484e-a865-42ee71074530,10,NO DATA,31.4,27.0,22.5,NO DATA,NO DATA,NO DATA,NO DATA,NO DATA,NO DATA,NO DATA,NO DATA,NO DATA
9a855eee-e445-43cc-b7b2-e12395ab092b,10,33.6,35.3,33.5,30.6,29.3,NO DATA,NO DATA,NO DATA,NO DATA,NO DATA,NO DATA,NO DATA,NO DATA
9a8bbad2-2b04-4aa4-baa3-84956ec5d0fb,10,34.9,39.3,NO DATA,NO DATA,NO DATA,NO DATA,NO DATA,NO DATA,NO DATA,NO DATA,NO DATA,NO DATA,NO DATA
9a908fdf-29a6-4870-88d9-d4d585e16b92,8,NO DATA,NO DATA,NO DATA,NO DATA,NO DATA,NO DATA,36.5,33.8,NO DATA,NO DATA,NO DATA,NO DATA,NO DATA
9aa55b52-15c0-467d-9113-0f1b90fd3475,8,NO DATA,NO DATA,NO DATA,NO DATA,32.0,NO DATA,NO DATA,NO DATA,NO DATA,NO DATA,NO DATA,NO DATA,NO DATA
9aabce13-2b8e-43c3-8438-33bb745dd089,10,NO DATA,NO DATA,NO DATA,NO DATA,NO DATA,NO DATA,NO DATA,NO DATA,44.5,42.0,NO DATA,33.6,32.0
9abf6ac7-7aa2-4125-8665-817e69ff92df,10,36.9,39.0,35.6,32.1,NO DATA,NO DATA,NO DATA,NO DATA,35.2,NO DATA,NO DATA,NO DATA,NO DATA
9ad0fbb7-507b-43ab-8dd6-a54eecc43e5f,10,35.0,NO DATA,NO DATA,NO DATA,NO DATA,NO DATA,NO DATA,NO DATA,NO DATA,NO DATA,NO DATA,NO DATA,NO DATA
9b0d45b9-1643-4d55-8f98-aed460e69153,10,NO DATA,42.0,32.2,31.4,31.2,33.9,30.5,30.0,22.3,NO DATA,NO DATA,NO DATA,NO DATA
9b18f383-8ebb-423b-a824-031e1cbf8aad,12,NO DATA,NO DATA,NO DATA,NO DATA,NO DATA,NO DATA,NO DATA,NO DATA,51.4,45.2,NO DATA,NO DATA,NO DATA
9b241d13-e8db-4bdb-99f3-9314d28effa9,10,28.3,29.6,NO DATA,NO DATA,NO DATA,NO DATA,NO DATA,NO DATA,NO DATA,NO DATA,NO DATA,NO DATA,NO DATA
9b4d0f02-d9f3-4f01-896b-2ead7016abf4,10,NO DATA,41.4,36.3,29.2,26.9,19.8,17.3,NO DATA,39.7,63.5,NO DATA,6.8,NO DATA
9b4f1039-b184-4d6d-af26-706afe4a6244,10,35.1,46.0,NO DATA,36.3,NO DATA,NO DATA,NO DATA,NO DATA,NO DATA,NO DATA,NO DATA,NO DATA,NO DATA
9b55c52f-bb91-4c46-a0da-38e3f93dc15a,6,21.5,23.9,NO DATA,NO DATA,NO DATA,NO DATA,NO DATA,NO DATA,NO DATA,NO DATA,NO DATA,NO DATA,NO DATA
9b6131bb-77c4-4b37-a502-794c814bb045,10,NO DATA,32.6,30.4,28.3,23.0,28.9,27.8,29.1,NO DATA,NO DATA,NO DATA,NO DATA,NO DATA
9b664b8d-0f99-45be-9ff8-40c8b9330ebf,10,NO DATA,NO DATA,NO DATA,NO DATA,NO DATA,38.9,NO DATA,NO DATA,NO DATA,NO DATA,NO DATA,NO DATA,NO DATA
9b9e6771-856b-4201-89ce-adfb8804ebf7,10,NO DATA,NO DATA,36.9,25.0,13.4,NO DATA,32.8,27.2,34.9,35.9,16.3,11.1,NO DATA
9ba01abb-1c84-4952-8773-b50200520636,10,NO DATA,42.1,NO DATA,NO DATA,NO DATA,NO DATA,NO DATA,NO DATA,NO DATA,NO DATA,NO DATA,NO DATA,NO DATA
9bd295da-90d7-4a71-9295-5195f1728941,6,NO DATA,NO DATA,NO DATA,NO DATA,NO DATA,NO DATA,NO DATA,NO DATA,31.8,30.0,NO DATA,27.9,27.9
9bd48aaf-938b-4c1f-9eae-550765cfa7bb,8,NO DATA,NO DATA,NO DATA,NO DATA,NO DATA,NO DATA,NO DATA,37.6,35.8,NO DATA,NO DATA,NO DATA,NO DATA
9bd534a4-103a-4b57-9bbb-0cc1d95f18d2,10,NO DATA,34.7,40.2,NO DATA,NO DATA,NO DATA,NO DATA,NO DATA,NO DATA,NO DATA,NO DATA,39.1,39.1
9bd9e8b9-91da-47f7-a728-5f9b7f3d2695,10,NO DATA,NO DATA,NO DATA,NO DATA,NO DATA,NO DATA,NO DATA,NO DATA,42.1,41.8,NO DATA,NO DATA,NO DATA
9bddcc03-1600-405c-a4dd-2aa25e3cd7ea,10,NO DATA,NO DATA,54.0,54.4,NO DATA,NO DATA,NO DATA,NO DATA,NO DATA,NO DATA,NO DATA,NO DATA,NO DATA
9beb2673-66a5-40b8-93f5-9c3414c99b67,10,NO DATA,42.7,39.5,39.6,46.7,43.3,42.4,38.0,33.9,41.4,NO DATA,15.2,12.3
9bfccd70-e914-4c52-8f94-fe5874551078,10,26.4,26.5,26.0,24.6,27.4,22.4,21.5,11.1,NO DATA,NO DATA,NO DATA,NO DATA,NO DATA
9bff760d-91ed-475d-a437-762ca66b5d12,10,26.3,23.5,19.8,14.6,11.5,9.2,8.9,NO DATA,40.3,38.5,NO DATA,32.0,31.1
9c1adbe5-d22a-4ba9-bb8a-251e7384aa9c,8,NO DATA,NO DATA,NO DATA,NO DATA,NO DATA,NO DATA,37.7,NO DATA,NO DATA,NO DATA,NO DATA,NO DATA,NO DATA
9c227ba7-12c0-4d70-81a0-776d8177b27f,10,NO DATA,NO DATA,34.7,29.6,23.1,15.5,38.3,36.2,27.1,NO DATA,33.2,28.9,27.4
9c45482f-39aa-413f-91e8-191563e8fdf2,8,NO DATA,NO DATA,NO DATA,NO DATA,NO DATA,NO DATA,NO DATA,39.1,NO DATA,NO DATA,NO DATA,NO DATA,NO DATA
9c46975a-7c6a-4b73-928b-dd5059df365f,8,NO DATA,NO DATA,NO DATA,NO DATA,NO DATA,NO DATA,NO DATA,34.6,33.1,28.7,21.7,16.0,NO DATA
9c472392-fdc0-4f02-b78c-8697476fc7c6,8,NO DATA,NO DATA,NO DATA,NO DATA,NO DATA,39.4,38.5,35.0,31.2,NO DATA,NO DATA,NO DATA,NO DATA
9c5699e0-6158-42fb-beca-ae570fd96725,8,NO DATA,NO DATA,NO DATA,NO DATA,NO DATA,NO DATA,40.2,36.8,34.0,31.2,NO DATA,16.5,12.0
9cb52aaf-6815-4f4c-bfb8-aef9a3d51f64,12,NO DATA,NO DATA,NO DATA,NO DATA,NO DATA,NO DATA,NO DATA,NO DATA,33.9,NO DATA,NO DATA,NO DATA,NO DATA
9cb61ce5-11e9-4b6e-ac6b-64fdd4bd5555,6,NO DATA,NO DATA,NO DATA,NO DATA,NO DATA,NO DATA,24.4,25.9,12.4,NO DATA,NO DATA,NO DATA,NO DATA
9cb61ce5-11e9-4b6e-ac6b-64fdd4bd5555,10,NO DATA,43.0,NO DATA,NO DATA,NO DATA,NO DATA,NO DATA,NO DATA,NO DATA,NO DATA,NO DATA,NO DATA,NO DATA
9cb64f4d-0ce9-4364-879d-ec8df0ebac51,10,NO DATA,33.9,32.5,29.1,27.2,24.2,21.7,20.8,NO DATA,NO DATA,NO DATA,NO DATA,NO DATA
9cbcc5c4-4359-44a1-9cb1-1aa13b24b1f0,10,25.6,26.6,24.2,21.6,14.6,13.4,NO DATA,53.8,50.1,55.8,NO DATA,NO DATA,NO DATA
9cdf478d-b102-40d3-a5e4-49615804a557,10,NO DATA,39.1,NO DATA,NO DATA,NO DATA,NO DATA,NO DATA,NO DATA,NO DATA,NO DATA,NO DATA,NO DATA,NO DATA
9d097878-6704-4572-8599-c8676b4e33a4,10,29.5,33.2,NO DATA,29.4,NO DATA,NO DATA,33.4,25.1,11.2,NO DATA,NO DATA,32.0,34.1
9d34d510-beb5-434e-939d-e31b2d1181a2,10,NO DATA,NO DATA,NO DATA,NO DATA,NO DATA,NO DATA,NO DATA,NO DATA,NO DATA,NO DATA,NO DATA,36.2,31.7
9d4401be-d8eb-4cd9-96ae-4a0ee678d70f,12,NO DATA,NO DATA,NO DATA,NO DATA,NO DATA,NO DATA,NO DATA,NO DATA,46.3,NO DATA,NO DATA,NO DATA,NO DATA
9d4e7d93-4c86-420f-b449-b495bee048dd,8,NO DATA,NO DATA,NO DATA,NO DATA,NO DATA,NO DATA,NO DATA,NO DATA,NO DATA,NO DATA,NO DATA,31.1,31.1
9d5b4b26-2bae-4245-96a7-a6febbe855ca,10,NO DATA,30.4,26.9,29.7,NO DATA,NO DATA,26.1,NO DATA,NO DATA,NO DATA,NO DATA,NO DATA,NO DATA
9d721915-0837-4c37-aecd-7ab148af16dc,10,NO DATA,NO DATA,NO DATA,NO DATA,27.5,NO DATA,NO DATA,NO DATA,NO DATA,NO DATA,NO DATA,NO DATA,NO DATA
9d8df31f-2b2e-46f8-b8fd-e9c33c325306,12,NO DATA,NO DATA,NO DATA,NO DATA,NO DATA,NO DATA,44.0,45.0,38.4,37.2,NO DATA,23.8,NO DATA
9d9a728c-255a-460c-8ffc-2257cf1d6447,12,NO DATA,NO DATA,NO DATA,NO DATA,NO DATA,NO DATA,NO DATA,NO DATA,42.8,NO DATA,NO DATA,32.0,32.0
9da7a1c3-be6c-4465-bc5c-291d6ae6d740,10,31.6,36.6,34.4,NO DATA,NO DATA,NO DATA,NO DATA,NO DATA,NO DATA,NO DATA,NO DATA,NO DATA,NO DATA
9dae3b83-059c-418a-8770-66a56e6ba2ef,10,NO DATA,NO DATA,NO DATA,NO DATA,NO DATA,NO DATA,NO DATA,NO DATA,27.1,NO DATA,NO DATA,NO DATA,NO DATA
9db780ec-2153-489f-be5a-e23d170c410e,10,NO DATA,NO DATA,NO DATA,NO DATA,NO DATA,39.3,NO DATA,NO DATA,NO DATA,NO DATA,NO DATA,NO DATA,NO DATA
9dd626b6-0af3-4c5e-bfb5-3848016cd8c0,10,32.2,30.4,21.9,NO DATA,NO DATA,NO DATA,42.1,40.4,39.2,NO DATA,NO DATA,NO DATA,NO DATA
9df54ca9-971b-4323-926d-b78b4f5379e3,6,24.0,NO DATA,NO DATA,NO DATA,NO DATA,NO DATA,NO DATA,NO DATA,NO DATA,NO DATA,NO DATA,NO DATA,NO DATA
9dff89bc-b229-4a7c-9a99-2a32e35d32f8,6,23.6,25.1,21.5,NO DATA,NO DATA,17.9,30.9,28.6,25.6,NO DATA,NO DATA,NO DATA,NO DATA
9e1b21be-93ca-40da-a636-a51dd460b213,10,46.1,NO DATA,NO DATA,NO DATA,NO DATA,NO DATA,NO DATA,NO DATA,NO DATA,NO DATA,NO DATA,NO DATA,NO DATA
9e227928-3868-4218-8b3c-0b4104a67946,8,NO DATA,NO DATA,NO DATA,NO DATA,NO DATA,NO DATA,33.1,30.4,26.7,14.9,7.4,27.2,NO DATA
9e24361f-3791-4560-a8bc-1787d4d801c9,10,NO DATA,33.3,30.4,24.8,20.6,13.4,10.5,NO DATA,NO DATA,NO DATA,NO DATA,NO DATA,NO DATA
9e6134fb-c431-401a-864e-fafc0f8886c5,10,NO DATA,NO DATA,NO DATA,NO DATA,NO DATA,NO DATA,NO DATA,NO DATA,NO DATA,NO DATA,NO DATA,21.9,21.9
9e79a8b1-1709-45b8-818c-d7288ff9f1cc,12,NO DATA,NO DATA,NO DATA,NO DATA,NO DATA,53.0,51.4,37.2,50.1,26.1,NO DATA,NO DATA,NO DATA
9e908ed0-c34d-4b39-bf6b-ab59ac2c0f54,10,36.2,37.7,NO DATA,NO DATA,NO DATA,NO DATA,NO DATA,NO DATA,NO DATA,NO DATA,NO DATA,NO DATA,NO DATA
9e92f02d-c257-4440-ac72-86a996631df0,10,34.3,35.6,31.9,28.6,27.1,21.0,21.0,14.3,NO DATA,NO DATA,NO DATA,NO DATA,NO DATA
9e9b98a3-6f57-4962-8fa1-99457230dff3,6,22.0,22.8,NO DATA,NO DATA,NO DATA,NO DATA,24.5,25.2,22.3,NO DATA,NO DATA,NO DATA,NO DATA
9e9e4d91-3636-4577-bad2-dc223c5656e2,10,NO DATA,36.4,30.4,30.3,30.1,40.4,26.6,NO DATA,NO DATA,NO DATA,NO DATA,NO DATA,NO DATA
9ea590d6-716f-4c02-bd80-0aa51d9afe66,10,32.4,35.3,NO DATA,NO DATA,NO DATA,NO DATA,NO DATA,NO DATA,NO DATA,NO DATA,NO DATA,NO DATA,NO DATA
9ebab5b4-80fb-48b7-a0a3-05f58b0c3535,10,NO DATA,39.6,NO DATA,NO DATA,NO DATA,NO DATA,NO DATA,NO DATA,NO DATA,NO DATA,NO DATA,NO DATA,NO DATA
9ebcd404-352e-4aa6-8cb0-fe955beedb5c,10,NO DATA,NO DATA,NO DATA,NO DATA,NO DATA,NO DATA,NO DATA,NO DATA,NO DATA,NO DATA,NO DATA,52.9,48.8
9ec46dca-4a0b-4fb6-8aec-21ed01acd02d,10,30.2,26.8,23.8,21.7,19.7,17.5,NO DATA,NO DATA,NO DATA,NO DATA,NO DATA,NO DATA,NO DATA
9eda1d0f-33d7-40c7-a9be-d9bc0e55766a,10,NO DATA,NO DATA,NO DATA,NO DATA,NO DATA,NO DATA,NO DATA,NO DATA,NO DATA,58.0,NO DATA,33.1,24.9
9ee4f524-feef-4b91-8a51-4d1cb0ee7a97,8,NO DATA,NO DATA,NO DATA,NO DATA,NO DATA,NO DATA,NO DATA,37.2,34.2,30.4,NO DATA,NO DATA,NO DATA
9f2ceb2d-d036-4aff-a294-3cf62f829e81,10,30.7,29.7,NO DATA,NO DATA,NO DATA,NO DATA,NO DATA,NO DATA,NO DATA,NO DATA,NO DATA,NO DATA,NO DATA
9f3e35a2-7b0a-4217-b46d-a1605c083fe0,10,28.6,27.8,15.2,8.0,NO DATA,NO DATA,NO DATA,NO DATA,39.8,9.8,20.6,NO DATA,NO DATA
9f5d57d1-a80a-448c-aab4-24fa56b59363,8,NO DATA,NO DATA,NO DATA,NO DATA,NO DATA,NO DATA,NO DATA,NO DATA,NO DATA,NO DATA,NO DATA,40.5,25.4
9f7921bd-23be-441a-8f9b-4d734cee2cc9,10,32.7,33.8,34.0,NO DATA,NO DATA,34.1,NO DATA,NO DATA,NO DATA,NO DATA,NO DATA,NO DATA,NO DATA
9fc6b621-a61c-461d-99bd-ca724468753d,10,NO DATA,NO DATA,33.2,26.7,23.7,20.2,21.2,NO DATA,NO DATA,NO DATA,20.4,NO DATA,NO DATA
9fc6b621-a61c-461d-99bd-ca724468753d,12,NO DATA,NO DATA,NO DATA,NO DATA,NO DATA,NO DATA,36.2,35.2,25.6,14.9,NO DATA,NO DATA,NO DATA
a004237e-4e8d-4fda-b371-3850b06684d0,10,26.6,NO DATA,NO DATA,NO DATA,NO DATA,NO DATA,NO DATA,NO DATA,NO DATA,NO DATA,NO DATA,NO DATA,NO DATA
a01d9ede-fba9-4e02-867b-30cdad0a2670,10,26.4,33.2,38.5,NO DATA,NO DATA,NO DATA,41.7,NO DATA,NO DATA,NO DATA,NO DATA,NO DATA,NO DATA
a020887b-a39e-4bce-bdbb-6c77aa44da1f,10,NO DATA,NO DATA,NO DATA,NO DATA,NO DATA,NO DATA,NO DATA,NO DATA,38.4,NO DATA,NO DATA,NO DATA,NO DATA
a0406a3f-b738-4d96-90ae-a803aa3888c4,6,NO DATA,NO DATA,NO DATA,NO DATA,NO DATA,NO DATA,NO DATA,NO DATA,41.1,NO DATA,NO DATA,NO DATA,NO DATA
a045efc7-f83a-4ecd-ac98-be496f2edc77,10,NO DATA,37.8,NO DATA,NO DATA,NO DATA,NO DATA,NO DATA,NO DATA,NO DATA,NO DATA,NO DATA,NO DATA,NO DATA
a05f6e0f-7c8a-44b6-8a6e-fe6e6229ab70,10,32.5,30.7,23.2,16.1,10.9,NO DATA,NO DATA,NO DATA,31.1,40.1,NO DATA,NO DATA,NO DATA
a086bada-bd9d-462b-91f1-728337e664fd,10,29.9,31.5,29.7,21.3,18.6,22.8,16.7,NO DATA,NO DATA,NO DATA,NO DATA,NO DATA,NO DATA
a0983cad-b758-4a12-a737-1e703fceaa3f,10,30.7,33.7,32.8,NO DATA,34.1,NO DATA,NO DATA,NO DATA,42.7,36.4,NO DATA,NO DATA,NO DATA
a09cd16e-0c60-4f79-b67d-2ae157435f7b,10,NO DATA,40.3,37.1,32.7,30.8,34.1,27.3,23.0,18.8,22.4,NO DATA,NO DATA,NO DATA
a0d05889-98ed-41f1-ab38-54852fa20ca7,6,NO DATA,28.1,25.4,22.5,17.9,14.5,NO DATA,NO DATA,NO DATA,NO DATA,NO DATA,NO DATA,NO DATA
a116a14a-31b3-4591-9146-a50d2cd4130d,10,38.1,35.9,36.1,33.3,30.8,34.4,30.5,NO DATA,NO DATA,NO DATA,NO DATA,NO DATA,NO DATA
a1338c77-657f-4495-ae2b-223a6d593961,8,NO DATA,NO DATA,NO DATA,NO DATA,NO DATA,NO DATA,42.3,39.1,39.5,28.7,NO DATA,23.4,18.9
a14614f4-4312-4cef-9d2a-36d060cbb1ee,12,NO DATA,NO DATA,NO DATA,NO DATA,NO DATA,NO DATA,NO DATA,48.6,45.0,42.7,NO DATA,31.0,30.8
a14a4912-edd4-4bd4-afed-a43071b92a9b,10,NO DATA,38.9,35.0,33.3,NO DATA,NO DATA,26.9,22.4,33.9,28.4,NO DATA,NO DATA,NO DATA
a15e7184-ebf7-4c58-8932-c4b06612bc10,10,NO DATA,42.3,38.6,28.9,17.6,NO DATA,NO DATA,NO DATA,NO DATA,NO DATA,NO DATA,NO DATA,NO DATA
a16040cd-bb27-48ee-becd-63c83f1b9d9a,10,23.4,NO DATA,NO DATA,NO DATA,NO DATA,NO DATA,NO DATA,NO DATA,NO DATA,NO DATA,NO DATA,NO DATA,NO DATA
a17c10b4-0aae-4152-b786-97f55cb0dfe1,10,NO DATA,NO DATA,NO DATA,NO DATA,NO DATA,NO DATA,NO DATA,NO DATA,67.5,55.3,NO DATA,NO DATA,NO DATA
a1aa232e-f6f2-4fb5-919d-7b4fd9bb38a6,8,NO DATA,NO DATA,NO DATA,NO DATA,NO DATA,NO DATA,NO DATA,39.8,33.1,32.3,NO DATA,26.5,26.3
a1c98e8a-f373-44d1-9d5b-3d30f1248e84,10,30.1,27.3,NO DATA,NO DATA,NO DATA,NO DATA,NO DATA,NO DATA,NO DATA,NO DATA,NO DATA,NO DATA,NO DATA
a1e7417d-5f98-4389-a2a1-e01f81a0b02e,6,NO DATA,29.7,NO DATA,NO DATA,NO DATA,NO DATA,NO DATA,NO DATA,NO DATA,NO DATA,NO DATA,NO DATA,NO DATA
a1ea6625-7eef-4a90-aa1d-afdb409d4770,12,NO DATA,NO DATA,NO DATA,NO DATA,NO DATA,NO DATA,NO DATA,NO DATA,55.2,NO DATA,NO DATA,NO DATA,NO DATA
a210a259-c825-48bc-9d5e-5b790a44062a,10,NO DATA,NO DATA,40.2,36.1,31.5,33.6,28.2,22.1,10.9,NO DATA,NO DATA,NO DATA,NO DATA
a2165b54-2abc-47a9-9239-c9b75a455d47,10,NO DATA,NO DATA,NO DATA,24.2,NO DATA,NO DATA,NO DATA,NO DATA,NO DATA,NO DATA,NO DATA,NO DATA,NO DATA
a2379e64-b0d7-43cf-ad6b-5627fd7690d1,10,40.0,43.6,39.2,NO DATA,NO DATA,NO DATA,NO DATA,39.6,NO DATA,NO DATA,NO DATA,NO DATA,NO DATA
a23f1885-cde9-47ed-a9c4-a5864049d388,10,30.5,NO DATA,NO DATA,NO DATA,NO DATA,NO DATA,40.5,NO DATA,NO DATA,NO DATA,NO DATA,NO DATA,NO DATA
a2690460-5feb-448a-89af-076046b7477b,10,28.9,32.7,31.1,30.5,29.7,24.2,27.5,20.4,14.8,NO DATA,NO DATA,NO DATA,NO DATA
a272cd6e-69ab-4d9e-a551-427cc2aedc6b,10,40.4,36.0,36.3,33.8,31.8,NO DATA,NO DATA,NO DATA,NO DATA,NO DATA,NO DATA,NO DATA,NO DATA
a2a028fb-16a4-4c82-ace7-c362b18e8174,8,NO DATA,NO DATA,NO DATA,NO DATA,NO DATA,NO DATA,30.9,NO DATA,NO DATA,NO DATA,NO DATA,NO DATA,NO DATA
a2a3d523-34d6-47c3-bba3-536c36d34f1f,10,25.8,30.5,26.3,22.2,NO DATA,14.6,NO DATA,NO DATA,NO DATA,NO DATA,NO DATA,NO DATA,NO DATA
a2d2a594-7bd7-4839-b0fa-caa2e5ba22c3,10,24.9,NO DATA,NO DATA,NO DATA,NO DATA,NO DATA,NO DATA,NO DATA,NO DATA,NO DATA,NO DATA,NO DATA,NO DATA
a2ee1f84-5a16-4fdb-a946-2867337603d9,10,35.4,43.7,44.5,47.7,46.1,47.1,45.5,NO DATA,NO DATA,NO DATA,NO DATA,NO DATA,NO DATA
a2efc56b-d742-4561-a60b-93a2b2435d2b,8,NO DATA,NO DATA,NO DATA,NO DATA,NO DATA,NO DATA,NO DATA,40.0,42.5,36.8,29.9,27.0,29.9
a32bf4d7-6f0e-4eaf-ae3d-2d28a4393d56,10,29.1,32.9,33.6,31.3,30.3,30.3,25.6,15.7,8.5,NO DATA,NO DATA,NO DATA,NO DATA
a33d5b02-17f4-4b77-997d-d4fb2be0be1a,6,25.0,28.0,24.9,20.4,20.2,23.8,16.2,10.4,NO DATA,NO DATA,NO DATA,NO DATA,NO DATA
a3424b4e-0cb0-45d9-8660-e1726ed3593f,8,NO DATA,NO DATA,NO DATA,NO DATA,NO DATA,NO DATA,40.5,41.5,41.2,34.3,27.4,27.1,26.9
a34602af-26b3-4dbb-a1a4-36600313ce95,8,NO DATA,NO DATA,NO DATA,NO DATA,NO DATA,40.0,NO DATA,NO DATA,NO DATA,NO DATA,NO DATA,NO DATA,NO DATA
a36a52f3-f7d0-4801-8fb9-a92b3fb6780d,8,NO DATA,NO DATA,NO DATA,NO DATA,NO DATA,NO DATA,42.4,NO DATA,NO DATA,NO DATA,NO DATA,NO DATA,NO DATA
a36da29b-b12f-424a-816a-961ddf25f09f,8,NO DATA,NO DATA,NO DATA,NO DATA,NO DATA,NO DATA,38.0,35.5,35.3,26.2,22.4,22.4,28.3
a3a913c5-6f81-4000-a0e0-65d86e21174d,10,37.7,36.6,16.4,41.3,NO DATA,15.6,32.1,29.1,NO DATA,NO DATA,NO DATA,NO DATA,NO DATA
a3ab6fe1-c91d-4a1c-84bf-ad401dae512f,10,25.9,25.7,NO DATA,NO DATA,NO DATA,27.8,26.7,31.8,NO DATA,NO DATA,NO DATA,NO DATA,NO DATA
a3bc4e3a-7921-41a1-ad53-0b4423868181,10,22.6,29.0,30.5,29.8,26.2,NO DATA,30.0,NO DATA,27.1,NO DATA,NO DATA,NO DATA,NO DATA
a3d9a19a-983e-4d49-90bf-bedf250bed9a,10,NO DATA,30.1,26.5,NO DATA,NO DATA,NO DATA,NO DATA,NO DATA,NO DATA,NO DATA,NO DATA,NO DATA,NO DATA
a3d9a19a-983e-4d49-90bf-bedf250bed9a,12,NO DATA,NO DATA,NO DATA,NO DATA,NO DATA,NO DATA,NO DATA,38.1,35.9,NO DATA,NO DATA,NO DATA,NO DATA
a3daf8d9-b558-4635-8841-b7cfb38da3d6,10,25.9,28.6,26.3,NO DATA,NO DATA,NO DATA,20.6,17.0,14.3,NO DATA,NO DATA,NO DATA,NO DATA
a3e34617-b71d-42c7-9ca9-d07fbc4bea1f,10,34.3,NO DATA,NO DATA,NO DATA,NO DATA,NO DATA,52.0,NO DATA,NO DATA,NO DATA,NO DATA,NO DATA,NO DATA
a407e2d4-b6da-49c8-bda6-8a84b626c38b,8,NO DATA,NO DATA,NO DATA,NO DATA,NO DATA,NO DATA,35.8,35.2,25.2,NO DATA,NO DATA,NO DATA,NO DATA
a4200eb7-c1fb-47bc-806f-15da2a284e00,10,NO DATA,32.7,27.8,18.4,16.2,NO DATA,NO DATA,NO DATA,42.6,46.9,NO DATA,33.5,38.9
a42ad62c-35c5-420f-9019-a52aca4874f0,8,NO DATA,NO DATA,NO DATA,NO DATA,NO DATA,NO DATA,31.6,30.6,28.1,24.0,NO DATA,NO DATA,NO DATA
a4640777-02e5-4924-8824-d28aa319f05d,10,NO DATA,31.1,30.1,27.8,25.7,NO DATA,NO DATA,NO DATA,NO DATA,NO DATA,NO DATA,NO DATA,NO DATA
a464c0a9-e260-4fbf-ab28-3f9825f434db,10,NO DATA,44.3,38.8,NO DATA,NO DATA,NO DATA,NO DATA,NO DATA,NO DATA,NO DATA,NO DATA,NO DATA,NO DATA
a46a5764-1dd0-4d7d-9492-7d02dfe4ef43,10,32.7,NO DATA,NO DATA,NO DATA,NO DATA,NO DATA,NO DATA,NO DATA,NO DATA,NO DATA,NO DATA,NO DATA,NO DATA
a4788280-fe18-44f6-ab90-266eac0dbbac,10,29.9,33.1,33.2,30.2,30.3,29.1,30.3,29.7,27.1,23.8,NO DATA,NO DATA,NO DATA
a49dcac4-2de2-44d7-bc03-61d39f432c01,10,32.1,34.2,NO DATA,NO DATA,NO DATA,59.5,46.4,NO DATA,NO DATA,NO DATA,NO DATA,NO DATA,NO DATA
a4ad7ab8-4bf3-43c8-ac00-af6d5e9682d1,10,35.6,37.3,36.1,31.4,34.0,36.5,31.3,29.4,48.5,NO DATA,NO DATA,NO DATA,NO DATA
a4b6a454-0439-4348-87de-2336f3b4e4dd,10,24.7,32.5,NO DATA,NO DATA,NO DATA,NO DATA,NO DATA,NO DATA,NO DATA,NO DATA,NO DATA,NO DATA,NO DATA
a4c9dd15-c42d-4221-8baf-847d5ac037f0,10,NO DATA,38.5,NO DATA,NO DATA,NO DATA,NO DATA,NO DATA,NO DATA,NO DATA,NO DATA,NO DATA,NO DATA,NO DATA
a4cd535d-89dd-4dfa-891d-c8547652fffc,8,NO DATA,NO DATA,NO DATA,NO DATA,NO DATA,NO DATA,34.1,32.3,NO DATA,NO DATA,NO DATA,NO DATA,NO DATA
a4d005a9-37aa-40db-bc78-d37fd50e932e,8,NO DATA,NO DATA,NO DATA,NO DATA,NO DATA,NO DATA,27.0,11.7,30.3,35.8,21.3,15.9,14.7
a4d766e0-760a-47ca-a954-ad365b23b2ba,10,20.0,49.9,NO DATA,NO DATA,NO DATA,NO DATA,NO DATA,NO DATA,NO DATA,NO DATA,NO DATA,NO DATA,NO DATA
a4e7517f-b93c-480a-871a-fc190855663e,8,NO DATA,NO DATA,NO DATA,NO DATA,NO DATA,NO DATA,41.7,37.6,34.7,NO DATA,NO DATA,NO DATA,NO DATA
a4f2a0e1-644f-489f-982c-a6ae333440b2,8,NO DATA,NO DATA,NO DATA,NO DATA,NO DATA,38.9,NO DATA,NO DATA,NO DATA,NO DATA,NO DATA,NO DATA,NO DATA
a50d1b4f-5a16-410e-a45e-30f71a3116ff,8,NO DATA,NO DATA,NO DATA,NO DATA,NO DATA,32.7,33.1,38.0,NO DATA,NO DATA,NO DATA,NO DATA,NO DATA
a51442a5-48f7-4f97-b187-d0ce84577767,10,43.8,50.5,47.8,55.8,41.7,35.6,30.7,NO DATA,NO DATA,NO DATA,NO DATA,36.0,NO DATA
a5160992-33d9-4b53-a4fb-da8b6f5ff082,10,25.1,NO DATA,NO DATA,NO DATA,NO DATA,NO DATA,NO DATA,NO DATA,NO DATA,NO DATA,NO DATA,NO DATA,NO DATA
a516b5b0-d03f-404c-923f-e2b1af2469b6,10,30.2,28.5,NO DATA,NO DATA,NO DATA,NO DATA,NO DATA,NO DATA,NO DATA,NO DATA,NO DATA,NO DATA,NO DATA
a522b967-5c5b-4536-9bea-c7cab1149235,10,19.9,31.8,NO DATA,NO DATA,46.7,NO DATA,NO DATA,NO DATA,NO DATA,NO DATA,NO DATA,NO DATA,NO DATA
a535d2ee-fc88-4aa6-9d2c-289f73e66e83,8,NO DATA,NO DATA,NO DATA,NO DATA,NO DATA,NO DATA,NO DATA,46.1,NO DATA,NO DATA,NO DATA,46.8,44.8
a535dc37-cae1-4689-b834-5175826bcd4c,10,NO DATA,20.2,19.9,38.1,NO DATA,NO DATA,NO DATA,NO DATA,29.1,NO DATA,NO DATA,NO DATA,NO DATA
a5426b90-5951-4245-b08a-dcfb23de99bc,12,NO DATA,NO DATA,NO DATA,NO DATA,NO DATA,NO DATA,NO DATA,NO DATA,46.6,44.9,27.9,32.6,31.6
a5436b65-26a4-44a9-a6d8-18877fe91dd9,10,NO DATA,37.3,NO DATA,NO DATA,NO DATA,NO DATA,NO DATA,NO DATA,NO DATA,NO DATA,NO DATA,NO DATA,NO DATA
a54c3e18-9b6c-49cc-a434-77c3dcf26960,10,33.1,38.2,NO DATA,NO DATA,NO DATA,NO DATA,NO DATA,NO DATA,NO DATA,NO DATA,NO DATA,NO DATA,NO DATA
a56e1779-1237-4ace-b1b0-1ef9e4f58451,10,37.1,NO DATA,NO DATA,NO DATA,NO DATA,NO DATA,NO DATA,NO DATA,NO DATA,NO DATA,NO DATA,NO DATA,NO DATA
a57b3ced-9316-4e37-a805-f8dd4dd7e9b8,10,29.6,33.1,33.1,31.6,NO DATA,NO DATA,NO DATA,NO DATA,NO DATA,NO DATA,NO DATA,NO DATA,NO DATA
a5a7bc62-0535-403f-aebf-62274a2b039a,10,NO DATA,43.8,41.2,38.6,NO DATA,NO DATA,31.4,NO DATA,NO DATA,NO DATA,NO DATA,NO DATA,NO DATA
a5acd6d3-5072-496f-987f-3efd850b5f12,6,21.8,22.0,22.5,19.0,21.8,26.9,17.4,28.8,21.1,NO DATA,NO DATA,NO DATA,NO DATA
a5bd61b2-ac31-4711-b6cb-1fdf9c0001eb,8,NO DATA,NO DATA,NO DATA,NO DATA,NO DATA,NO DATA,37.4,32.0,NO DATA,NO DATA,NO DATA,NO DATA,NO DATA
a5ce5581-4d6a-4a04-b414-e93ca4c4124f,10,34.0,34.6,31.7,26.2,24.2,21.4,16.5,NO DATA,NO DATA,NO DATA,NO DATA,NO DATA,NO DATA
a5da55e3-1c69-4167-94fc-8c965bd11a1f,10,NO DATA,33.0,NO DATA,NO DATA,NO DATA,NO DATA,NO DATA,NO DATA,NO DATA,NO DATA,NO DATA,NO DATA,NO DATA
a60053af-b6b0-4655-99b2-899221595432,10,NO DATA,38.5,34.3,NO DATA,NO DATA,NO DATA,NO DATA,NO DATA,NO DATA,NO DATA,NO DATA,NO DATA,NO DATA
a6081c05-7ecd-4b15-b7e2-898f35bf3034,6,26.1,NO DATA,NO DATA,NO DATA,NO DATA,NO DATA,29.5,33.6,29.3,NO DATA,NO DATA,NO DATA,NO DATA
a612e38e-22b7-4207-9e4b-4d8de762ddd4,10,36.1,45.2,NO DATA,43.8,NO DATA,NO DATA,NO DATA,NO DATA,NO DATA,NO DATA,NO DATA,NO DATA,NO DATA
a6164b80-c24a-4286-9b20-829608f1aa0f,8,NO DATA,NO DATA,NO DATA,NO DATA,NO DATA,NO DATA,36.2,36.9,NO DATA,NO DATA,NO DATA,NO DATA,NO DATA
a61d4d5a-527b-4953-be5a-ec57d4c825e0,10,NO DATA,32.1,29.6,26.6,25.1,NO DATA,29.4,26.8,23.0,20.9,NO DATA,NO DATA,NO DATA
a62a0a72-8889-4ae3-bc4d-09c5caf4e2c5,8,NO DATA,NO DATA,NO DATA,NO DATA,NO DATA,NO DATA,35.2,38.0,35.8,33.9,9.4,NO DATA,NO DATA
a62d12a5-f71b-4753-b95f-3d5e79ab673d,6,NO DATA,NO DATA,NO DATA,NO DATA,NO DATA,NO DATA,NO DATA,NO DATA,NO DATA,NO DATA,36.0,28.2,25.0
a63a6f7b-639f-4259-aa0d-4e650c85bb13,10,NO DATA,NO DATA,33.7,31.3,29.3,28.5,28.9,26.8,23.1,NO DATA,NO DATA,NO DATA,NO DATA
a63f6f62-8949-4e27-b89a-f5eb00118408,6,NO DATA,31.7,NO DATA,NO DATA,NO DATA,NO DATA,NO DATA,NO DATA,NO DATA,NO DATA,NO DATA,NO DATA,NO DATA
a645e484-98b9-4a70-af3b-f3d2b74f386b,10,20.8,20.6,16.9,11.6,8.7,NO DATA,NO DATA,NO DATA,33.7,32.4,NO DATA,29.6,29.8
a658498d-0bc3-4034-8987-c38cec7d0e20,10,37.9,42.0,47.4,40.8,NO DATA,NO DATA,NO DATA,NO DATA,NO DATA,NO DATA,NO DATA,NO DATA,NO DATA
a67d66a9-8c66-4edc-aae2-bd54702b29e4,10,30.8,41.4,39.3,40.3,36.0,40.7,40.4,40.6,37.1,42.7,NO DATA,26.2,25.8
a6bb5ad7-f3dd-47c3-bf4d-45029c1f8700,8,NO DATA,NO DATA,NO DATA,NO DATA,NO DATA,NO DATA,39.3,35.3,34.5,NO DATA,NO DATA,NO DATA,NO DATA
a6bea304-a63f-426e-b2fd-ec83c4558bca,10,NO DATA,41.8,42.1,NO DATA,NO DATA,NO DATA,NO DATA,NO DATA,NO DATA,NO DATA,NO DATA,NO DATA,NO DATA
a6cd7489-28eb-4364-af9c-c63f1947e780,10,30.1,30.0,27.5,19.3,14.5,19.4,8.3,NO DATA,37.1,35.0,NO DATA,21.8,21.8
a6db1d4c-478a-4e9b-b1d4-5f315bca2d73,6,15.1,13.6,NO DATA,NO DATA,NO DATA,NO DATA,NO DATA,NO DATA,NO DATA,NO DATA,NO DATA,NO DATA,NO DATA
a6ee7772-52ef-41ba-8582-7eef2708028b,10,NO DATA,NO DATA,38.7,33.8,39.9,NO DATA,37.8,NO DATA,NO DATA,NO DATA,NO DATA,NO DATA,NO DATA
a7181e61-df36-466d-9df9-a94d87be8cc0,10,NO DATA,NO DATA,NO DATA,NO DATA,NO DATA,NO DATA,NO DATA,NO DATA,58.5,NO DATA,NO DATA,NO DATA,NO DATA
a718d0d9-11be-4b58-ba8d-a085e81bf3c6,10,NO DATA,NO DATA,40.7,NO DATA,NO DATA,NO DATA,NO DATA,NO DATA,NO DATA,NO DATA,NO DATA,NO DATA,NO DATA
a75f532a-85a0-455a-b51f-8d06edf0790d,10,NO DATA,38.6,34.4,32.0,33.9,31.8,30.2,27.7,27.0,5.9,NO DATA,NO DATA,NO DATA
a7628480-abb9-48a7-b9c0-479c20280a09,10,30.1,34.3,31.3,31.5,30.4,27.7,30.3,26.9,20.7,12.6,NO DATA,NO DATA,NO DATA
a767cb17-da24-4c53-bf85-f4e3f347dc45,10,21.7,33.0,26.6,15.0,5.7,NO DATA,NO DATA,NO DATA,NO DATA,NO DATA,NO DATA,NO DATA,NO DATA
a76e926b-5fa8-4eb4-9a50-ecfa0fb813fa,8,NO DATA,NO DATA,NO DATA,NO DATA,NO DATA,NO DATA,37.2,NO DATA,NO DATA,NO DATA,NO DATA,NO DATA,NO DATA
a7849103-9e7b-4a9d-a03b-7a68ca9e134c,10,35.2,37.4,35.7,29.3,27.2,26.9,27.6,23.8,NO DATA,NO DATA,NO DATA,NO DATA,NO DATA
a78df558-4f90-4bd4-8620-304b04b6790c,6,22.1,23.2,21.6,19.6,17.8,17.3,14.9,9.8,23.1,27.0,NO DATA,21.0,20.3
a79e968a-64ca-473a-9f15-82e7b163dbb2,10,NO DATA,9.3,NO DATA,NO DATA,NO DATA,NO DATA,NO DATA,NO DATA,NO DATA,NO DATA,NO DATA,NO DATA,NO DATA
a7c0a31f-9de8-49d9-b2e0-e9ab83705cdb,10,32.1,34.8,NO DATA,NO DATA,NO DATA,NO DATA,NO DATA,NO DATA,NO DATA,NO DATA,NO DATA,NO DATA,NO DATA
a7fcf1d4-658a-49c1-bba7-e053c623587a,10,23.9,25.5,21.4,16.5,14.2,10.1,NO DATA,NO DATA,NO DATA,NO DATA,NO DATA,NO DATA,NO DATA
a7fe712b-77b3-4631-b0b5-9db1bcbe87c1,8,NO DATA,NO DATA,NO DATA,NO DATA,NO DATA,NO DATA,34.2,35.9,31.4,35.1,NO DATA,21.8,22.6
a8127e1f-0090-41f6-893a-da75404e10ea,10,28.3,30.7,27.8,24.1,12.6,9.5,NO DATA,41.7,36.4,33.3,27.2,28.5,19.6
a8146968-fd76-4570-9d8b-68e385b533a2,10,NO DATA,NO DATA,NO DATA,NO DATA,NO DATA,NO DATA,NO DATA,37.3,NO DATA,NO DATA,NO DATA,NO DATA,NO DATA
a838f7bf-7740-421b-9378-cb6f73b0f8de,10,25.5,27.9,NO DATA,NO DATA,NO DATA,NO DATA,NO DATA,NO DATA,NO DATA,NO DATA,NO DATA,NO DATA,NO DATA
a855010a-1379-483e-a3bb-ed18e3435194,10,NO DATA,NO DATA,NO DATA,37.5,NO DATA,50.3,NO DATA,NO DATA,NO DATA,NO DATA,NO DATA,NO DATA,NO DATA
a8599b76-a163-4210-b117-9c7e62560808,10,41.0,41.0,NO DATA,39.9,NO DATA,NO DATA,NO DATA,NO DATA,NO DATA,NO DATA,NO DATA,NO DATA,NO DATA
a872a559-4932-4c60-8672-d5cf374c5d6b,8,NO DATA,NO DATA,NO DATA,NO DATA,NO DATA,NO DATA,41.8,38.8,31.7,NO DATA,NO DATA,NO DATA,NO DATA
a88c6dcc-ff8d-45c4-9383-849de08ae1e0,8,NO DATA,NO DATA,NO DATA,NO DATA,NO DATA,NO DATA,NO DATA,NO DATA,NO DATA,NO DATA,NO DATA,30.3,28.8
a88fc890-dbb5-42de-a1e4-8377e445d599,10,NO DATA,NO DATA,NO DATA,NO DATA,NO DATA,NO DATA,30.2,NO DATA,NO DATA,NO DATA,NO DATA,NO DATA,NO DATA
a88fc890-dbb5-42de-a1e4-8377e445d599,12,NO DATA,NO DATA,NO DATA,20.7,NO DATA,41.5,NO DATA,NO DATA,39.1,21.1,NO DATA,33.6,33.6
a89dd5f4-2848-46e8-a63c-ef395c5b333b,10,NO DATA,38.4,33.7,35.0,NO DATA,NO DATA,NO DATA,NO DATA,NO DATA,NO DATA,NO DATA,NO DATA,NO DATA
a8a7583d-0fc6-41a3-94e5-f14a6a86099a,8,NO DATA,NO DATA,NO DATA,NO DATA,NO DATA,NO DATA,38.7,37.3,31.9,33.9,NO DATA,NO DATA,NO DATA
a8c06558-ac11-4bae-bae1-03e39ca6a292,10,NO DATA,NO DATA,NO DATA,NO DATA,NO DATA,29.8,NO DATA,NO DATA,NO DATA,NO DATA,NO DATA,NO DATA,NO DATA
a8c1e133-a0c7-4e85-8b6c-544a3f0ba6c6,8,NO DATA,NO DATA,NO DATA,NO DATA,NO DATA,NO DATA,36.7,30.0,NO DATA,NO DATA,NO DATA,NO DATA,NO DATA
a8d1405f-4367-4776-9236-2579d1f8a740,12,NO DATA,NO DATA,NO DATA,NO DATA,NO DATA,NO DATA,NO DATA,51.0,48.7,47.9,NO DATA,27.7,NO DATA
a8d24dfb-c80b-47e1-a777-ba2b6e20df0e,8,NO DATA,NO DATA,NO DATA,NO DATA,NO DATA,NO DATA,36.8,36.7,NO DATA,NO DATA,NO DATA,NO DATA,NO DATA
a8e48c42-ef89-4d64-b4d9-44089e6222da,12,NO DATA,NO DATA,NO DATA,NO DATA,NO DATA,NO DATA,NO DATA,NO DATA,44.4,NO DATA,NO DATA,NO DATA,NO DATA
a8f941d6-6940-41c0-9fbe-3df3cffa6060,10,38.0,37.4,NO DATA,NO DATA,NO DATA,NO DATA,NO DATA,NO DATA,NO DATA,NO DATA,NO DATA,NO DATA,NO DATA
a92464dd-e2c1-4bf9-b8fd-a056ea443db5,8,NO DATA,35.1,NO DATA,NO DATA,NO DATA,NO DATA,NO DATA,NO DATA,NO DATA,NO DATA,NO DATA,NO DATA,NO DATA
a92f13bd-a0c0-4e1b-882c-915bfc5cd1d2,6,24.0,21.6,17.8,15.1,NO DATA,NO DATA,NO DATA,NO DATA,NO DATA,NO DATA,NO DATA,NO DATA,NO DATA
a93893de-67df-4d0d-beb7-30dc75b06e7c,6,NO DATA,NO DATA,NO DATA,NO DATA,NO DATA,NO DATA,NO DATA,NO DATA,28.1,26.8,NO DATA,NO DATA,NO DATA
a96a6d15-b850-4b39-8c51-0797f512b8e1,10,28.5,35.0,NO DATA,NO DATA,NO DATA,NO DATA,NO DATA,NO DATA,NO DATA,NO DATA,NO DATA,NO DATA,NO DATA
a9711cf8-197c-46d3-a452-edd29944ab89,10,NO DATA,NO DATA,NO DATA,NO DATA,NO DATA,NO DATA,NO DATA,NO DATA,36.9,43.9,NO DATA,34.9,NO DATA
a97cd5c8-49bf-46e9-ad72-6c604eb2b021,10,NO DATA,NO DATA,NO DATA,NO DATA,NO DATA,NO DATA,NO DATA,NO DATA,NO DATA,NO DATA,NO DATA,36.1,33.6
a98a7a2f-4987-4ea9-a793-af4f9addf87c,10,24.7,NO DATA,NO DATA,NO DATA,NO DATA,NO DATA,NO DATA,NO DATA,NO DATA,NO DATA,NO DATA,NO DATA,NO DATA
a98e7bae-283d-4f12-8893-9f0d736a43f5,8,NO DATA,NO DATA,NO DATA,NO DATA,NO DATA,NO DATA,31.7,26.9,22.6,NO DATA,NO DATA,NO DATA,NO DATA
a98e7bae-283d-4f12-8893-9f0d736a43f5,10,NO DATA,NO DATA,NO DATA,NO DATA,NO DATA,NO DATA,NO DATA,NO DATA,NO DATA,40.0,NO DATA,NO DATA,NO DATA
a9a2c5a2-65cc-4394-9eb7-1c3160d60c02,8,NO DATA,NO DATA,NO DATA,NO DATA,NO DATA,NO DATA,35.6,33.7,33.2,27.7,NO DATA,NO DATA,NO DATA
a9a9b22f-ca8a-4b20-8ac2-52ca48722f79,10,NO DATA,36.4,38.4,37.6,33.0,31.6,26.5,18.0,12.4,NO DATA,NO DATA,NO DATA,NO DATA
a9aa3fae-566b-42d9-8dc4-8cf6dee453e7,10,NO DATA,34.2,31.6,29.4,27.6,23.2,15.1,7.5,30.8,41.8,NO DATA,11.2,9.0
a9b95658-7a6c-4a2a-b109-003d44aba5d3,10,NO DATA,34.4,34.4,32.9,31.8,36.9,NO DATA,NO DATA,NO DATA,NO DATA,NO DATA,NO DATA,NO DATA
a9be0b69-1ed7-4dda-ba47-3dd53a00fde4,10,33.1,NO DATA,NO DATA,NO DATA,NO DATA,NO DATA,NO DATA,NO DATA,NO DATA,NO DATA,NO DATA,NO DATA,NO DATA
a9c5d15f-1843-4fcc-87f2-faeb70a79cc1,10,NO DATA,33.0,31.0,NO DATA,NO DATA,36.0,29.2,22.7,13.2,NO DATA,NO DATA,NO DATA,NO DATA
aa45e909-0835-4e55-ae5e-17f138a9164d,10,28.4,31.4,NO DATA,NO DATA,NO DATA,NO DATA,NO DATA,NO DATA,NO DATA,NO DATA,NO DATA,NO DATA,NO DATA
aa4ff31f-ced8-4f9c-bc2f-46e512d79c7f,10,38.9,26.1,NO DATA,NO DATA,NO DATA,NO DATA,NO DATA,NO DATA,NO DATA,NO DATA,NO DATA,NO DATA,NO DATA
aa51b5e1-4b1b-4871-9b53-114809383787,8,NO DATA,NO DATA,NO DATA,NO DATA,NO DATA,NO DATA,NO DATA,26.2,NO DATA,NO DATA,NO DATA,NO DATA,NO DATA
aa55b901-9275-4f8d-bc9a-f389fd8b4a54,10,34.9,34.0,29.1,23.0,17.4,19.8,13.8,6.7,NO DATA,NO DATA,NO DATA,NO DATA,NO DATA
aa641569-0bc9-4e67-ab21-062913d71f52,12,NO DATA,NO DATA,NO DATA,NO DATA,NO DATA,NO DATA,NO DATA,NO DATA,44.1,48.6,NO DATA,39.1,29.3
aa92a17b-dd3c-4793-ad49-328697b9f0cb,8,NO DATA,NO DATA,NO DATA,NO DATA,NO DATA,NO DATA,45.4,NO DATA,NO DATA,NO DATA,NO DATA,NO DATA,NO DATA
aa9ed857-82b8-4ae8-8fb6-36b7420b40c1,10,36.2,37.6,NO DATA,NO DATA,NO DATA,NO DATA,NO DATA,NO DATA,NO DATA,NO DATA,NO DATA,NO DATA,NO DATA
aae24563-3eb1-4474-a8ff-a97851af7305,10,31.0,31.9,30.3,33.4,30.8,32.5,26.0,NO DATA,35.7,35.1,NO DATA,NO DATA,NO DATA
aae66ee8-df80-43bc-9f17-e5ed37abec16,8,NO DATA,NO DATA,NO DATA,21.9,21.5,23.1,NO DATA,NO DATA,NO DATA,NO DATA,NO DATA,NO DATA,NO DATA
aae66ee8-df80-43bc-9f17-e5ed37abec16,10,NO DATA,3.1,NO DATA,NO DATA,30.5,22.3,13.2,27.4,NO DATA,NO DATA,NO DATA,NO DATA,NO DATA
ab1ca0b2-9d7d-410b-ac3b-79642d6307f7,10,27.2,26.8,24.8,19.7,NO DATA,NO DATA,NO DATA,NO DATA,42.1,40.4,NO DATA,26.6,23.8
ab2875a6-2711-48eb-bfe9-65648bc1db80,10,35.7,33.5,34.9,NO DATA,30.9,31.1,NO DATA,NO DATA,NO DATA,NO DATA,NO DATA,NO DATA,NO DATA
ab4e8b30-5b2e-40d3-a0e2-ecdbf99c6d78,6,NO DATA,NO DATA,NO DATA,NO DATA,NO DATA,NO DATA,NO DATA,NO DATA,NO DATA,31.3,NO DATA,NO DATA,NO DATA
ab8c5c60-acf4-4728-a3d8-244d7f0f964a,6,NO DATA,NO DATA,NO DATA,NO DATA,NO DATA,NO DATA,NO DATA,NO DATA,NO DATA,30.4,26.7,11.5,NO DATA
abdc4ec8-e409-4cfc-82fc-5c519533448d,8,NO DATA,NO DATA,NO DATA,NO DATA,NO DATA,NO DATA,36.6,33.3,31.1,NO DATA,NO DATA,19.9,19.4
ac1fa0c3-4005-413d-a2ac-756479f868a1,6,17.5,NO DATA,NO DATA,NO DATA,NO DATA,NO DATA,NO DATA,NO DATA,NO DATA,NO DATA,NO DATA,NO DATA,NO DATA
ac2601af-2c09-4442-a02d-04e6f0903c72,10,14.5,14.0,11.2,9.5,NO DATA,NO DATA,NO DATA,NO DATA,NO DATA,NO DATA,NO DATA,NO DATA,NO DATA
ac458bf9-d0a0-41d6-a42d-e2bdeb5bee38,10,NO DATA,38.0,36.2,NO DATA,NO DATA,NO DATA,NO DATA,35.5,37.2,NO DATA,NO DATA,NO DATA,NO DATA
ac6c5834-156c-4d06-9bf3-4471d7804984,6,24.8,NO DATA,NO DATA,NO DATA,NO DATA,NO DATA,NO DATA,NO DATA,NO DATA,NO DATA,NO DATA,NO DATA,NO DATA
ac87d4df-e8ed-481f-81fe-929f2e9805d3,10,26.3,32.1,NO DATA,33.2,NO DATA,NO DATA,NO DATA,NO DATA,NO DATA,NO DATA,NO DATA,NO DATA,NO DATA
aca4dfe3-4bca-46ef-875a-19b052cd1f6a,10,NO DATA,NO DATA,NO DATA,36.2,34.7,NO DATA,NO DATA,NO DATA,NO DATA,NO DATA,NO DATA,NO DATA,NO DATA
aca958ae-c6a4-4940-934f-4a23cd1ba720,10,NO DATA,NO DATA,NO DATA,33.1,30.8,26.4,24.9,12.6,38.2,38.2,NO DATA,NO DATA,NO DATA
acad0584-eda1-490a-90fa-486675822627,10,8.9,27.5,NO DATA,NO DATA,NO DATA,NO DATA,NO DATA,NO DATA,NO DATA,NO DATA,NO DATA,NO DATA,NO DATA
accb0137-242f-4c18-95da-d97ac3df0bee,10,NO DATA,NO DATA,29.9,NO DATA,28.5,NO DATA,NO DATA,NO DATA,NO DATA,NO DATA,NO DATA,NO DATA,NO DATA
acdb6f02-9066-40a6-9063-2d5441a0987b,10,NO DATA,NO DATA,NO DATA,NO DATA,NO DATA,NO DATA,NO DATA,41.2,NO DATA,NO DATA,NO DATA,NO DATA,NO DATA
acec9296-8947-4b81-98d7-db52410b8bfa,8,NO DATA,NO DATA,NO DATA,NO DATA,NO DATA,NO DATA,NO DATA,38.4,NO DATA,NO DATA,NO DATA,NO DATA,NO DATA
aceeb983-49c2-4e3e-a748-d60cc895266d,10,32.1,30.3,30.4,29.3,27.4,27.6,27.0,18.9,35.1,43.8,NO DATA,35.3,31.6
acf2380e-b10c-42d7-a9a8-58d631386e69,6,16.6,NO DATA,NO DATA,NO DATA,NO DATA,NO DATA,NO DATA,NO DATA,NO DATA,NO DATA,NO DATA,NO DATA,NO DATA
ad0c85b4-9d44-49ae-8ba7-a1db43ede559,10,35.2,36.1,35.4,36.5,33.5,34.5,20.9,26.3,NO DATA,NO DATA,22.1,48.9,43.3
ad0fc7c1-5bf1-4d22-a743-b8f16365505d,10,31.6,32.8,38.2,27.9,NO DATA,NO DATA,NO DATA,NO DATA,NO DATA,NO DATA,NO DATA,NO DATA,NO DATA
ad13353c-9691-4a49-b186-7b65d1561b98,10,38.7,37.9,32.0,29.6,NO DATA,NO DATA,NO DATA,NO DATA,27.0,24.5,NO DATA,NO DATA,NO DATA
ad1eee40-1dd6-410d-ac1e-72023657616b,10,33.2,NO DATA,NO DATA,NO DATA,NO DATA,NO DATA,NO DATA,NO DATA,NO DATA,NO DATA,NO DATA,NO DATA,NO DATA
ad3685b8-a2e6-40b4-8c30-ea0a6765a46c,10,32.6,43.2,NO DATA,NO DATA,NO DATA,42.9,NO DATA,36.7,32.7,NO DATA,NO DATA,NO DATA,NO DATA
ad805851-70e3-48b4-ba14-93a2a2edaace,12,NO DATA,NO DATA,NO DATA,NO DATA,NO DATA,34.1,40.3,NO DATA,NO DATA,NO DATA,NO DATA,NO DATA,NO DATA
ad950107-c3ea-4e39-8e81-bfb7aa6437fd,10,31.3,35.4,31.0,27.2,NO DATA,44.5,28.3,22.9,22.0,NO DATA,NO DATA,NO DATA,NO DATA
adab2149-e457-4548-841c-371b24a2b424,8,NO DATA,NO DATA,NO DATA,NO DATA,NO DATA,NO DATA,NO DATA,NO DATA,31.9,31.6,NO DATA,22.0,20.8
adc914bb-5690-44c4-8934-1dcf922b7147,10,NO DATA,NO DATA,NO DATA,NO DATA,NO DATA,NO DATA,NO DATA,NO DATA,44.7,NO DATA,NO DATA,NO DATA,NO DATA
add5f937-6221-4068-a298-fa87f3cb4c6f,6,21.0,20.7,NO DATA,NO DATA,23.2,24.1,NO DATA,NO DATA,NO DATA,NO DATA,NO DATA,NO DATA,NO DATA
adfb0973-a3f7-49f5-b8c1-683e0fd4ec64,10,NO DATA,35.5,38.5,40.6,38.1,37.2,38.6,NO DATA,NO DATA,NO DATA,NO DATA,NO DATA,NO DATA
ae127a5f-6b78-4e3c-82ee-864f409c2865,10,NO DATA,31.9,30.5,25.7,22.8,NO DATA,NO DATA,NO DATA,48.9,61.0,NO DATA,38.2,35.1
ae19fde1-4186-4ec9-8a91-6026c2329311,10,26.9,29.9,27.5,NO DATA,NO DATA,NO DATA,NO DATA,NO DATA,NO DATA,NO DATA,NO DATA,NO DATA,NO DATA
ae1e73a3-33e9-44b1-9b27-bf4b855e07f9,10,30.8,34.6,NO DATA,NO DATA,36.1,32.3,32.0,NO DATA,NO DATA,NO DATA,NO DATA,NO DATA,NO DATA
ae2ce404-4b3c-4388-8d12-b1107bc019fd,10,22.1,23.0,NO DATA,NO DATA,NO DATA,NO DATA,7.7,NO DATA,NO DATA,NO DATA,NO DATA,NO DATA,NO DATA
ae4d6f67-86e6-46c0-b720-52b86cbfb41f,10,NO DATA,41.4,42.6,50.5,NO DATA,NO DATA,35.4,NO DATA,NO DATA,NO DATA,NO DATA,NO DATA,NO DATA
ae54a21a-cdf1-4ba2-a334-0c3c09d06def,10,NO DATA,NO DATA,NO DATA,NO DATA,NO DATA,NO DATA,NO DATA,NO DATA,NO DATA,36.5,34.2,33.6,25.7
ae5d731d-ad3c-41f2-b508-4be5bcb612dd,10,NO DATA,45.9,57.4,54.9,56.9,53.4,32.6,NO DATA,25.5,NO DATA,NO DATA,39.0,39.0
ae8e9f98-a16d-4379-a33e-6a27a20ffde4,10,25.6,28.8,25.9,25.0,23.2,24.4,15.6,9.0,47.0,NO DATA,NO DATA,40.9,40.2
ae9e7b61-9a1e-4cd2-a00c-f017b2d6d6f5,6,28.1,26.2,NO DATA,NO DATA,NO DATA,NO DATA,NO DATA,NO DATA,NO DATA,NO DATA,NO DATA,NO DATA,NO DATA
aea239e7-0b9d-46b4-8101-4cfb1cac9422,8,NO DATA,NO DATA,NO DATA,NO DATA,NO DATA,NO DATA,32.7,29.6,22.3,23.8,NO DATA,19.2,16.2
aebc9a74-ffee-45d7-b3c9-edff954b8522,12,NO DATA,NO DATA,NO DATA,NO DATA,NO DATA,NO DATA,NO DATA,NO DATA,43.8,46.1,NO DATA,NO DATA,NO DATA
aeeaf350-a46a-41e8-9c37-df71fd57872b,10,34.7,28.0,28.9,NO DATA,NO DATA,36.8,NO DATA,NO DATA,NO DATA,NO DATA,NO DATA,NO DATA,NO DATA
aeef8200-9239-460e-81dd-f88c74b7a836,10,NO DATA,33.6,NO DATA,NO DATA,NO DATA,NO DATA,NO DATA,NO DATA,NO DATA,NO DATA,NO DATA,NO DATA,NO DATA
aeef8c11-e879-4736-9722-fcd22a36d883,10,29.3,NO DATA,NO DATA,NO DATA,NO DATA,NO DATA,NO DATA,NO DATA,NO DATA,NO DATA,NO DATA,NO DATA,NO DATA
af0ae41c-6bf2-48a3-9438-4f062112ae26,10,NO DATA,44.7,41.4,59.9,NO DATA,NO DATA,39.2,NO DATA,NO DATA,NO DATA,NO DATA,NO DATA,NO DATA
af321883-8ab8-42ff-9b25-5cedc0d97f60,8,NO DATA,NO DATA,NO DATA,NO DATA,NO DATA,NO DATA,NO DATA,35.1,33.4,30.5,NO DATA,NO DATA,NO DATA
af445f13-e161-4322-b001-e0c19f9daf33,10,31.7,29.7,27.0,18.4,14.4,11.9,7.9,NO DATA,42.2,45.6,NO DATA,34.6,34.9
af850312-5330-42eb-a5a0-50dd041cb4fd,10,NO DATA,28.4,NO DATA,NO DATA,NO DATA,NO DATA,32.9,NO DATA,NO DATA,NO DATA,NO DATA,NO DATA,NO DATA
afa2fb82-9c96-4be2-9ce3-02aec7dd3a0a,10,32.8,40.0,NO DATA,NO DATA,NO DATA,NO DATA,NO DATA,NO DATA,NO DATA,NO DATA,NO DATA,NO DATA,NO DATA
afb14da5-aa2b-4785-95db-8dd5636e71b9,8,NO DATA,NO DATA,NO DATA,NO DATA,NO DATA,NO DATA,NO DATA,52.0,31.0,NO DATA,NO DATA,NO DATA,NO DATA
afb45965-7968-4ba4-9ac2-e966206f549f,10,NO DATA,33.2,30.1,29.0,27.5,27.2,29.4,25.6,22.9,NO DATA,NO DATA,NO DATA,NO DATA
afc515fa-db95-4835-9ed9-9aacedc00512,10,NO DATA,36.0,29.1,24.2,NO DATA,NO DATA,46.2,49.0,37.4,NO DATA,NO DATA,NO DATA,NO DATA
afeffeed-74c0-4285-8425-9d57d8ee0441,8,NO DATA,NO DATA,NO DATA,NO DATA,NO DATA,30.6,NO DATA,NO DATA,NO DATA,NO DATA,NO DATA,NO DATA,NO DATA
b0079204-9bb6-4a7a-8f9d-45fab2ccde7f,10,37.1,41.3,NO DATA,NO DATA,NO DATA,NO DATA,NO DATA,NO DATA,NO DATA,NO DATA,NO DATA,NO DATA,NO DATA
b017514d-4e53-436d-bca1-2ec73394c1cc,6,19.7,35.6,NO DATA,NO DATA,26.9,28.3,23.6,20.2,NO DATA,NO DATA,NO DATA,NO DATA,NO DATA
b02c9b23-aa09-449c-8d4b-d869027449da,6,NO DATA,NO DATA,NO DATA,NO DATA,NO DATA,NO DATA,27.6,25.1,22.6,NO DATA,NO DATA,NO DATA,NO DATA
b03a58ce-07eb-429e-8c5c-3824c544034b,10,23.8,23.1,17.2,14.6,NO DATA,NO DATA,NO DATA,NO DATA,37.3,NO DATA,NO DATA,NO DATA,NO DATA
b065a77d-dbb7-45a4-9a46-efe50a2df694,10,29.7,29.4,23.4,8.8,NO DATA,NO DATA,NO DATA,NO DATA,40.7,45.7,NO DATA,24.8,25.5
b0721c2b-69c4-4f78-aee9-286c8c285017,10,NO DATA,NO DATA,NO DATA,NO DATA,29.5,18.9,10.2,NO DATA,NO DATA,NO DATA,NO DATA,NO DATA,NO DATA
b08e1535-bf4b-4461-9f8c-e60a2b4f8370,10,29.4,31.3,29.4,27.2,23.5,24.2,21.8,18.5,15.2,9.4,NO DATA,NO DATA,NO DATA
b096c97d-fff0-4846-9c51-eb3528b6497d,10,34.2,39.7,44.1,35.0,33.7,40.8,36.3,32.8,30.4,27.8,NO DATA,NO DATA,NO DATA
b0a22962-5e82-4518-b4b4-dd3fee9cfcf9,10,26.0,28.6,29.1,27.2,24.4,22.4,27.7,28.2,26.2,30.6,NO DATA,11.8,11.5
b0a36e24-090d-47a4-9388-2d09ac9ca137,8,NO DATA,NO DATA,NO DATA,NO DATA,NO DATA,52.1,42.2,NO DATA,NO DATA,NO DATA,NO DATA,NO DATA,NO DATA
b0e757c6-1b8d-4360-b0b9-d77bf897dab1,12,NO DATA,NO DATA,NO DATA,NO DATA,NO DATA,NO DATA,56.0,55.5,NO DATA,NO DATA,NO DATA,NO DATA,NO DATA
b0f81cbb-7141-4025-9965-6d54aab519a6,10,28.5,NO DATA,NO DATA,NO DATA,NO DATA,NO DATA,NO DATA,NO DATA,NO DATA,NO DATA,NO DATA,29.7,29.7
b1021ddd-e2fe-4e34-aef2-bc2c4655fe12,10,33.5,37.0,NO DATA,NO DATA,NO DATA,NO DATA,32.7,NO DATA,NO DATA,NO DATA,NO DATA,NO DATA,NO DATA
b105fae6-8657-4640-a493-18fa21a60f3a,10,31.2,34.3,NO DATA,35.5,31.5,38.7,26.3,NO DATA,NO DATA,NO DATA,NO DATA,NO DATA,NO DATA
b1184eb1-7550-4c0c-9646-ca80984ac701,8,30.1,25.8,NO DATA,NO DATA,NO DATA,NO DATA,NO DATA,NO DATA,NO DATA,NO DATA,NO DATA,NO DATA,NO DATA
b11d0f77-b061-43ea-9148-1275b7993855,8,NO DATA,NO DATA,NO DATA,NO DATA,NO DATA,NO DATA,NO DATA,46.7,NO DATA,NO DATA,NO DATA,NO DATA,NO DATA
b11ea52d-5ff1-4750-9759-80a95ad7449b,6,NO DATA,NO DATA,NO DATA,NO DATA,NO DATA,NO DATA,34.5,NO DATA,NO DATA,NO DATA,NO DATA,NO DATA,NO DATA
b1600cc1-9ed8-4f13-b2b6-0853affc87f4,6,NO DATA,NO DATA,NO DATA,NO DATA,NO DATA,NO DATA,28.7,NO DATA,NO DATA,NO DATA,NO DATA,NO DATA,NO DATA
b18a8599-de52-45fd-9a03-3aba0bfcdbce,10,32.3,36.4,33.0,34.0,32.2,38.8,35.9,32.9,34.0,29.0,NO DATA,25.0,23.1
b1ac91b5-4bc4-49fd-a7fc-56f3c499f649,10,NO DATA,37.6,35.5,35.1,33.4,NO DATA,NO DATA,NO DATA,NO DATA,NO DATA,NO DATA,NO DATA,NO DATA
b1b7baab-5141-40f9-9c2c-ec7ecc7d16e1,10,33.7,31.9,NO DATA,39.4,NO DATA,NO DATA,NO DATA,NO DATA,NO DATA,NO DATA,NO DATA,NO DATA,NO DATA
b1be1494-562e-4a54-86e5-7ab59b3c8a11,10,NO DATA,NO DATA,NO DATA,37.6,NO DATA,NO DATA,NO DATA,NO DATA,NO DATA,NO DATA,NO DATA,NO DATA,NO DATA
b1ce5685-0e34-47ef-a863-4b44bcff585e,10,33.3,NO DATA,NO DATA,NO DATA,NO DATA,NO DATA,NO DATA,NO DATA,NO DATA,NO DATA,NO DATA,NO DATA,NO DATA
b1d59e21-d313-49bb-ba10-ca17130b5d85,10,32.0,41.0,39.3,34.4,NO DATA,NO DATA,35.9,44.0,NO DATA,NO DATA,NO DATA,NO DATA,NO DATA
b1d7b799-9f4b-4c1f-8a8a-d59c5304708d,10,34.3,36.7,40.3,NO DATA,NO DATA,NO DATA,NO DATA,NO DATA,NO DATA,NO DATA,NO DATA,NO DATA,NO DATA
b1df80ef-496f-4a94-8bd0-3f92aab67f1b,10,24.1,26.6,23.7,NO DATA,NO DATA,NO DATA,36.3,29.4,NO DATA,NO DATA,NO DATA,NO DATA,NO DATA
b1f5d516-f25e-422e-ba7b-70556ba1568d,6,24.3,24.7,23.9,22.1,NO DATA,23.9,22.9,12.7,NO DATA,NO DATA,NO DATA,NO DATA,NO DATA
b1f79d3c-7f99-4c05-943c-acf4a33544f3,6,19.9,27.0,26.1,26.8,26.6,25.8,21.9,13.7,27.9,28.4,17.6,22.7,23.0
b21e189f-6fc6-46ae-9a66-e2a37603347b,10,NO DATA,34.3,27.7,26.2,NO DATA,NO DATA,NO DATA,NO DATA,NO DATA,NO DATA,NO DATA,NO DATA,NO DATA
b2224ab2-ec77-4134-9189-1533f54f4ffb,6,NO DATA,NO DATA,NO DATA,NO DATA,NO DATA,30.1,25.4,24.0,19.3,16.5,NO DATA,NO DATA,NO DATA
b2289bf1-c920-4d7f-8cc9-7eb556fc16c5,10,29.3,NO DATA,NO DATA,NO DATA,NO DATA,NO DATA,NO DATA,NO DATA,NO DATA,NO DATA,NO DATA,NO DATA,NO DATA
b2297f9f-76c8-425b-9d48-53401436cbc8,10,NO DATA,NO DATA,NO DATA,NO DATA,NO DATA,NO DATA,40.0,38.8,29.6,31.5,NO DATA,NO DATA,NO DATA
b22dbea6-1dd1-4458-b49d-78a758a8174e,6,20.0,18.9,18.0,16.5,16.3,NO DATA,32.9,30.9,28.7,24.2,NO DATA,21.4,20.2
b234b42b-5f80-48f1-93dc-776270c83d27,8,NO DATA,NO DATA,NO DATA,NO DATA,NO DATA,NO DATA,33.7,31.5,29.5,NO DATA,NO DATA,NO DATA,NO DATA
b234b9be-d6f1-4a9b-9986-8b3ab03bddfa,10,NO DATA,NO DATA,56.0,NO DATA,66.6,62.1,66.6,70.3,NO DATA,NO DATA,NO DATA,NO DATA,NO DATA
b2445075-0771-44aa-8d5a-ec530ed1f58b,6,19.7,31.8,NO DATA,NO DATA,NO DATA,29.6,28.1,22.5,20.7,15.5,NO DATA,NO DATA,NO DATA
b257bea7-3eae-405d-9e03-1e279dd505bd,8,NO DATA,NO DATA,NO DATA,NO DATA,NO DATA,NO DATA,39.9,NO DATA,NO DATA,NO DATA,NO DATA,NO DATA,NO DATA
b27f082d-4843-489d-ac68-893971b2f72a,8,NO DATA,NO DATA,NO DATA,NO DATA,NO DATA,NO DATA,48.2,46.3,29.5,NO DATA,NO DATA,29.2,29.2
b2a8a447-658f-41ca-8c35-3d105b601c7d,10,32.0,30.7,NO DATA,NO DATA,NO DATA,NO DATA,30.1,NO DATA,NO DATA,NO DATA,NO DATA,NO DATA,NO DATA
b2c37106-b7d5-4794-8446-7323edbf67e2,10,NO DATA,21.8,15.3,NO DATA,NO DATA,NO DATA,NO DATA,NO DATA,NO DATA,NO DATA,NO DATA,NO DATA,NO DATA
b2cd1411-e544-431f-b06b-5e520eeb8f98,10,NO DATA,NO DATA,NO DATA,NO DATA,NO DATA,NO DATA,NO DATA,NO DATA,55.5,39.2,36.5,NO DATA,NO DATA
b2d438dc-36d8-4114-aa98-bc4277f817b4,8,NO DATA,NO DATA,NO DATA,NO DATA,NO DATA,NO DATA,NO DATA,31.9,38.6,31.7,22.7,14.8,NO DATA
b3025305-ec72-451d-ab74-58f4d1ec2638,6,NO DATA,32.4,32.2,NO DATA,NO DATA,NO DATA,NO DATA,NO DATA,NO DATA,NO DATA,NO DATA,NO DATA,NO DATA
b30c0a9a-bad2-4347-ada8-2dc655d1afb3,10,NO DATA,42.4,42.0,NO DATA,NO DATA,NO DATA,NO DATA,NO DATA,NO DATA,NO DATA,NO DATA,NO DATA,NO DATA
b3274147-f29b-4b91-8fe8-1d0444827960,10,NO DATA,NO DATA,NO DATA,NO DATA,NO DATA,NO DATA,NO DATA,NO DATA,NO DATA,NO DATA,55.2,NO DATA,NO DATA
b328abba-b54f-4684-a7e3-ce0e09744980,10,35.4,32.5,32.7,34.7,NO DATA,NO DATA,NO DATA,NO DATA,NO DATA,NO DATA,NO DATA,NO DATA,NO DATA
b3304211-628d-4aa7-8ef4-578e07e7f8a0,6,NO DATA,NO DATA,NO DATA,NO DATA,NO DATA,NO DATA,25.4,26.9,26.4,26.1,25.1,23.2,23.2
b33b90c1-93f4-4209-b8f0-2553c80a111d,10,NO DATA,NO DATA,NO DATA,32.6,28.9,NO DATA,NO DATA,NO DATA,NO DATA,NO DATA,NO DATA,NO DATA,NO DATA
b34b1424-9383-4898-abbe-26187078a959,6,25.4,36.3,NO DATA,NO DATA,NO DATA,37.6,NO DATA,NO DATA,NO DATA,NO DATA,NO DATA,NO DATA,NO DATA
b35d0bb2-069c-471e-a757-5511b4ede7a9,10,32.0,39.4,40.9,31.1,6.7,8.6,NO DATA,NO DATA,NO DATA,NO DATA,NO DATA,NO DATA,NO DATA
b373e7dd-561d-4d6f-beea-1182533967cd,12,NO DATA,38.3,28.3,NO DATA,NO DATA,NO DATA,NO DATA,NO DATA,NO DATA,NO DATA,NO DATA,NO DATA,NO DATA
b38768a0-14f6-4d4e-955a-a594e1db3eca,10,NO DATA,36.5,32.0,NO DATA,NO DATA,NO DATA,NO DATA,NO DATA,37.2,38.3,NO DATA,21.5,20.8
b3898c55-5830-4064-9833-2e47b3e444da,8,NO DATA,NO DATA,NO DATA,NO DATA,NO DATA,NO DATA,NO DATA,32.1,31.6,30.2,NO DATA,NO DATA,NO DATA
b38ba04d-5485-4e5a-ba2b-3b73652092fc,10,34.0,35.4,NO DATA,NO DATA,NO DATA,NO DATA,30.8,29.8,NO DATA,NO DATA,NO DATA,NO DATA,NO DATA
b39388a2-44c7-451e-b046-4991de48214d,8,NO DATA,NO DATA,NO DATA,NO DATA,48.0,44.5,38.2,36.2,30.3,31.7,34.0,NO DATA,NO DATA
b3a05170-5ab3-42fd-ba72-c25596867ac8,10,29.6,33.2,NO DATA,NO DATA,NO DATA,NO DATA,NO DATA,NO DATA,NO DATA,NO DATA,NO DATA,NO DATA,NO DATA
b3ad6c03-e96b-4fd8-950b-aac7fc1f85bd,10,27.9,31.6,30.9,27.8,24.3,18.5,12.1,41.8,42.3,39.5,35.0,40.1,NO DATA
b3b46386-88d7-40ef-90c8-039156bb7b57,10,NO DATA,NO DATA,38.5,NO DATA,NO DATA,NO DATA,NO DATA,NO DATA,NO DATA,NO DATA,NO DATA,NO DATA,NO DATA
b3cb0f79-c0c9-460b-aa57-2bc0c9c6b27f,10,29.6,30.2,25.8,NO DATA,NO DATA,NO DATA,NO DATA,NO DATA,44.1,49.8,NO DATA,32.0,30.9
b3dae80f-6378-40a9-a9b1-679d71649dfd,6,NO DATA,25.4,NO DATA,NO DATA,NO DATA,NO DATA,NO DATA,NO DATA,NO DATA,NO DATA,NO DATA,NO DATA,NO DATA
b3f1057a-6f63-43a7-9397-97123a1b68ec,12,NO DATA,NO DATA,NO DATA,NO DATA,NO DATA,NO DATA,NO DATA,38.6,34.7,NO DATA,NO DATA,NO DATA,NO DATA
b425edde-a21e-46f8-b770-f2552d20da83,8,NO DATA,NO DATA,NO DATA,NO DATA,NO DATA,NO DATA,NO DATA,NO DATA,NO DATA,NO DATA,19.9,34.2,35.5
b42734ad-5216-40e8-8fba-027d5f06d63a,10,29.8,NO DATA,NO DATA,NO DATA,NO DATA,NO DATA,NO DATA,NO DATA,NO DATA,NO DATA,NO DATA,NO DATA,NO DATA
b428973d-77f9-422f-abfb-77ee2a59db6b,10,25.8,28.2,30.7,27.8,23.8,23.6,NO DATA,NO DATA,NO DATA,NO DATA,NO DATA,NO DATA,NO DATA
b434c7da-6087-4c1e-bc38-d6c3351872bd,10,NO DATA,NO DATA,36.6,34.5,34.4,32.1,35.3,34.8,31.3,31.4,21.3,19.8,17.6
b440c119-8789-4773-99a5-209a5eabd7be,10,32.2,31.5,29.4,NO DATA,NO DATA,NO DATA,NO DATA,NO DATA,NO DATA,NO DATA,NO DATA,NO DATA,NO DATA
b4621c4a-759b-42a3-a548-3e4245bcb2e1,6,NO DATA,NO DATA,NO DATA,NO DATA,NO DATA,NO DATA,NO DATA,NO DATA,NO DATA,NO DATA,NO DATA,21.3,NO DATA
b466ff9a-12e5-459e-a876-f206e457b617,10,NO DATA,NO DATA,NO DATA,30.0,NO DATA,NO DATA,NO DATA,NO DATA,NO DATA,NO DATA,NO DATA,NO DATA,NO DATA
b46d6dc0-67ea-4b8e-8685-fe872fe9be02,10,NO DATA,NO DATA,NO DATA,NO DATA,NO DATA,NO DATA,NO DATA,NO DATA,41.0,40.3,31.8,31.3,30.8
b47221ea-3f5d-423a-98bd-bec8ab35476d,10,32.3,33.5,31.6,35.5,33.5,32.5,29.4,29.9,30.2,32.2,NO DATA,NO DATA,NO DATA
b47fe529-73e0-4a01-ab9b-bd6f3faebd69,10,NO DATA,NO DATA,NO DATA,NO DATA,NO DATA,NO DATA,NO DATA,NO DATA,NO DATA,25.6,47.7,31.9,30.6
b4b4700a-d343-4163-9225-ef9e6661bd2e,10,NO DATA,NO DATA,34.9,38.1,NO DATA,NO DATA,NO DATA,NO DATA,NO DATA,NO DATA,NO DATA,NO DATA,NO DATA
b4bcee4d-1d12-4b17-87b7-d48f0e13fc8a,10,31.1,40.0,NO DATA,NO DATA,NO DATA,NO DATA,NO DATA,NO DATA,NO DATA,NO DATA,NO DATA,NO DATA,NO DATA
b4d5ac16-6a5a-463e-bcda-c0d8d40f1ba2,10,28.8,30.0,24.5,18.4,18.0,NO DATA,51.2,NO DATA,NO DATA,NO DATA,NO DATA,NO DATA,NO DATA
b4f1698f-06da-46b5-a137-0b2e7eed74ed,6,NO DATA,NO DATA,23.3,NO DATA,NO DATA,NO DATA,NO DATA,NO DATA,NO DATA,NO DATA,NO DATA,NO DATA,NO DATA
b4ff2876-7a28-4c1b-abb3-8bb45b8c71c2,10,29.3,33.0,31.3,29.0,27.3,27.0,NO DATA,27.9,25.8,NO DATA,NO DATA,NO DATA,NO DATA
b51c4206-3d69-43be-af67-69193d04644a,6,NO DATA,NO DATA,NO DATA,NO DATA,NO DATA,NO DATA,NO DATA,NO DATA,NO DATA,28.5,NO DATA,NO DATA,NO DATA
b52293af-068a-4c04-9ecc-9d9b22e366b9,10,NO DATA,NO DATA,38.0,31.6,26.8,28.4,17.9,11.1,NO DATA,NO DATA,NO DATA,NO DATA,NO DATA
b5306964-bc0c-41f3-8fea-871dcc9b3ab8,12,40.1,43.7,40.3,36.4,NO DATA,35.7,27.4,21.7,20.9,NO DATA,NO DATA,NO DATA,NO DATA
b531be50-929a-45db-b09a-6b485d574ff8,10,NO DATA,NO DATA,NO DATA,NO DATA,NO DATA,NO DATA,NO DATA,NO DATA,42.5,NO DATA,NO DATA,NO DATA,NO DATA
b53c8118-ce45-4073-bf06-f12302644c83,8,NO DATA,NO DATA,NO DATA,NO DATA,NO DATA,NO DATA,42.1,NO DATA,NO DATA,NO DATA,NO DATA,NO DATA,NO DATA
b5651e0a-67dc-408b-b480-23c861299dd0,8,NO DATA,NO DATA,NO DATA,NO DATA,NO DATA,NO DATA,31.2,NO DATA,NO DATA,NO DATA,NO DATA,NO DATA,NO DATA
b56ee86d-6152-489d-9a57-41dad2a634b4,6,NO DATA,NO DATA,NO DATA,NO DATA,NO DATA,NO DATA,27.9,NO DATA,NO DATA,NO DATA,NO DATA,NO DATA,NO DATA
b57e1660-1466-4fe8-8f5d-2526c8617d5e,8,NO DATA,NO DATA,NO DATA,NO DATA,NO DATA,NO DATA,NO DATA,35.1,34.6,32.9,30.5,19.3,15.6
b580319d-7856-4d86-abc4-4c53cfd782ab,6,23.4,NO DATA,NO DATA,15.6,NO DATA,NO DATA,NO DATA,NO DATA,NO DATA,NO DATA,NO DATA,NO DATA,NO DATA
b5d560fd-2578-40ae-a890-dca04eacaba9,6,NO DATA,NO DATA,NO DATA,NO DATA,NO DATA,NO DATA,NO DATA,NO DATA,NO DATA,21.9,24.7,14.3,NO DATA
b5dc3554-ad9e-45f0-afc9-c3f5f7fd1dde,10,NO DATA,36.1,NO DATA,NO DATA,NO DATA,NO DATA,NO DATA,NO DATA,NO DATA,NO DATA,NO DATA,NO DATA,NO DATA
b5dece59-985c-4350-9526-cf7373ae4cfb,10,NO DATA,36.7,31.1,29.3,27.1,29.7,27.3,24.7,24.8,23.0,NO DATA,12.2,11.9
b5f96502-25aa-4ee8-a361-97f4380ea4f0,10,30.2,35.8,NO DATA,NO DATA,NO DATA,NO DATA,NO DATA,NO DATA,NO DATA,NO DATA,NO DATA,NO DATA,NO DATA
b608023e-8905-40b6-bd02-64915649c516,6,NO DATA,NO DATA,NO DATA,NO DATA,NO DATA,NO DATA,NO DATA,NO DATA,27.8,NO DATA,NO DATA,NO DATA,NO DATA
b61a52de-3cff-4db6-a6c0-6ea3ef962107,10,NO DATA,32.8,19.9,8.6,NO DATA,NO DATA,NO DATA,NO DATA,NO DATA,NO DATA,NO DATA,NO DATA,NO DATA
b62c57f0-425f-4c05-888c-1e7c3c21dd10,10,NO DATA,40.6,39.2,34.2,32.4,36.4,36.9,33.9,33.3,32.1,NO DATA,NO DATA,NO DATA
b63547ff-5563-4484-9a1a-a0a5839435b6,10,36.4,35.8,NO DATA,42.1,NO DATA,NO DATA,NO DATA,NO DATA,NO DATA,NO DATA,NO DATA,NO DATA,NO DATA
b63fd2f1-a210-4621-bc63-157226412870,8,NO DATA,NO DATA,NO DATA,NO DATA,NO DATA,38.2,33.5,30.0,29.1,NO DATA,NO DATA,NO DATA,NO DATA
b656e181-d196-437f-9f0c-ab85bfeb5217,6,NO DATA,25.9,25.4,20.8,17.1,18.3,NO DATA,NO DATA,NO DATA,NO DATA,NO DATA,NO DATA,NO DATA
b6627345-7c45-4e5c-8a3f-a618f7972336,10,36.2,NO DATA,NO DATA,NO DATA,NO DATA,NO DATA,NO DATA,NO DATA,NO DATA,NO DATA,NO DATA,NO DATA,NO DATA
b6ae57e5-7fc6-40cf-94d6-87b4c5919cdd,10,NO DATA,NO DATA,NO DATA,NO DATA,NO DATA,NO DATA,NO DATA,NO DATA,45.4,NO DATA,NO DATA,NO DATA,NO DATA
b6af8a58-7a9a-4f0e-93a0-232b2381a91c,10,33.6,NO DATA,NO DATA,NO DATA,NO DATA,NO DATA,NO DATA,NO DATA,NO DATA,NO DATA,NO DATA,NO DATA,NO DATA
b6c89b07-9940-47eb-8579-e485f73f5483,6,NO DATA,NO DATA,NO DATA,NO DATA,NO DATA,NO DATA,23.0,36.3,NO DATA,NO DATA,NO DATA,NO DATA,NO DATA
b6e81d66-6b20-4f4d-a99a-1ab52debd678,10,NO DATA,36.8,38.0,30.6,32.3,31.8,NO DATA,NO DATA,NO DATA,NO DATA,NO DATA,NO DATA,NO DATA
b6f74ad1-c8ec-4b54-a386-5052b6a8bec1,10,31.1,34.4,NO DATA,NO DATA,NO DATA,34.9,38.0,NO DATA,NO DATA,NO DATA,NO DATA,NO DATA,NO DATA
b7208687-e814-49d5-a0c5-e51cf3269579,10,31.9,NO DATA,NO DATA,NO DATA,NO DATA,NO DATA,NO DATA,NO DATA,NO DATA,NO DATA,NO DATA,NO DATA,NO DATA
b7235bfd-3e10-4d87-b258-f66211d7b22c,6,NO DATA,27.8,24.7,15.8,NO DATA,NO DATA,NO DATA,NO DATA,NO DATA,NO DATA,NO DATA,NO DATA,NO DATA
b7458d8d-0c01-4848-9d25-379112374db1,10,NO DATA,40.1,38.7,34.7,33.9,43.7,41.5,40.8,34.4,32.4,11.7,NO DATA,NO DATA
b750bef3-7e20-4dbc-88b0-e96cec6c66ff,6,26.4,37.2,27.5,36.3,NO DATA,NO DATA,33.3,31.0,33.0,NO DATA,NO DATA,30.8,30.8
b7551d39-8bce-40aa-82b2-e0fc00837acb,10,30.4,31.4,30.6,27.2,24.8,27.4,32.4,19.6,11.2,NO DATA,NO DATA,NO DATA,NO DATA
b7779cdd-05cf-4180-93ce-eb242fd60052,10,NO DATA,NO DATA,NO DATA,NO DATA,45.6,44.9,40.5,29.3,21.4,NO DATA,NO DATA,NO DATA,NO DATA
b779c5cc-425c-4a74-8312-dfd6eb901f63,10,27.6,31.4,NO DATA,NO DATA,NO DATA,NO DATA,NO DATA,NO DATA,NO DATA,NO DATA,NO DATA,NO DATA,NO DATA
b7849a07-2f02-469e-93a0-9c83e32fa17e,6,NO DATA,NO DATA,NO DATA,35.6,NO DATA,NO DATA,NO DATA,NO DATA,NO DATA,NO DATA,NO DATA,NO DATA,NO DATA
b797b79f-158f-4165-9f35-51f85f7bcd1a,10,32.9,33.1,29.1,NO DATA,33.8,36.7,NO DATA,NO DATA,NO DATA,NO DATA,NO DATA,NO DATA,NO DATA
b7b43c8e-cbb5-4017-ac87-1f4d67bbeb44,10,NO DATA,NO DATA,NO DATA,NO DATA,60.0,NO DATA,NO DATA,NO DATA,NO DATA,NO DATA,NO DATA,NO DATA,NO DATA
b7d69715-10d5-4d0a-bb32-49b5ec1147e6,10,28.2,32.4,NO DATA,NO DATA,NO DATA,NO DATA,33.9,NO DATA,NO DATA,NO DATA,NO DATA,NO DATA,NO DATA
b7d6a406-c1e8-4e5d-9ba5-f4e376fa08a7,10,NO DATA,37.4,NO DATA,NO DATA,NO DATA,NO DATA,NO DATA,NO DATA,NO DATA,NO DATA,NO DATA,NO DATA,NO DATA
b7d9b28b-f2e4-4552-bbde-20c3c1b42ee8,10,28.9,30.9,NO DATA,NO DATA,NO DATA,34.4,34.3,30.8,NO DATA,NO DATA,NO DATA,NO DATA,NO DATA
b7fc95e5-ab01-4844-84c0-7b5e450f7fdc,10,31.9,30.8,30.1,31.3,NO DATA,NO DATA,NO DATA,NO DATA,NO DATA,NO DATA,NO DATA,NO DATA,NO DATA
b7ff0b1a-2775-47d7-979f-7be4fb6f667f,10,NO DATA,NO DATA,NO DATA,NO DATA,NO DATA,NO DATA,NO DATA,NO DATA,35.0,44.2,NO DATA,NO DATA,NO DATA
b8082a29-710b-4e28-b669-f2ebc3baeb31,12,NO DATA,NO DATA,NO DATA,NO DATA,NO DATA,NO DATA,NO DATA,NO DATA,50.1,42.9,NO DATA,NO DATA,NO DATA
b815ebca-0f98-4d8c-bd1e-7e95bb42c7fb,10,33.6,36.5,35.0,31.9,32.5,38.0,31.7,30.3,25.8,18.1,NO DATA,NO DATA,NO DATA
b825e902-99da-4eb2-82f8-f01e7440d602,8,NO DATA,NO DATA,NO DATA,NO DATA,NO DATA,NO DATA,35.6,32.6,26.0,12.1,NO DATA,NO DATA,NO DATA
b8269c83-2c45-4fd3-b148-75beed1ac7a9,10,NO DATA,NO DATA,32.4,29.8,27.6,33.7,29.1,30.5,24.8,NO DATA,NO DATA,NO DATA,NO DATA
b8285694-755a-4cfb-9440-e9511d8f64b5,10,18.1,NO DATA,NO DATA,NO DATA,NO DATA,NO DATA,NO DATA,NO DATA,NO DATA,NO DATA,NO DATA,NO DATA,NO DATA
b849d823-a3f4-4887-8614-ddcf23ad65d1,10,33.8,38.1,38.1,32.6,32.7,43.0,35.7,35.5,30.5,NO DATA,NO DATA,NO DATA,NO DATA
b871b1a7-9564-4911-92d7-880aa8522769,10,19.1,27.6,25.4,22.4,NO DATA,NO DATA,NO DATA,NO DATA,NO DATA,NO DATA,NO DATA,NO DATA,NO DATA
b8825852-7b65-4ca4-9786-570ffb4c35c3,8,NO DATA,NO DATA,NO DATA,NO DATA,NO DATA,NO DATA,37.1,33.9,28.5,NO DATA,NO DATA,NO DATA,NO DATA
b8852eaa-5f94-4160-9835-a565bdf6cbc8,6,24.6,27.1,24.6,23.6,21.4,24.2,24.6,21.8,17.1,17.2,NO DATA,NO DATA,NO DATA
b895fcf0-70ec-4e7a-b695-8f04892db5c6,10,NO DATA,NO DATA,33.6,NO DATA,NO DATA,28.4,30.6,NO DATA,NO DATA,NO DATA,NO DATA,NO DATA,NO DATA
b8abe538-e18d-4a99-aa4b-993058cc6037,10,27.7,30.8,31.4,31.7,27.4,29.0,30.5,NO DATA,25.3,23.4,NO DATA,22.7,22.7
b8af2bdd-5d27-4900-bc14-1d0202289c12,10,NO DATA,NO DATA,NO DATA,26.4,NO DATA,NO DATA,NO DATA,NO DATA,NO DATA,NO DATA,NO DATA,NO DATA,NO DATA
b8b2ea5a-01de-4235-9af7-541e250fb0e1,6,24.5,28.7,30.9,26.6,NO DATA,NO DATA,NO DATA,NO DATA,NO DATA,NO DATA,NO DATA,NO DATA,NO DATA
b8f9cddb-f35c-4864-bb3c-4f2ded8b32a4,8,NO DATA,NO DATA,NO DATA,NO DATA,NO DATA,NO DATA,49.1,NO DATA,NO DATA,NO DATA,NO DATA,NO DATA,NO DATA
b90ce681-cae7-45b7-bc3c-1c0adc130739,8,NO DATA,NO DATA,NO DATA,NO DATA,NO DATA,NO DATA,NO DATA,16.1,NO DATA,NO DATA,NO DATA,NO DATA,NO DATA
b92069c1-fe9f-4106-baa3-91ffe66a736b,10,32.1,36.9,34.2,33.5,34.2,37.9,37.2,33.7,34.0,NO DATA,NO DATA,NO DATA,NO DATA
b9247f2f-42a7-4aac-83d8-9a1fd99d01f4,8,NO DATA,NO DATA,NO DATA,NO DATA,NO DATA,NO DATA,38.8,39.3,NO DATA,NO DATA,NO DATA,NO DATA,NO DATA
b9344ff3-7585-4c43-ba01-885f4466df61,10,33.6,36.0,37.2,NO DATA,NO DATA,NO DATA,NO DATA,NO DATA,NO DATA,NO DATA,NO DATA,NO DATA,NO DATA
b94a6e64-b613-4af0-991d-71e1aed63c14,10,NO DATA,40.9,31.8,NO DATA,NO DATA,NO DATA,NO DATA,44.7,28.7,NO DATA,NO DATA,NO DATA,NO DATA
b94bbdcb-899f-4668-85a6-7628e0d58f69,10,NO DATA,36.6,33.2,28.6,15.7,24.7,12.1,12.4,9.0,NO DATA,NO DATA,34.5,NO DATA
b94db795-ece0-4089-9bed-e8d884c2fe6f,8,NO DATA,NO DATA,NO DATA,NO DATA,NO DATA,NO DATA,33.5,30.9,27.7,23.8,NO DATA,NO DATA,NO DATA
b95cb500-d806-4dc7-9fdf-9c4291fe6cd5,6,29.2,NO DATA,NO DATA,NO DATA,NO DATA,NO DATA,NO DATA,NO DATA,NO DATA,NO DATA,NO DATA,NO DATA,NO DATA
b978ca08-0686-442c-b750-d0cefceb3b5f,8,NO DATA,NO DATA,NO DATA,NO DATA,NO DATA,NO DATA,45.0,NO DATA,NO DATA,NO DATA,NO DATA,NO DATA,NO DATA
b97e8fb7-6ab5-4c90-a82f-72e87de67878,10,37.7,37.0,34.5,32.6,28.7,31.4,33.7,32.1,28.2,NO DATA,16.6,NO DATA,NO DATA
b9868d9b-d9e2-4e37-a3c9-46e4e86b42f5,8,NO DATA,32.8,29.4,28.2,NO DATA,NO DATA,NO DATA,NO DATA,NO DATA,NO DATA,NO DATA,NO DATA,NO DATA
b98feaa6-72a4-446a-8e3d-b6569e18d19a,10,NO DATA,NO DATA,NO DATA,NO DATA,NO DATA,NO DATA,NO DATA,NO DATA,64.6,NO DATA,NO DATA,NO DATA,NO DATA
b9a11782-4fa3-45c6-8820-65053da6c345,12,NO DATA,NO DATA,NO DATA,NO DATA,NO DATA,NO DATA,NO DATA,NO DATA,36.7,43.0,23.1,15.7,13.1
b9bd5399-e1dd-4d76-8992-957cc66a9005,10,NO DATA,32.9,34.2,NO DATA,NO DATA,NO DATA,34.9,31.8,NO DATA,NO DATA,NO DATA,NO DATA,NO DATA
b9e0189c-fcea-40c2-9357-b7cfe2e0df8b,10,30.0,33.9,26.5,NO DATA,NO DATA,NO DATA,NO DATA,NO DATA,36.9,34.5,NO DATA,26.5,26.6
b9edfbaa-2422-4545-a623-a1034c626ff5,10,35.6,52.4,NO DATA,NO DATA,NO DATA,NO DATA,NO DATA,NO DATA,NO DATA,NO DATA,NO DATA,NO DATA,NO DATA
b9f922d3-4202-439d-b163-07c1b5e0da1d,10,30.3,25.6,NO DATA,NO DATA,NO DATA,NO DATA,NO DATA,NO DATA,NO DATA,NO DATA,NO DATA,NO DATA,NO DATA
ba03e09e-202f-42ff-b596-630ded79503b,10,37.4,34.0,31.5,30.2,NO DATA,18.2,14.5,NO DATA,NO DATA,NO DATA,NO DATA,NO DATA,NO DATA
ba0ee6cf-3329-4e69-9cea-046687b08130,10,NO DATA,NO DATA,32.0,27.0,14.5,10.4,NO DATA,NO DATA,51.3,34.3,NO DATA,32.7,NO DATA
ba1f9f99-753d-4ef4-9042-d90cece57239,8,NO DATA,NO DATA,NO DATA,NO DATA,NO DATA,47.4,41.7,36.8,32.3,19.6,10.1,7.2,NO DATA
ba2525b4-2574-45ba-9825-f51382902bc6,6,NO DATA,NO DATA,NO DATA,NO DATA,NO DATA,NO DATA,NO DATA,28.3,26.1,21.3,19.6,8.7,NO DATA
ba254d74-4a6b-4aff-8256-186b03ad2c66,10,39.7,40.6,31.9,NO DATA,NO DATA,NO DATA,NO DATA,NO DATA,NO DATA,NO DATA,NO DATA,NO DATA,NO DATA
ba33412a-1378-4e42-9155-82d3f14fd561,10,NO DATA,NO DATA,NO DATA,NO DATA,NO DATA,NO DATA,NO DATA,NO DATA,51.2,39.0,35.4,33.0,32.9
ba4688e8-62b3-4a72-bb55-75c458b9bd03,10,31.3,NO DATA,NO DATA,NO DATA,NO DATA,NO DATA,NO DATA,NO DATA,NO DATA,NO DATA,NO DATA,NO DATA,NO DATA
ba48f7a5-8f83-4329-bc8e-04e7da6fad8e,10,35.0,35.8,34.1,32.4,30.5,32.6,29.7,26.7,21.9,15.5,NO DATA,NO DATA,NO DATA
ba4d66c3-2200-4310-b52d-04e6e036c44f,8,NO DATA,NO DATA,NO DATA,NO DATA,NO DATA,NO DATA,46.4,NO DATA,NO DATA,NO DATA,NO DATA,NO DATA,NO DATA
ba74592f-862f-4057-8175-bc6f1bdff190,10,20.8,40.1,NO DATA,NO DATA,NO DATA,NO DATA,30.1,NO DATA,NO DATA,NO DATA,NO DATA,NO DATA,NO DATA
ba87a5ff-a70c-4452-aa4a-26e37da5296a,10,27.5,38.7,NO DATA,NO DATA,NO DATA,38.0,28.8,NO DATA,NO DATA,NO DATA,NO DATA,NO DATA,NO DATA
ba8d613b-52be-4ea8-80f1-6f7b9991b5de,10,32.8,35.9,NO DATA,NO DATA,NO DATA,41.3,NO DATA,NO DATA,NO DATA,NO DATA,NO DATA,NO DATA,NO DATA
ba8f1cf3-5d30-4b48-bbcd-b4aaf96dedf7,10,NO DATA,NO DATA,NO DATA,NO DATA,NO DATA,NO DATA,NO DATA,NO DATA,NO DATA,43.6,36.3,31.8,32.1
bab3329f-f10f-44fe-bd17-89998ffcc41b,10,29.9,31.6,33.2,NO DATA,NO DATA,31.4,26.4,27.5,NO DATA,NO DATA,NO DATA,NO DATA,NO DATA
bac3175e-dc4e-42af-8ba2-5564d8a5e73e,10,NO DATA,29.0,NO DATA,NO DATA,NO DATA,NO DATA,NO DATA,NO DATA,NO DATA,NO DATA,NO DATA,NO DATA,NO DATA
bae596c7-1a95-48fa-86b0-032ed6bab0a1,10,35.5,38.7,37.9,NO DATA,NO DATA,NO DATA,NO DATA,NO DATA,NO DATA,NO DATA,NO DATA,NO DATA,NO DATA
bb0379c5-2601-4129-aef3-00ec91e63bda,8,NO DATA,NO DATA,NO DATA,NO DATA,NO DATA,NO DATA,NO DATA,38.2,NO DATA,NO DATA,NO DATA,NO DATA,NO DATA
bb14021f-15fb-47ad-9788-c418d277a449,8,NO DATA,NO DATA,NO DATA,NO DATA,NO DATA,NO DATA,NO DATA,NO DATA,NO DATA,37.4,NO DATA,NO DATA,NO DATA
bb14021f-15fb-47ad-9788-c418d277a449,10,NO DATA,51.8,NO DATA,NO DATA,NO DATA,NO DATA,NO DATA,NO DATA,NO DATA,NO DATA,NO DATA,NO DATA,NO DATA
bb193bef-908e-4893-93ca-76718737c700,10,NO DATA,NO DATA,NO DATA,NO DATA,NO DATA,NO DATA,40.0,37.2,38.9,34.0,NO DATA,NO DATA,NO DATA
bb32ef1a-df93-4213-9178-298f0b1a64d8,8,NO DATA,NO DATA,NO DATA,NO DATA,NO DATA,NO DATA,NO DATA,NO DATA,45.2,39.2,NO DATA,31.0,31.0
bb55192a-d1da-4555-961e-268ef660f674,10,NO DATA,NO DATA,NO DATA,NO DATA,35.1,35.8,34.4,NO DATA,NO DATA,NO DATA,NO DATA,NO DATA,NO DATA
bb82f04e-9f10-45a0-8724-c8e42e38b472,8,NO DATA,NO DATA,NO DATA,NO DATA,NO DATA,NO DATA,33.0,31.4,29.4,27.3,NO DATA,NO DATA,NO DATA
bb91926f-4339-4fb6-a7cf-cec8d1f2a55c,10,23.3,NO DATA,NO DATA,NO DATA,NO DATA,NO DATA,NO DATA,NO DATA,NO DATA,NO DATA,NO DATA,NO DATA,NO DATA
bb9b72d3-0d2d-413a-9deb-d38d2ac2fd0c,8,NO DATA,NO DATA,NO DATA,NO DATA,NO DATA,NO DATA,32.6,30.4,19.4,13.4,NO DATA,19.4,16.4
bb9dd42b-9e60-4f65-8cce-01ba30c6223f,10,NO DATA,NO DATA,NO DATA,NO DATA,NO DATA,NO DATA,40.1,NO DATA,NO DATA,NO DATA,NO DATA,NO DATA,NO DATA
bba75f13-00f9-4f34-af21-d822c52ab5a1,10,NO DATA,NO DATA,28.5,23.7,16.6,10.3,NO DATA,NO DATA,NO DATA,NO DATA,NO DATA,NO DATA,NO DATA
bbb1d962-b6c4-4b81-8345-d1ab1311296c,10,34.1,39.2,NO DATA,NO DATA,46.0,48.0,40.2,44.8,41.2,NO DATA,NO DATA,NO DATA,NO DATA
bbb7c22a-dfeb-4459-9e53-7b427594223b,8,NO DATA,NO DATA,NO DATA,NO DATA,NO DATA,NO DATA,39.9,33.2,NO DATA,NO DATA,NO DATA,NO DATA,NO DATA
bbd69c6b-a85b-476e-930e-ff581882ab1b,10,32.6,30.3,NO DATA,NO DATA,NO DATA,35.6,37.3,33.9,NO DATA,NO DATA,NO DATA,NO DATA,NO DATA
bbd94d7d-1a6d-44cf-9c77-38bd3e7e397a,10,NO DATA,33.7,32.3,31.0,30.4,31.3,NO DATA,NO DATA,NO DATA,NO DATA,NO DATA,NO DATA,NO DATA
bbe01330-7300-4084-8e11-b53b3d5f2c78,10,26.5,33.1,NO DATA,NO DATA,NO DATA,NO DATA,NO DATA,NO DATA,NO DATA,NO DATA,NO DATA,NO DATA,NO DATA
bbfda63b-f520-4bcb-b9e2-931b8ca300dc,8,NO DATA,NO DATA,NO DATA,NO DATA,NO DATA,NO DATA,33.4,NO DATA,NO DATA,NO DATA,NO DATA,NO DATA,NO DATA
bc01f497-8687-484c-9503-8f0ac9ea8cb8,10,34.1,35.4,33.1,30.9,28.4,25.3,34.6,NO DATA,NO DATA,NO DATA,NO DATA,NO DATA,NO DATA
bc079b85-bf60-45c7-b1bd-7195bfc27ac0,10,NO DATA,NO DATA,37.2,36.2,34.4,36.3,34.2,30.3,26.2,19.7,21.2,NO DATA,NO DATA
bc1f37b3-0154-4e9c-95cb-2dce95259ad9,10,30.0,30.6,NO DATA,NO DATA,NO DATA,NO DATA,NO DATA,NO DATA,NO DATA,NO DATA,NO DATA,NO DATA,NO DATA
bc22fb25-4555-4216-a964-03f42693fc69,8,NO DATA,33.2,31.2,28.5,29.0,28.8,26.0,19.4,NO DATA,NO DATA,NO DATA,NO DATA,NO DATA
bc409b21-738e-4eb6-9f0e-a51283de26bc,10,26.6,30.2,25.7,15.7,15.4,20.2,19.5,NO DATA,NO DATA,NO DATA,NO DATA,NO DATA,NO DATA
bc43a3cc-d8e8-41d3-bfc1-81bc885b49d3,6,21.3,21.4,NO DATA,NO DATA,22.9,NO DATA,NO DATA,NO DATA,NO DATA,NO DATA,NO DATA,NO DATA,NO DATA
bc5a1985-cdaf-41a2-b904-d22fe964e5ab,10,26.8,NO DATA,NO DATA,NO DATA,NO DATA,NO DATA,NO DATA,NO DATA,NO DATA,NO DATA,NO DATA,NO DATA,NO DATA
bc5a4d92-92f3-426d-bf20-dafad08065eb,10,NO DATA,NO DATA,NO DATA,NO DATA,NO DATA,NO DATA,35.0,NO DATA,NO DATA,NO DATA,NO DATA,NO DATA,NO DATA
bc82d60b-68da-485b-b8dc-acc14995a3e3,8,NO DATA,NO DATA,NO DATA,NO DATA,NO DATA,NO DATA,41.5,27.1,26.9,NO DATA,NO DATA,NO DATA,NO DATA
bc90f54d-fd83-4b4b-ab31-f84b727b9988,10,30.1,28.3,20.5,14.7,11.3,NO DATA,NO DATA,NO DATA,NO DATA,NO DATA,NO DATA,NO DATA,NO DATA
bc94c875-91d4-4376-a496-e00663f3ba59,10,NO DATA,NO DATA,37.0,34.7,32.0,NO DATA,NO DATA,NO DATA,NO DATA,NO DATA,NO DATA,NO DATA,NO DATA
bcb2674c-3d81-405f-aa81-6bdb99e8d224,6,26.4,26.8,25.8,24.6,22.1,21.1,19.7,NO DATA,NO DATA,NO DATA,NO DATA,NO DATA,NO DATA
bcb4eda4-90dd-4882-bcb1-36afe110c6e3,10,37.4,NO DATA,NO DATA,NO DATA,NO DATA,NO DATA,NO DATA,40.1,NO DATA,NO DATA,NO DATA,NO DATA,NO DATA
bcc22590-3ff3-4b11-989d-3d54cc681ab5,8,NO DATA,NO DATA,NO DATA,NO DATA,NO DATA,NO DATA,43.5,43.5,NO DATA,NO DATA,NO DATA,NO DATA,NO DATA
bcccf8e3-8e92-4655-a2e7-c9c7e434ecb1,10,31.1,28.3,27.1,27.1,22.9,22.7,30.7,25.8,12.9,NO DATA,NO DATA,NO DATA,NO DATA
bce962db-e3cf-4615-a9b9-b96cc825c9d8,8,NO DATA,NO DATA,NO DATA,NO DATA,NO DATA,NO DATA,NO DATA,38.3,NO DATA,NO DATA,NO DATA,NO DATA,NO DATA
bcee77e4-829d-4a84-9aa6-16bbbb0466a9,10,NO DATA,30.2,35.3,29.0,29.6,28.2,33.9,29.6,29.2,20.3,NO DATA,NO DATA,NO DATA
bcfc3e99-cfcb-491f-9db1-dbe73b6e13b1,6,NO DATA,NO DATA,28.6,23.8,20.4,NO DATA,NO DATA,NO DATA,NO DATA,NO DATA,NO DATA,NO DATA,NO DATA
bcfc4893-bb31-47e5-b1bd-02c82837a509,6,31.6,39.9,42.2,37.8,13.7,NO DATA,39.8,NO DATA,NO DATA,NO DATA,NO DATA,NO DATA,NO DATA
bd1322f9-4b8e-4cca-8746-b371d2309413,8,NO DATA,NO DATA,NO DATA,NO DATA,NO DATA,NO DATA,39.7,33.8,28.2,28.9,NO DATA,NO DATA,NO DATA
bd2b6ce0-ade0-40a7-838a-163bc3449a86,8,NO DATA,NO DATA,NO DATA,NO DATA,NO DATA,NO DATA,NO DATA,30.6,27.9,38.9,NO DATA,25.9,24.7
bd3610a1-dfc5-4a04-995b-badaed28d02c,10,32.9,34.5,30.3,20.5,NO DATA,NO DATA,NO DATA,NO DATA,NO DATA,NO DATA,NO DATA,NO DATA,NO DATA
bd39124c-7fdd-49ff-b9e7-fbe58d805930,12,NO DATA,NO DATA,NO DATA,NO DATA,NO DATA,NO DATA,46.9,42.9,41.0,36.9,3.3,NO DATA,NO DATA
bd398d85-0644-4f12-824f-31f237c904f7,6,26.4,NO DATA,NO DATA,NO DATA,NO DATA,NO DATA,NO DATA,NO DATA,NO DATA,NO DATA,NO DATA,NO DATA,NO DATA
bd3c4325-0082-43c2-a8a9-daa1d1068031,10,29.9,35.7,32.9,29.6,26.8,NO DATA,NO DATA,NO DATA,NO DATA,NO DATA,NO DATA,NO DATA,NO DATA
bd448c1f-ea88-4213-a6cb-9c5c16620722,8,NO DATA,NO DATA,NO DATA,NO DATA,NO DATA,NO DATA,35.2,32.2,29.6,28.4,NO DATA,22.1,21.5
bd5ed57e-be7f-4837-8a59-5097bd7a3626,10,NO DATA,NO DATA,NO DATA,NO DATA,NO DATA,NO DATA,NO DATA,NO DATA,39.4,45.3,NO DATA,33.8,32.7
bd5fabd4-f5c1-4c5f-a853-27a5b12ecfe5,10,NO DATA,NO DATA,41.0,39.3,NO DATA,NO DATA,NO DATA,NO DATA,NO DATA,NO DATA,NO DATA,NO DATA,NO DATA
bda426b3-f4eb-4d30-9382-6dcba96249e6,10,NO DATA,NO DATA,NO DATA,NO DATA,NO DATA,NO DATA,NO DATA,NO DATA,54.7,NO DATA,NO DATA,NO DATA,NO DATA
bda9eda8-45ab-495c-92f1-5aa2be2147c5,10,28.6,NO DATA,NO DATA,NO DATA,NO DATA,NO DATA,NO DATA,NO DATA,NO DATA,NO DATA,NO DATA,NO DATA,NO DATA
bdb0d9cd-fc38-4695-93ec-1046e8e27beb,10,NO DATA,NO DATA,38.7,37.5,35.2,39.7,25.5,19.7,12.4,NO DATA,NO DATA,NO DATA,NO DATA
bdbdb6e6-fd9c-41c3-833e-1756d3f282f9,10,30.1,34.3,32.7,NO DATA,NO DATA,NO DATA,NO DATA,NO DATA,NO DATA,NO DATA,NO DATA,NO DATA,NO DATA
bdd352bb-dfdc-4e1d-891a-5baa79bf8725,10,NO DATA,NO DATA,51.3,40.3,NO DATA,NO DATA,NO DATA,NO DATA,NO DATA,NO DATA,NO DATA,NO DATA,NO DATA
bdf628ec-b594-4ba9-95a1-475f5e9e6fc2,8,NO DATA,NO DATA,NO DATA,NO DATA,NO DATA,NO DATA,35.1,34.3,29.4,NO DATA,NO DATA,NO DATA,NO DATA
bdfd7ee6-3066-482b-bdca-557ac9916032,8,NO DATA,NO DATA,NO DATA,NO DATA,NO DATA,NO DATA,NO DATA,NO DATA,72.4,NO DATA,NO DATA,NO DATA,NO DATA
be431668-9d33-477b-89d4-2f94ac7fb976,10,NO DATA,NO DATA,NO DATA,NO DATA,NO DATA,42.7,48.4,49.9,40.7,41.9,NO DATA,NO DATA,NO DATA
be8446fb-0035-4713-a901-444451763ce9,8,NO DATA,NO DATA,NO DATA,NO DATA,NO DATA,NO DATA,NO DATA,NO DATA,NO DATA,NO DATA,NO DATA,33.7,NO DATA
be87c6fd-cf32-427a-9926-3f7c5f894426,10,30.5,NO DATA,NO DATA,NO DATA,NO DATA,NO DATA,NO DATA,NO DATA,NO DATA,NO DATA,NO DATA,NO DATA,NO DATA
be9f1a84-eecb-4cfb-a9dd-8d8a6bc7da2e,10,NO DATA,24.7,17.0,11.5,5.6,NO DATA,NO DATA,NO DATA,NO DATA,NO DATA,NO DATA,NO DATA,NO DATA
beb4a9ce-2435-487f-8cc9-1f699250b90d,6,19.9,28.4,NO DATA,NO DATA,NO DATA,NO DATA,NO DATA,NO DATA,NO DATA,NO DATA,NO DATA,NO DATA,NO DATA
bec0067f-755c-4d06-bc03-e6178feba153,10,NO DATA,NO DATA,NO DATA,NO DATA,NO DATA,NO DATA,NO DATA,NO DATA,NO DATA,NO DATA,NO DATA,30.7,32.9
bedc38e9-46b8-4ecf-8ffd-373cebdc23e1,6,NO DATA,NO DATA,NO DATA,NO DATA,NO DATA,NO DATA,NO DATA,NO DATA,NO DATA,NO DATA,NO DATA,19.9,19.3
befb8eae-f1d2-4fcc-9b4b-3d42854a435a,12,NO DATA,NO DATA,NO DATA,NO DATA,NO DATA,NO DATA,NO DATA,NO DATA,43.2,41.1,NO DATA,27.5,23.3
befe5ef4-6e46-4457-9393-78d608d2dc6c,10,NO DATA,NO DATA,NO DATA,NO DATA,NO DATA,NO DATA,NO DATA,NO DATA,38.5,31.4,NO DATA,NO DATA,NO DATA
bf0420d2-7621-4fb2-9658-36904fa32aac,10,28.8,29.0,23.5,16.8,13.8,9.7,9.1,NO DATA,NO DATA,NO DATA,NO DATA,NO DATA,NO DATA
bf079f2f-e7ee-418c-bf1a-73a441b972ea,10,NO DATA,NO DATA,NO DATA,NO DATA,NO DATA,35.0,36.0,32.5,31.9,23.7,NO DATA,NO DATA,NO DATA
bf0e2e05-b131-4520-91b4-afc2d539dead,8,NO DATA,25.1,NO DATA,NO DATA,NO DATA,NO DATA,NO DATA,NO DATA,NO DATA,NO DATA,NO DATA,NO DATA,NO DATA
bf3fd735-c7f9-44f2-9efd-535aa9c805b5,10,31.8,35.9,33.0,28.8,24.1,29.0,23.4,47.7,NO DATA,NO DATA,NO DATA,NO DATA,NO DATA
bf9ae406-a884-4b5b-91ce-9c01de213ae1,8,NO DATA,NO DATA,NO DATA,NO DATA,NO DATA,NO DATA,38.9,30.5,NO DATA,NO DATA,NO DATA,NO DATA,NO DATA
bfb0cc6f-0698-4410-80e7-5d5f3b782384,8,NO DATA,NO DATA,NO DATA,NO DATA,NO DATA,NO DATA,41.8,36.4,NO DATA,NO DATA,NO DATA,NO DATA,NO DATA
bfc5babc-f3b3-4755-ad55-f096db9b63d1,10,NO DATA,36.6,34.3,30.7,29.8,29.8,33.3,29.9,26.2,21.6,NO DATA,NO DATA,NO DATA
bfd2021b-a12c-4b8c-8a9b-3988ab923418,6,12.2,NO DATA,NO DATA,NO DATA,NO DATA,NO DATA,NO DATA,NO DATA,NO DATA,NO DATA,NO DATA,NO DATA,NO DATA
bfd2021b-a12c-4b8c-8a9b-3988ab923418,8,NO DATA,NO DATA,NO DATA,NO DATA,NO DATA,NO DATA,NO DATA,NO DATA,NO DATA,NO DATA,NO DATA,30.2,28.1
bfd2021b-a12c-4b8c-8a9b-3988ab923418,10,35.6,42.0,45.8,43.4,40.8,45.7,47.8,39.7,39.6,36.2,21.1,NO DATA,NO DATA
bfed76df-9c8d-4e0a-b4d6-eac80de5fa29,6,30.2,37.1,NO DATA,34.1,NO DATA,NO DATA,NO DATA,NO DATA,NO DATA,NO DATA,NO DATA,NO DATA,NO DATA
c0243de3-7d95-48d1-9ade-a990cd0782db,10,NO DATA,37.4,35.7,27.9,38.1,31.2,18.3,21.7,NO DATA,NO DATA,NO DATA,NO DATA,NO DATA
c0698c7b-8c38-4479-920d-9803cb56d464,8,NO DATA,NO DATA,NO DATA,NO DATA,NO DATA,NO DATA,37.8,37.8,33.2,29.0,21.0,12.5,10.4
c079c2f8-c3af-42bf-ad25-ef06acf92bcd,6,15.1,17.0,13.3,NO DATA,NO DATA,NO DATA,NO DATA,NO DATA,NO DATA,NO DATA,NO DATA,NO DATA,NO DATA
c0bca698-e8fe-4f97-891c-ec3653bf7b74,10,NO DATA,14.4,NO DATA,NO DATA,NO DATA,NO DATA,NO DATA,NO DATA,NO DATA,NO DATA,NO DATA,NO DATA,NO DATA
c0cb9e37-2fe1-4dbd-88ab-084dcf87a913,10,23.6,29.5,NO DATA,NO DATA,NO DATA,NO DATA,NO DATA,30.1,19.5,NO DATA,NO DATA,NO DATA,NO DATA
c0ddc51b-7e68-4103-be29-323a528803c0,10,NO DATA,NO DATA,NO DATA,NO DATA,NO DATA,NO DATA,NO DATA,NO DATA,29.3,NO DATA,NO DATA,NO DATA,NO DATA
c0e788ef-3dd0-4fb2-a9c1-7c9ed5f76c83,10,NO DATA,37.4,37.0,36.9,35.7,30.9,16.2,14.6,61.2,68.5,64.1,42.5,37.8
c0f25ca7-4369-4cfa-903e-e2176fdb3b0d,10,30.0,32.9,NO DATA,NO DATA,NO DATA,NO DATA,NO DATA,NO DATA,NO DATA,NO DATA,NO DATA,NO DATA,NO DATA
c0f5c126-e856-458d-befa-e505f184ab08,12,NO DATA,NO DATA,NO DATA,NO DATA,NO DATA,NO DATA,NO DATA,NO DATA,39.9,NO DATA,NO DATA,NO DATA,NO DATA
c10bcdf5-83b3-456c-991f-8597f1d5779b,8,NO DATA,NO DATA,28.0,NO DATA,NO DATA,NO DATA,NO DATA,NO DATA,28.8,28.1,NO DATA,NO DATA,NO DATA
c1150c7e-fec9-4310-a3bb-85c77d198586,10,24.9,24.3,20.3,14.3,13.8,NO DATA,NO DATA,NO DATA,NO DATA,NO DATA,NO DATA,NO DATA,NO DATA
c141d898-44ac-49a8-b735-2c4886eef06a,8,NO DATA,NO DATA,NO DATA,NO DATA,NO DATA,NO DATA,40.8,NO DATA,NO DATA,NO DATA,NO DATA,NO DATA,NO DATA
c1586275-3378-415c-87ed-d219f9713acc,8,NO DATA,NO DATA,NO DATA,NO DATA,NO DATA,NO DATA,NO DATA,NO DATA,22.6,15.6,NO DATA,13.4,13.4
c161a1f8-5733-4e8d-b54f-aef03e2709fa,8,NO DATA,NO DATA,NO DATA,NO DATA,NO DATA,NO DATA,NO DATA,37.2,NO DATA,NO DATA,NO DATA,NO DATA,NO DATA
c1620460-7fb5-4805-b802-2c222d5fe399,6,27.2,28.8,23.1,19.2,16.5,13.0,NO DATA,NO DATA,NO DATA,NO DATA,NO DATA,NO DATA,NO DATA
c17fffe7-b4b0-4e89-b8a7-a02f856f25e4,10,26.8,41.6,34.0,29.3,41.9,39.7,45.3,55.5,33.0,NO DATA,NO DATA,NO DATA,NO DATA
c185be37-185c-45ec-add4-a13d167e838a,6,20.5,22.3,21.1,18.4,16.9,22.8,19.2,11.2,31.0,31.7,NO DATA,20.4,19.3
c18e5bf6-1e99-4f77-9519-bdcef581ca16,6,26.6,30.0,27.1,NO DATA,NO DATA,25.6,23.3,NO DATA,NO DATA,NO DATA,NO DATA,NO DATA,NO DATA
c1964e99-2698-4ab9-b28a-f528bc9a1288,10,NO DATA,37.2,NO DATA,NO DATA,NO DATA,NO DATA,NO DATA,NO DATA,NO DATA,NO DATA,NO DATA,NO DATA,NO DATA
c1b02f7d-1b04-405b-877f-91659f70f86b,8,NO DATA,NO DATA,NO DATA,NO DATA,NO DATA,29.5,32.8,29.9,27.9,24.3,14.4,NO DATA,NO DATA
c1bbf2c3-b0a1-47bd-afdc-5ed9eaa97f34,10,NO DATA,NO DATA,28.9,22.7,17.6,17.5,NO DATA,NO DATA,40.7,13.9,NO DATA,NO DATA,NO DATA
c2026278-cec5-43e1-9a46-859169bf1593,10,22.8,15.2,NO DATA,NO DATA,NO DATA,NO DATA,NO DATA,NO DATA,NO DATA,NO DATA,NO DATA,NO DATA,NO DATA
c213a8b0-f701-48e9-a135-5e98fc7d38bc,10,39.7,53.1,NO DATA,NO DATA,NO DATA,NO DATA,NO DATA,NO DATA,NO DATA,NO DATA,NO DATA,NO DATA,NO DATA
c2158f2f-7a77-48ac-a970-e63da1a20003,10,25.3,23.3,21.9,NO DATA,NO DATA,NO DATA,NO DATA,NO DATA,NO DATA,NO DATA,NO DATA,NO DATA,NO DATA
c23c5f9d-a710-481d-8517-91ede9918ddf,10,NO DATA,45.2,49.5,NO DATA,NO DATA,NO DATA,NO DATA,NO DATA,NO DATA,NO DATA,NO DATA,NO DATA,NO DATA
c23e3377-d54d-4b99-9c1b-2a20699b27e4,10,42.0,50.2,NO DATA,NO DATA,NO DATA,NO DATA,NO DATA,NO DATA,NO DATA,NO DATA,NO DATA,NO DATA,NO DATA
c2592ab7-1cbc-42a7-b9fd-740dc5e992e5,6,28.8,31.3,30.9,27.7,25.0,23.3,18.8,28.4,NO DATA,NO DATA,NO DATA,NO DATA,NO DATA
c272cdf0-093e-4735-8182-6ff57ba6ba97,8,NO DATA,NO DATA,NO DATA,NO DATA,NO DATA,NO DATA,NO DATA,33.7,29.2,NO DATA,NO DATA,NO DATA,NO DATA
c272ee80-d1ac-4bbc-b96a-45fe5f05e469,10,NO DATA,NO DATA,30.8,30.8,29.0,33.4,28.6,NO DATA,NO DATA,NO DATA,NO DATA,NO DATA,NO DATA
c29b6bab-6f24-4667-b3a6-3dae4ba321ad,8,NO DATA,NO DATA,NO DATA,NO DATA,NO DATA,NO DATA,41.5,38.3,NO DATA,NO DATA,NO DATA,NO DATA,NO DATA
c2a2ba62-d132-4aed-a774-db8267e2c27f,10,NO DATA,35.2,35.9,NO DATA,NO DATA,NO DATA,NO DATA,NO DATA,NO DATA,NO DATA,NO DATA,NO DATA,NO DATA
c2b6479d-25ff-41ac-9fad-8b8aef27aa3a,12,38.6,38.5,38.5,NO DATA,NO DATA,NO DATA,NO DATA,NO DATA,39.6,28.6,NO DATA,NO DATA,NO DATA
c2f92d8e-6000-4b06-86e1-ee4c8905636b,10,27.1,29.5,NO DATA,25.6,14.2,10.0,NO DATA,NO DATA,NO DATA,NO DATA,NO DATA,NO DATA,NO DATA
c3051d70-2002-481a-90c7-41a618905b5c,10,NO DATA,37.8,39.7,NO DATA,NO DATA,NO DATA,NO DATA,NO DATA,NO DATA,NO DATA,NO DATA,NO DATA,NO DATA
c3153dca-d04b-40fa-8b45-863899675b0b,8,NO DATA,NO DATA,NO DATA,NO DATA,NO DATA,NO DATA,NO DATA,41.5,41.0,NO DATA,34.3,30.2,28.4
c31964fb-5b02-4a1d-b143-47113a9b9b58,8,NO DATA,31.2,28.9,25.2,26.0,24.3,21.6,46.3,40.3,32.3,29.3,36.5,36.3
c363d59d-d562-4ba8-b26d-6db51cb10abe,12,NO DATA,NO DATA,NO DATA,NO DATA,NO DATA,NO DATA,NO DATA,64.5,53.2,48.3,40.6,NO DATA,NO DATA
c3746eaa-31fc-43cf-923a-c0f999b01dc5,10,NO DATA,39.2,34.8,30.3,26.2,32.3,22.5,14.7,NO DATA,NO DATA,NO DATA,NO DATA,NO DATA
c387c128-bf6f-4cc0-a4d3-96ac5834e423,6,NO DATA,NO DATA,NO DATA,NO DATA,NO DATA,NO DATA,NO DATA,NO DATA,32.2,24.7,NO DATA,NO DATA,NO DATA
c3b5d8db-61c0-44f7-a8cd-d6029c07928d,12,NO DATA,NO DATA,NO DATA,NO DATA,NO DATA,NO DATA,NO DATA,52.9,NO DATA,NO DATA,NO DATA,NO DATA,NO DATA
c3ca16e0-cbec-47a6-aa81-c43cf583de7b,8,NO DATA,NO DATA,NO DATA,NO DATA,NO DATA,NO DATA,NO DATA,40.6,40.9,NO DATA,NO DATA,NO DATA,NO DATA
c3fb0a28-7fcd-491e-a275-81f26322848f,8,NO DATA,NO DATA,NO DATA,NO DATA,NO DATA,NO DATA,30.9,NO DATA,NO DATA,NO DATA,NO DATA,NO DATA,NO DATA
c400751c-cb62-46b8-a547-4438ee4d4af7,10,NO DATA,NO DATA,36.1,35.0,36.1,NO DATA,NO DATA,NO DATA,NO DATA,NO DATA,NO DATA,NO DATA,NO DATA
c4074a06-bc63-42a5-b676-5fc525f017d8,10,35.7,37.1,NO DATA,NO DATA,NO DATA,37.0,NO DATA,NO DATA,NO DATA,NO DATA,NO DATA,NO DATA,NO DATA
c40cd486-071d-415f-a35d-a4177bbd55a0,10,NO DATA,21.8,NO DATA,NO DATA,NO DATA,NO DATA,NO DATA,NO DATA,NO DATA,NO DATA,NO DATA,NO DATA,NO DATA
c42e9421-e6dc-4929-b101-abaa11a25a8b,10,44.8,NO DATA,NO DATA,NO DATA,NO DATA,NO DATA,NO DATA,NO DATA,NO DATA,NO DATA,NO DATA,NO DATA,NO DATA
c466835a-0677-4687-b22d-c1e7210a0719,8,NO DATA,NO DATA,NO DATA,NO DATA,NO DATA,NO DATA,38.3,NO DATA,NO DATA,NO DATA,NO DATA,NO DATA,NO DATA
c482e205-a995-45a8-8038-ed7b2ccafc30,12,NO DATA,NO DATA,NO DATA,NO DATA,NO DATA,NO DATA,NO DATA,NO DATA,45.4,40.8,NO DATA,27.1,25.2
c48386cf-46b0-4b8e-b8cd-d006da871405,10,NO DATA,NO DATA,NO DATA,NO DATA,NO DATA,NO DATA,44.6,42.8,38.7,33.9,21.2,17.4,NO DATA
c4898e41-8476-4cfb-ac13-6778765a9e9f,10,NO DATA,41.4,NO DATA,NO DATA,NO DATA,NO DATA,NO DATA,NO DATA,NO DATA,NO DATA,NO DATA,NO DATA,NO DATA
c489d3c2-3220-4b3b-b9b1-3bf0d3998f6e,10,NO DATA,36.8,32.4,28.9,28.2,25.8,NO DATA,46.4,41.2,NO DATA,NO DATA,41.6,40.5
c494d46f-9b29-419c-b0a7-659135a1a46a,10,NO DATA,43.3,NO DATA,NO DATA,NO DATA,NO DATA,NO DATA,NO DATA,NO DATA,NO DATA,NO DATA,NO DATA,NO DATA
c4a6a091-ca81-443a-a396-ee40328b7620,6,NO DATA,29.2,26.3,22.9,20.9,17.1,17.9,11.4,23.1,18.7,16.6,14.5,13.9
c4aa058e-e06d-4bd9-8b5c-0412f073430c,8,NO DATA,NO DATA,NO DATA,NO DATA,NO DATA,NO DATA,42.7,NO DATA,NO DATA,NO DATA,NO DATA,NO DATA,NO DATA
c4b4ba2b-6ee6-4a37-a9d4-4643105b642a,10,24.0,22.3,15.3,10.7,5.6,NO DATA,39.8,37.2,35.2,NO DATA,NO DATA,NO DATA,NO DATA
c4c57c23-1b62-4ae7-bfe8-076fa1c6d872,10,28.1,NO DATA,NO DATA,NO DATA,NO DATA,NO DATA,NO DATA,NO DATA,NO DATA,NO DATA,NO DATA,NO DATA,NO DATA
c4e5d2ac-f359-43b1-a885-13b0f5282995,10,35.1,37.4,41.2,NO DATA,NO DATA,NO DATA,36.7,30.6,11.5,NO DATA,NO DATA,NO DATA,NO DATA
c4eb053a-3b57-48d9-afb9-6442b793b865,10,32.4,34.1,NO DATA,NO DATA,NO DATA,36.3,NO DATA,NO DATA,NO DATA,NO DATA,NO DATA,NO DATA,NO DATA
c4f81ca0-db45-4d78-b454-9cedd743af3b,10,NO DATA,NO DATA,NO DATA,NO DATA,NO DATA,NO DATA,NO DATA,NO DATA,40.1,41.2,NO DATA,NO DATA,NO DATA
c50fd552-b8b3-43ed-a948-34ec244c9767,8,NO DATA,NO DATA,NO DATA,NO DATA,NO DATA,NO DATA,38.0,35.7,35.4,NO DATA,NO DATA,NO DATA,NO DATA
c521ff06-dcad-418a-aba2-446aeec21247,6,29.9,NO DATA,NO DATA,NO DATA,NO DATA,NO DATA,NO DATA,NO DATA,NO DATA,NO DATA,NO DATA,NO DATA,NO DATA
c525b0c4-8689-4463-b202-32f9a64cf644,10,31.6,31.3,NO DATA,NO DATA,NO DATA,NO DATA,31.9,12.7,40.9,19.7,NO DATA,NO DATA,NO DATA
c538cce8-4c1f-4d4d-8d65-c08a974877d3,10,NO DATA,40.4,NO DATA,NO DATA,NO DATA,NO DATA,31.7,NO DATA,NO DATA,NO DATA,NO DATA,NO DATA,NO DATA
c575c143-68c7-40f0-bb6e-2309e42e1689,10,NO DATA,NO DATA,NO DATA,NO DATA,NO DATA,NO DATA,NO DATA,NO DATA,40.5,37.7,31.8,19.5,18.5
c583c973-e512-4cdf-84da-0dceddc09e3a,12,NO DATA,NO DATA,NO DATA,NO DATA,NO DATA,NO DATA,NO DATA,NO DATA,46.8,32.3,NO DATA,NO DATA,NO DATA
c59bca15-e655-48be-abce-72b3b1b50d59,10,NO DATA,28.8,NO DATA,NO DATA,NO DATA,NO DATA,NO DATA,NO DATA,NO DATA,NO DATA,NO DATA,9.1,NO DATA
c59f1c1f-91ac-4032-a80b-6ec92f2642df,8,NO DATA,NO DATA,NO DATA,NO DATA,NO DATA,NO DATA,38.4,37.1,33.2,32.3,NO DATA,18.5,16.9
c5b06f5d-f163-489b-a329-391c90b340ee,10,28.0,29.0,25.1,18.2,14.1,NO DATA,NO DATA,NO DATA,NO DATA,NO DATA,NO DATA,NO DATA,NO DATA
c5b06f5d-f163-489b-a329-391c90b340ee,12,NO DATA,NO DATA,NO DATA,NO DATA,NO DATA,NO DATA,NO DATA,42.6,41.7,41.1,22.4,19.1,14.2
c5e4bc75-a08f-486e-8f04-15867407626e,10,27.8,30.8,28.5,25.8,23.9,16.6,25.6,19.0,38.0,35.4,NO DATA,48.2,49.7
c5e90ab4-2cf3-4540-a799-62d82534dce1,10,33.7,33.8,NO DATA,NO DATA,NO DATA,NO DATA,45.6,42.8,36.0,NO DATA,NO DATA,NO DATA,NO DATA
c60225dd-de28-4edc-b8fd-07dc17b824bc,10,27.6,30.6,28.8,NO DATA,NO DATA,28.3,NO DATA,NO DATA,NO DATA,NO DATA,NO DATA,NO DATA,NO DATA
c6301cb7-5db8-4740-8d0a-a3e5d64dd0d8,6,NO DATA,25.8,NO DATA,NO DATA,NO DATA,NO DATA,NO DATA,NO DATA,NO DATA,NO DATA,NO DATA,NO DATA,NO DATA
c64b31e6-7f79-4ff8-95b4-08eae1679f91,12,NO DATA,NO DATA,NO DATA,NO DATA,NO DATA,NO DATA,NO DATA,NO DATA,53.1,53.4,NO DATA,41.7,38.4
c6561be4-62d9-42b0-9392-2b5984a80ce6,10,NO DATA,NO DATA,43.0,36.3,NO DATA,NO DATA,NO DATA,NO DATA,NO DATA,NO DATA,NO DATA,NO DATA,NO DATA
c65eb5e6-abb1-432c-9327-02684161ad06,10,NO DATA,37.5,40.5,NO DATA,NO DATA,38.4,44.0,NO DATA,NO DATA,NO DATA,NO DATA,NO DATA,NO DATA
c668d225-0837-4afa-9a61-7d52f7b8c706,10,19.4,24.4,NO DATA,NO DATA,NO DATA,NO DATA,NO DATA,NO DATA,NO DATA,NO DATA,NO DATA,NO DATA,NO DATA
c67c8924-b103-4f56-a0d1-bfc857fe3f81,10,NO DATA,NO DATA,32.1,NO DATA,NO DATA,NO DATA,NO DATA,NO DATA,NO DATA,NO DATA,NO DATA,NO DATA,NO DATA
c6945a4c-4ff0-4367-ad49-472bb07e6120,10,28.1,33.0,30.7,29.3,28.8,32.1,29.5,25.2,20.9,33.8,NO DATA,NO DATA,NO DATA
c6feed65-4775-4ad2-b164-a06701ec7bcf,10,NO DATA,NO DATA,NO DATA,NO DATA,44.0,43.6,NO DATA,NO DATA,NO DATA,NO DATA,NO DATA,NO DATA,NO DATA
c70358f8-ce8e-414e-b4b1-df82a045bcff,6,22.2,26.2,NO DATA,NO DATA,NO DATA,NO DATA,NO DATA,NO DATA,NO DATA,NO DATA,NO DATA,NO DATA,NO DATA
c70851c4-3687-4eb2-973a-2d17d2d436fb,10,27.9,NO DATA,NO DATA,NO DATA,NO DATA,NO DATA,NO DATA,NO DATA,NO DATA,NO DATA,NO DATA,NO DATA,NO DATA
c70a2421-aef4-40f5-b411-29cdf335d3e8,10,29.9,32.1,NO DATA,NO DATA,NO DATA,NO DATA,NO DATA,NO DATA,NO DATA,NO DATA,NO DATA,NO DATA,NO DATA
c71cd06d-92e7-4705-bace-c47c30b540bc,10,29.6,38.4,40.8,NO DATA,NO DATA,NO DATA,44.8,41.7,36.4,40.7,NO DATA,7.4,5.6
c71ec49c-bb97-4ce4-9d8c-ce094d86064a,10,29.3,NO DATA,NO DATA,NO DATA,NO DATA,NO DATA,NO DATA,NO DATA,NO DATA,NO DATA,NO DATA,NO DATA,NO DATA
c731f744-672a-4c00-a720-c835a3025245,8,NO DATA,NO DATA,NO DATA,NO DATA,NO DATA,NO DATA,NO DATA,NO DATA,38.8,40.0,NO DATA,23.4,23.4
c747da39-9762-4dad-bbe4-e670c0243d35,10,32.1,33.8,NO DATA,NO DATA,NO DATA,NO DATA,NO DATA,NO DATA,40.2,NO DATA,NO DATA,NO DATA,NO DATA
c75d8536-c33f-41e5-9698-14e28a9aeaab,6,18.9,NO DATA,NO DATA,NO DATA,NO DATA,NO DATA,NO DATA,NO DATA,NO DATA,NO DATA,NO DATA,NO DATA,NO DATA
c7667a21-3060-44e0-9f9e-53162f9d6ce2,10,28.7,NO DATA,40.5,29.2,22.0,28.5,NO DATA,NO DATA,NO DATA,NO DATA,NO DATA,NO DATA,NO DATA
c77a40ca-f0fd-4076-aac4-b3a172c57482,10,33.8,33.4,NO DATA,NO DATA,NO DATA,NO DATA,33.1,24.6,NO DATA,NO DATA,NO DATA,NO DATA,NO DATA
c78eba06-fb84-4fd0-85be-1b2d2dc0b552,6,20.3,27.5,28.0,27.7,26.1,27.8,28.0,27.8,31.2,NO DATA,NO DATA,NO DATA,NO DATA
c7a39c73-3776-47c9-a04a-10fed843e21c,6,NO DATA,23.8,20.9,NO DATA,NO DATA,NO DATA,NO DATA,NO DATA,NO DATA,NO DATA,NO DATA,NO DATA,NO DATA
c7a4ad06-a01c-441d-900c-2b5a8f4884d9,6,NO DATA,NO DATA,NO DATA,NO DATA,NO DATA,20.7,NO DATA,NO DATA,NO DATA,NO DATA,NO DATA,NO DATA,NO DATA
c7b984e4-9099-47d0-ad7f-9634e6fd99ae,10,NO DATA,NO DATA,45.6,NO DATA,NO DATA,NO DATA,NO DATA,NO DATA,NO DATA,NO DATA,NO DATA,33.8,33.8
c7bd2384-80cc-419a-a9c3-a0e9f767fdaa,10,36.6,32.8,31.4,20.8,NO DATA,NO DATA,NO DATA,36.4,NO DATA,NO DATA,NO DATA,NO DATA,NO DATA
c7c1cdc2-b2b1-4fe5-8a89-d6e13023d7e3,10,34.8,36.2,25.9,NO DATA,30.4,NO DATA,NO DATA,NO DATA,NO DATA,NO DATA,NO DATA,NO DATA,NO DATA
c7c1fed7-a5c2-4bac-b116-66a1d384d4de,10,27.0,27.4,25.5,21.3,NO DATA,22.2,9.1,5.3,NO DATA,NO DATA,NO DATA,NO DATA,NO DATA
c7d5b780-615d-421c-8fe5-9d0c20a60bba,10,NO DATA,NO DATA,NO DATA,NO DATA,NO DATA,NO DATA,NO DATA,NO DATA,36.8,39.1,22.9,NO DATA,NO DATA
c7e004fd-5f76-43c7-ab50-e77bdf7b2781,12,NO DATA,NO DATA,NO DATA,NO DATA,NO DATA,NO DATA,NO DATA,NO DATA,45.4,40.7,NO DATA,NO DATA,NO DATA
c7f65075-66cb-4135-a213-6d49d2d48212,10,NO DATA,NO DATA,NO DATA,NO DATA,NO DATA,NO DATA,NO DATA,NO DATA,43.9,33.7,NO DATA,NO DATA,NO DATA
c8102ff1-f4c5-4cf5-a9f0-0805605adb01,10,NO DATA,NO DATA,NO DATA,NO DATA,34.4,39.0,37.9,31.9,32.8,NO DATA,NO DATA,NO DATA,NO DATA
c841f09d-87d7-44db-a8b5-a1f34cf0d7d2,10,NO DATA,NO DATA,31.0,27.7,NO DATA,NO DATA,NO DATA,NO DATA,NO DATA,NO DATA,NO DATA,NO DATA,NO DATA
c84374e3-03bd-43c9-be91-53e074b754e6,10,NO DATA,NO DATA,33.2,NO DATA,NO DATA,NO DATA,NO DATA,NO DATA,NO DATA,NO DATA,NO DATA,NO DATA,NO DATA
c85e5ba8-1b73-4b99-b585-9217c3ccbd6f,10,27.5,31.7,NO DATA,NO DATA,NO DATA,NO DATA,NO DATA,NO DATA,NO DATA,NO DATA,NO DATA,NO DATA,NO DATA
c88da491-d334-498e-b97b-43b6f7842d7a,10,28.4,28.5,30.1,NO DATA,NO DATA,NO DATA,NO DATA,NO DATA,NO DATA,NO DATA,NO DATA,NO DATA,NO DATA
c89b0695-78a8-4930-ac59-d76e6a0db92b,10,17.5,NO DATA,NO DATA,NO DATA,NO DATA,NO DATA,NO DATA,NO DATA,NO DATA,NO DATA,NO DATA,NO DATA,NO DATA
c89ce361-8411-4bc1-b1a8-23e54f55805e,6,24.1,26.0,NO DATA,31.4,NO DATA,38.5,22.5,NO DATA,24.1,NO DATA,NO DATA,NO DATA,NO DATA
c8a81a75-70ae-4623-a824-663293529da5,6,NO DATA,22.4,20.1,18.4,15.9,11.6,NO DATA,NO DATA,NO DATA,NO DATA,15.5,21.4,21.7
c8c6715e-7e4d-43a0-8999-8d707f278c04,8,NO DATA,NO DATA,NO DATA,NO DATA,NO DATA,NO DATA,36.3,30.2,26.7,18.4,17.0,NO DATA,NO DATA
c8d8e692-5ee1-41bf-bc64-0db024b4472d,10,25.3,23.4,NO DATA,NO DATA,NO DATA,NO DATA,NO DATA,NO DATA,NO DATA,NO DATA,NO DATA,NO DATA,NO DATA
c8dae32a-180c-4638-8608-985184d52306,10,33.9,NO DATA,38.9,NO DATA,27.6,NO DATA,NO DATA,NO DATA,NO DATA,NO DATA,NO DATA,NO DATA,NO DATA
c8fc751d-8416-4f1e-be39-5ecfd58ea0ad,10,NO DATA,NO DATA,NO DATA,NO DATA,43.4,NO DATA,NO DATA,NO DATA,NO DATA,NO DATA,14.5,NO DATA,NO DATA
c906a44d-a33b-48d3-ae86-11ea956e1e30,10,NO DATA,NO DATA,NO DATA,NO DATA,NO DATA,11.4,NO DATA,NO DATA,NO DATA,NO DATA,NO DATA,NO DATA,NO DATA
c92b6b07-fe08-422d-ac16-32c0064157f6,8,NO DATA,NO DATA,NO DATA,NO DATA,NO DATA,NO DATA,42.0,NO DATA,44.2,NO DATA,NO DATA,NO DATA,NO DATA
c9300a8a-0d26-42c3-b976-ff9bbad8930f,10,NO DATA,32.4,30.1,27.4,22.7,18.5,16.2,15.1,NO DATA,NO DATA,NO DATA,NO DATA,NO DATA
c9518c3a-28a8-499f-bb28-6e2a93f8cbf8,10,NO DATA,NO DATA,37.4,NO DATA,NO DATA,NO DATA,NO DATA,NO DATA,NO DATA,NO DATA,NO DATA,NO DATA,NO DATA
c95fa005-eb01-4153-b476-ddfa4d86c680,6,21.8,NO DATA,NO DATA,NO DATA,NO DATA,NO DATA,NO DATA,NO DATA,NO DATA,NO DATA,NO DATA,NO DATA,NO DATA
c979e095-b75e-4cff-8858-86d3eee76ec9,10,32.6,30.2,25.9,21.4,1.2,NO DATA,NO DATA,NO DATA,34.0,36.8,NO DATA,26.7,25.6
c99ab674-8bb3-4d2b-b540-d68ae46b9883,8,NO DATA,NO DATA,NO DATA,NO DATA,NO DATA,NO DATA,24.6,22.4,19.8,15.2,NO DATA,NO DATA,NO DATA
c9a85e81-2a9e-41de-a741-e82858424c94,10,NO DATA,21.9,16.4,14.6,NO DATA,NO DATA,NO DATA,NO DATA,35.5,38.3,NO DATA,NO DATA,NO DATA
c9f356cd-6f0b-4572-b603-aab0d4191015,10,38.4,NO DATA,NO DATA,NO DATA,NO DATA,NO DATA,NO DATA,31.1,NO DATA,NO DATA,NO DATA,NO DATA,NO DATA
c9f924ae-0e27-46d8-9df3-b2a9cb26c37a,10,11.1,NO DATA,NO DATA,NO DATA,NO DATA,49.5,46.9,41.8,NO DATA,NO DATA,NO DATA,NO DATA,NO DATA
ca0f998d-8e0a-4aeb-b32e-1d2c24ee047d,8,NO DATA,NO DATA,NO DATA,NO DATA,NO DATA,NO DATA,43.2,NO DATA,NO DATA,NO DATA,NO DATA,NO DATA,NO DATA
ca1e5c9e-54e4-447a-acff-130c261240cf,8,NO DATA,NO DATA,NO DATA,NO DATA,NO DATA,NO DATA,43.5,NO DATA,NO DATA,NO DATA,NO DATA,NO DATA,NO DATA
ca412790-128a-4e06-977b-c03f0295dc1a,10,NO DATA,NO DATA,NO DATA,NO DATA,NO DATA,NO DATA,NO DATA,NO DATA,45.7,44.4,NO DATA,NO DATA,NO DATA
ca586b9a-1158-401e-a41a-cdd2701e1290,8,NO DATA,NO DATA,NO DATA,NO DATA,NO DATA,NO DATA,NO DATA,33.9,NO DATA,NO DATA,NO DATA,NO DATA,NO DATA
ca5e3b40-fa41-418a-8b5a-863b49039b64,10,NO DATA,38.5,38.0,NO DATA,NO DATA,NO DATA,NO DATA,NO DATA,NO DATA,NO DATA,NO DATA,NO DATA,NO DATA
ca604703-8c14-4365-bb81-13f7ca5069d9,8,NO DATA,NO DATA,NO DATA,NO DATA,NO DATA,NO DATA,NO DATA,43.1,34.2,NO DATA,NO DATA,NO DATA,NO DATA
ca63a027-3ebf-4220-954b-dcb5fec460a2,10,21.0,20.3,NO DATA,NO DATA,NO DATA,NO DATA,NO DATA,NO DATA,NO DATA,NO DATA,NO DATA,NO DATA,NO DATA
ca66e746-5cd6-426a-b47d-3be8be13100e,8,NO DATA,NO DATA,NO DATA,NO DATA,NO DATA,NO DATA,33.0,30.0,28.8,27.4,16.2,26.7,37.0
ca6c4878-a290-4e65-ae76-d792cba4b9ac,6,22.3,24.2,NO DATA,NO DATA,NO DATA,NO DATA,NO DATA,NO DATA,NO DATA,NO DATA,NO DATA,NO DATA,NO DATA
ca6c64b2-aa3a-4fcd-beed-881cd092a2fd,10,29.8,NO DATA,NO DATA,29.2,NO DATA,NO DATA,NO DATA,NO DATA,NO DATA,NO DATA,NO DATA,NO DATA,NO DATA
ca76d0dd-1ec2-4964-8567-519819c1029d,10,NO DATA,36.2,32.0,19.1,16.4,NO DATA,NO DATA,NO DATA,44.0,67.1,NO DATA,31.1,32.7
ca859e52-f89a-450b-8de9-05d2849352f9,10,NO DATA,37.6,NO DATA,NO DATA,NO DATA,NO DATA,NO DATA,NO DATA,NO DATA,NO DATA,NO DATA,NO DATA,NO DATA
ca8e7454-869e-48b2-a717-ec676c40beb4,10,30.6,32.7,31.7,28.2,26.1,30.3,31.1,28.9,26.7,20.8,9.4,NO DATA,NO DATA
ca98fede-d408-4781-a202-5b2e8efef8ef,10,NO DATA,30.8,28.2,19.8,NO DATA,NO DATA,19.1,18.0,NO DATA,NO DATA,NO DATA,NO DATA,NO DATA
cac01068-31df-4a21-ae6f-2f16b9a64f80,10,34.3,38.9,NO DATA,26.8,NO DATA,NO DATA,NO DATA,NO DATA,NO DATA,NO DATA,NO DATA,NO DATA,NO DATA
cae3b019-ab2d-4247-8295-c617ea8279f7,10,NO DATA,39.0,38.4,NO DATA,NO DATA,40.4,36.6,NO DATA,NO DATA,NO DATA,NO DATA,NO DATA,NO DATA
cae9c05e-0ba0-418c-acbe-9b7f9fe5c558,10,NO DATA,NO DATA,NO DATA,NO DATA,NO DATA,NO DATA,NO DATA,44.6,44.5,36.8,NO DATA,NO DATA,NO DATA
cb04c368-fe59-4397-a714-8406f638a1ec,10,32.6,34.2,32.3,30.3,29.1,27.1,27.0,24.1,35.0,NO DATA,NO DATA,NO DATA,NO DATA
cb204122-8ee8-43f9-b4f4-daddd576b07e,12,NO DATA,NO DATA,NO DATA,NO DATA,NO DATA,64.1,46.9,55.4,48.8,35.6,NO DATA,NO DATA,NO DATA
cb2e3183-59fe-4617-88d9-f7e3aca07d92,8,NO DATA,NO DATA,NO DATA,NO DATA,NO DATA,NO DATA,36.4,32.2,27.1,23.0,NO DATA,NO DATA,NO DATA
cb3162ad-a5a3-4279-b5c0-8786663bf76b,6,20.2,NO DATA,NO DATA,NO DATA,NO DATA,NO DATA,NO DATA,NO DATA,NO DATA,NO DATA,NO DATA,NO DATA,NO DATA
cb7af962-7b55-4756-867b-e448d71881c9,10,32.9,NO DATA,NO DATA,NO DATA,NO DATA,NO DATA,NO DATA,NO DATA,NO DATA,NO DATA,NO DATA,NO DATA,NO DATA
cb7cfea9-8628-4a59-9ec0-e935f502afae,8,NO DATA,NO DATA,NO DATA,NO DATA,NO DATA,35.4,39.5,36.0,32.6,32.4,NO DATA,NO DATA,NO DATA
cb8335ea-a518-49ed-b548-4e50714eccc6,10,28.7,33.3,25.4,NO DATA,NO DATA,NO DATA,NO DATA,NO DATA,36.8,35.3,NO DATA,14.7,NO DATA
cb83bf78-2519-432e-8acb-74d1307c7b28,10,NO DATA,33.5,31.4,30.0,30.1,22.8,33.3,30.7,NO DATA,NO DATA,NO DATA,NO DATA,NO DATA
cb888361-b19f-4c8f-931b-b96d3cd2d5a6,10,NO DATA,27.1,NO DATA,NO DATA,NO DATA,NO DATA,NO DATA,NO DATA,NO DATA,NO DATA,NO DATA,NO DATA,NO DATA
cb8ca0ed-3665-4f5b-a61e-d3caa098b826,10,29.4,31.5,NO DATA,NO DATA,39.3,NO DATA,33.4,31.0,29.1,24.6,NO DATA,NO DATA,NO DATA
cbade7e1-e5eb-4059-bb87-94877ea9476e,8,NO DATA,NO DATA,NO DATA,NO DATA,NO DATA,NO DATA,NO DATA,NO DATA,NO DATA,NO DATA,NO DATA,23.4,22.6
cbb429a7-5ee7-4ac0-a072-0cedf3b342b4,10,27.9,32.4,33.8,34.9,NO DATA,42.3,31.3,28.8,NO DATA,NO DATA,NO DATA,NO DATA,NO DATA
cbc755ca-0b30-44b4-bcfa-e0acbab05c0b,8,NO DATA,NO DATA,NO DATA,NO DATA,NO DATA,NO DATA,NO DATA,NO DATA,NO DATA,NO DATA,NO DATA,39.6,NO DATA
cbd71cf0-dcaa-4693-a7ae-dbbd9b61ea3f,10,NO DATA,NO DATA,NO DATA,NO DATA,NO DATA,NO DATA,NO DATA,NO DATA,50.1,NO DATA,NO DATA,NO DATA,NO DATA
cbd951be-f0fc-4e26-9e8b-6d1bb7d461e2,6,10.3,9.5,5.9,NO DATA,NO DATA,NO DATA,29.6,27.8,26.7,25.6,NO DATA,NO DATA,NO DATA
cc13a34a-d9f1-4002-8213-d31cf9d15eff,6,NO DATA,NO DATA,31.2,NO DATA,NO DATA,NO DATA,NO DATA,NO DATA,NO DATA,NO DATA,NO DATA,NO DATA,NO DATA
cc5ff466-82ba-4a71-930e-3853bc894859,12,NO DATA,NO DATA,NO DATA,NO DATA,NO DATA,45.2,38.1,18.4,41.3,42.4,NO DATA,NO DATA,NO DATA
cc705674-d125-44a6-bf23-fd1366f07fd3,8,NO DATA,NO DATA,NO DATA,NO DATA,NO DATA,NO DATA,38.0,32.1,29.2,10.5,8.1,8.9,NO DATA
cc70e74c-79fa-4e1b-b12c-7aacd93edad4,6,NO DATA,NO DATA,25.3,25.1,21.8,NO DATA,NO DATA,NO DATA,NO DATA,NO DATA,NO DATA,NO DATA,NO DATA
cc87a6d7-f31e-4cb6-ad76-da14fd938311,10,NO DATA,NO DATA,NO DATA,NO DATA,NO DATA,NO DATA,NO DATA,NO DATA,NO DATA,44.4,38.0,34.2,32.2
cc8c3d31-5b5b-4c36-b516-522ef30e67f4,6,21.2,26.6,27.0,NO DATA,NO DATA,NO DATA,NO DATA,NO DATA,NO DATA,NO DATA,NO DATA,NO DATA,NO DATA
cc9202ab-9caa-4d85-9888-808d54341bba,10,NO DATA,28.5,25.0,16.5,9.2,6.5,41.7,39.8,35.6,33.5,NO DATA,22.1,21.7
cc9debfe-9359-4233-9ef4-f1b5c03b6c65,8,NO DATA,NO DATA,NO DATA,NO DATA,NO DATA,NO DATA,NO DATA,34.6,NO DATA,NO DATA,NO DATA,NO DATA,NO DATA
ccac6e19-6e57-4f39-b4e1-e1922b29fa50,8,NO DATA,NO DATA,NO DATA,NO DATA,NO DATA,NO DATA,NO DATA,38.1,NO DATA,NO DATA,NO DATA,NO DATA,NO DATA
ccad5c08-3e4a-4b50-b02a-185a2d93f7e8,10,33.4,34.3,30.2,10.8,NO DATA,NO DATA,18.2,NO DATA,NO DATA,NO DATA,NO DATA,NO DATA,NO DATA
ccbed718-cfb7-4f9a-b200-5e7c657ec1f0,10,NO DATA,NO DATA,NO DATA,NO DATA,NO DATA,NO DATA,NO DATA,NO DATA,52.5,NO DATA,NO DATA,NO DATA,NO DATA
ccddce16-5e54-4bca-84e0-07fae49bedf6,10,29.4,30.3,NO DATA,NO DATA,NO DATA,NO DATA,NO DATA,NO DATA,NO DATA,NO DATA,NO DATA,NO DATA,NO DATA
cd1c461b-407d-4f5b-8702-bf7368ea6d85,10,33.6,33.6,37.1,32.6,NO DATA,NO DATA,NO DATA,31.5,33.3,NO DATA,NO DATA,NO DATA,NO DATA
cd285c7b-82dd-4d36-808d-444d81b773db,10,NO DATA,30.9,NO DATA,NO DATA,NO DATA,NO DATA,NO DATA,NO DATA,NO DATA,NO DATA,NO DATA,NO DATA,NO DATA
cd6a2a9e-c074-4ba5-b586-c217e8fbbe24,6,NO DATA,26.1,33.7,33.3,NO DATA,37.8,33.8,24.3,NO DATA,NO DATA,NO DATA,NO DATA,NO DATA
cd6e6542-7b82-41d8-855a-27e1f0e013cc,10,31.6,34.1,34.9,32.4,NO DATA,NO DATA,NO DATA,NO DATA,NO DATA,NO DATA,NO DATA,NO DATA,NO DATA
cd74d13d-6837-4dc2-8de5-434e292b4a7c,10,NO DATA,38.4,NO DATA,NO DATA,NO DATA,NO DATA,NO DATA,NO DATA,NO DATA,NO DATA,NO DATA,NO DATA,NO DATA
cd87fe94-4b8d-4139-afab-87fe8c984bec,10,35.6,34.6,NO DATA,NO DATA,NO DATA,39.5,NO DATA,NO DATA,NO DATA,NO DATA,NO DATA,NO DATA,NO DATA
cd8944aa-fdea-4ce2-b048-b42497df69a8,10,34.5,37.7,37.5,38.6,NO DATA,NO DATA,NO DATA,NO DATA,37.9,40.4,2.8,NO DATA,NO DATA
cd8e0e30-eef5-4073-aa96-40a08da3a4f1,12,38.7,40.0,NO DATA,NO DATA,NO DATA,NO DATA,NO DATA,NO DATA,NO DATA,NO DATA,NO DATA,NO DATA,NO DATA
cd96f650-e734-4999-9561-89d2e58b2a2d,10,28.4,36.9,31.1,24.5,19.9,16.2,8.7,NO DATA,34.8,35.6,NO DATA,30.1,29.0
cd9b7e69-0807-4032-97ef-ad8909bbb8cd,8,NO DATA,NO DATA,NO DATA,NO DATA,NO DATA,NO DATA,NO DATA,NO DATA,NO DATA,NO DATA,NO DATA,32.9,32.3
cdb23e38-8813-462d-98d5-bdf15b67a3f6,10,26.3,NO DATA,NO DATA,NO DATA,NO DATA,NO DATA,NO DATA,NO DATA,NO DATA,NO DATA,NO DATA,NO DATA,NO DATA
cdb6ffd2-9ef1-45f0-bbe7-ed5995be262e,10,24.2,21.4,16.2,NO DATA,NO DATA,NO DATA,NO DATA,NO DATA,39.7,34.6,NO DATA,41.7,NO DATA
cdbfc9ae-ced6-4687-b069-2babc573c346,10,31.2,36.0,NO DATA,NO DATA,NO DATA,NO DATA,NO DATA,NO DATA,NO DATA,NO DATA,NO DATA,NO DATA,NO DATA
cdd31f6c-8a82-4df3-93b5-fa79ef2d9cc8,10,NO DATA,31.4,28.5,NO DATA,NO DATA,NO DATA,NO DATA,NO DATA,NO DATA,NO DATA,NO DATA,NO DATA,NO DATA
cde4d43e-390c-4a61-8905-43348b8dfec7,8,NO DATA,NO DATA,NO DATA,NO DATA,NO DATA,NO DATA,38.6,37.0,35.7,NO DATA,NO DATA,NO DATA,NO DATA
ce013059-cc59-4292-8ac9-cbf5825a8a00,10,NO DATA,NO DATA,NO DATA,30.6,NO DATA,NO DATA,NO DATA,NO DATA,NO DATA,NO DATA,NO DATA,NO DATA,NO DATA
ce0959aa-3d26-47ef-a94e-d74975ea71d9,10,NO DATA,NO DATA,NO DATA,NO DATA,NO DATA,34.4,37.5,36.6,28.3,NO DATA,NO DATA,NO DATA,NO DATA
ce35d58b-afcc-4215-8f0b-465040489687,10,40.9,34.7,NO DATA,NO DATA,NO DATA,NO DATA,NO DATA,39.5,36.9,30.7,5.8,12.0,7.1
ce532884-9a88-41aa-814c-d7f2d76721a8,10,33.1,36.5,NO DATA,NO DATA,NO DATA,NO DATA,NO DATA,NO DATA,NO DATA,NO DATA,NO DATA,NO DATA,NO DATA
ce562cbd-9f5a-4edc-9650-b075d55538e5,10,NO DATA,37.7,34.9,NO DATA,NO DATA,NO DATA,NO DATA,NO DATA,NO DATA,NO DATA,NO DATA,NO DATA,NO DATA
cecafd78-2a9e-4514-afb1-89a446976e62,8,NO DATA,NO DATA,NO DATA,NO DATA,NO DATA,35.9,38.3,35.1,33.3,23.8,NO DATA,20.7,18.1
cee254f0-b9cb-419e-8103-bc7700469c71,8,NO DATA,NO DATA,NO DATA,NO DATA,NO DATA,NO DATA,NO DATA,40.5,37.9,NO DATA,NO DATA,25.5,25.5
ceed24e8-9b6c-4c32-9d45-996036f8e062,8,NO DATA,NO DATA,NO DATA,NO DATA,NO DATA,NO DATA,NO DATA,NO DATA,30.6,30.1,21.9,20.9,20.9
cf0490c2-fe81-44b3-a285-51ed457ffb93,10,NO DATA,NO DATA,NO DATA,NO DATA,NO DATA,NO DATA,NO DATA,NO DATA,33.3,26.4,NO DATA,NO DATA,NO DATA
cf13349f-fd4e-4442-bda0-724e4d0fb3c0,6,18.6,24.6,24.6,NO DATA,NO DATA,NO DATA,NO DATA,NO DATA,33.2,NO DATA,NO DATA,NO DATA,NO DATA
cf173304-9511-484f-b40b-b57d1856faef,8,NO DATA,NO DATA,NO DATA,NO DATA,NO DATA,NO DATA,50.1,42.9,31.5,22.9,15.5,NO DATA,NO DATA
cf1f27be-cb85-411a-a441-9b91b2609156,10,24.3,28.1,22.7,NO DATA,NO DATA,NO DATA,NO DATA,NO DATA,NO DATA,32.8,NO DATA,NO DATA,NO DATA
cf27082a-5145-41a3-b857-423e10240ba1,8,NO DATA,NO DATA,33.1,NO DATA,NO DATA,NO DATA,NO DATA,NO DATA,NO DATA,NO DATA,NO DATA,NO DATA,NO DATA
cf3a8cee-4c49-4b19-bd94-2993fcd0c285,10,41.4,NO DATA,NO DATA,NO DATA,NO DATA,NO DATA,NO DATA,NO DATA,NO DATA,NO DATA,NO DATA,NO DATA,NO DATA
cf58e8ff-7a32-45fa-b9f0-acb000e50da6,10,34.3,32.8,NO DATA,NO DATA,NO DATA,NO DATA,NO DATA,NO DATA,NO DATA,NO DATA,NO DATA,NO DATA,NO DATA
cf803bab-e16f-4338-ab7f-0a6e23a4cf6c,10,NO DATA,36.5,NO DATA,NO DATA,NO DATA,NO DATA,NO DATA,NO DATA,NO DATA,NO DATA,NO DATA,NO DATA,NO DATA
cfb19088-9cd6-4c32-875a-1b9c19f831fe,10,NO DATA,NO DATA,NO DATA,NO DATA,33.7,39.7,36.4,31.9,28.0,24.5,14.0,NO DATA,NO DATA
cfb1e993-039e-492b-a536-78d7808b23c5,6,23.6,23.0,29.4,22.7,15.7,14.7,NO DATA,NO DATA,NO DATA,NO DATA,NO DATA,NO DATA,NO DATA
cfbae9f0-86d3-4437-84f5-6fe46d829888,10,31.2,NO DATA,NO DATA,NO DATA,NO DATA,NO DATA,42.7,NO DATA,NO DATA,NO DATA,NO DATA,NO DATA,NO DATA
cfbdfe49-b613-4bb6-9286-eecdd13063e1,10,35.3,45.3,NO DATA,NO DATA,NO DATA,NO DATA,NO DATA,NO DATA,NO DATA,NO DATA,NO DATA,NO DATA,NO DATA
cff2ecca-1a40-4379-8224-83be0dab9165,8,NO DATA,NO DATA,NO DATA,NO DATA,NO DATA,NO DATA,NO DATA,NO DATA,35.8,NO DATA,NO DATA,NO DATA,NO DATA
cff3c044-8ee7-4165-b265-b220e329bbbe,10,25.3,25.7,26.4,22.9,20.3,NO DATA,NO DATA,NO DATA,NO DATA,NO DATA,NO DATA,NO DATA,NO DATA
d02074bd-1456-4eed-a549-9ecd1c4f30c0,12,NO DATA,NO DATA,NO DATA,35.7,40.6,NO DATA,NO DATA,37.0,NO DATA,NO DATA,NO DATA,NO DATA,NO DATA
d0390fed-0441-4153-94d3-296142a1bf9a,12,NO DATA,NO DATA,NO DATA,NO DATA,66.6,62.0,NO DATA,NO DATA,NO DATA,NO DATA,NO DATA,NO DATA,NO DATA
d051c423-fd8e-4119-9c35-748cae3f1e7e,6,NO DATA,NO DATA,NO DATA,37.6,NO DATA,NO DATA,33.4,NO DATA,NO DATA,NO DATA,NO DATA,NO DATA,NO DATA
d052ae6e-5915-455d-b3e0-94976c4da048,10,NO DATA,NO DATA,NO DATA,34.6,27.4,NO DATA,NO DATA,NO DATA,NO DATA,NO DATA,NO DATA,NO DATA,NO DATA
d05bdf39-ac40-4f81-b8e4-623f3496b22b,10,30.4,36.1,33.0,28.5,NO DATA,NO DATA,32.5,28.0,24.3,17.2,NO DATA,NO DATA,NO DATA
d08708aa-c5cb-41b4-8aac-10dc3e58fa8d,10,36.6,38.3,NO DATA,NO DATA,NO DATA,NO DATA,NO DATA,NO DATA,NO DATA,NO DATA,NO DATA,NO DATA,NO DATA
d094f0e0-d84c-4519-98d2-c30334ab8d4a,12,NO DATA,NO DATA,NO DATA,NO DATA,49.9,83.3,NO DATA,NO DATA,NO DATA,NO DATA,NO DATA,NO DATA,NO DATA
d0b0d083-5d14-4c81-989c-f1faeb0f820a,10,36.7,37.1,31.6,NO DATA,NO DATA,NO DATA,37.9,35.6,33.6,NO DATA,NO DATA,NO DATA,NO DATA
d0e9bc4a-b13c-4ce2-ae0f-bca388340298,10,NO DATA,36.0,33.4,30.8,30.8,29.3,25.9,25.9,NO DATA,NO DATA,NO DATA,NO DATA,NO DATA
d0f995f6-7707-4c7d-81ff-0d6964e08fca,10,37.5,39.2,39.0,36.2,34.6,35.0,38.0,35.3,34.5,30.8,NO DATA,25.5,25.5
d0fd1810-5a3d-4342-a3fe-41793893eb71,8,NO DATA,NO DATA,NO DATA,NO DATA,NO DATA,NO DATA,NO DATA,38.1,35.5,NO DATA,NO DATA,NO DATA,NO DATA
d136c84f-ebb4-4902-93cf-9b1ce12031d1,10,43.7,45.9,NO DATA,NO DATA,NO DATA,NO DATA,NO DATA,NO DATA,NO DATA,NO DATA,NO DATA,NO DATA,NO DATA
d138277b-1c59-4f24-89f5-e3b064d3d192,10,NO DATA,NO DATA,NO DATA,NO DATA,NO DATA,45.7,NO DATA,NO DATA,NO DATA,NO DATA,NO DATA,NO DATA,NO DATA
d14c3d1d-a0cf-4301-84f9-d4c8394e4428,6,31.3,33.8,32.7,NO DATA,NO DATA,NO DATA,NO DATA,28.0,22.2,17.0,NO DATA,NO DATA,NO DATA
d15ad5db-6b87-488e-9b7f-643ed22f7190,8,NO DATA,NO DATA,NO DATA,NO DATA,NO DATA,43.7,NO DATA,NO DATA,NO DATA,NO DATA,NO DATA,NO DATA,NO DATA
d15f35c3-3ea6-4425-98b9-2b20aca72d12,8,NO DATA,NO DATA,NO DATA,NO DATA,NO DATA,NO DATA,NO DATA,44.9,NO DATA,NO DATA,NO DATA,NO DATA,NO DATA
d1729f8b-6e1e-40ec-a914-2cee5d9580c8,6,NO DATA,NO DATA,NO DATA,NO DATA,NO DATA,NO DATA,33.9,31.5,29.7,28.1,29.5,21.8,20.1
d1756e9b-7fe8-45fe-bac1-2171aaa83581,12,NO DATA,NO DATA,NO DATA,NO DATA,NO DATA,NO DATA,NO DATA,NO DATA,39.4,NO DATA,NO DATA,NO DATA,NO DATA
d1841408-47b7-45df-8258-2617cf6ee959,10,31.4,31.7,27.0,21.2,14.9,20.2,39.2,38.0,36.2,NO DATA,NO DATA,NO DATA,NO DATA
d1c5d2cb-a81e-40fc-8784-a2748d58d3f3,8,NO DATA,NO DATA,NO DATA,NO DATA,NO DATA,NO DATA,32.6,29.1,21.6,18.1,NO DATA,NO DATA,NO DATA
d1cd0480-a14e-4320-8af4-79fe889bda15,12,NO DATA,NO DATA,37.4,44.4,NO DATA,NO DATA,NO DATA,NO DATA,NO DATA,NO DATA,NO DATA,NO DATA,NO DATA
d1d2cca0-14c1-45cc-9fb5-dba2be3f3b9d,6,NO DATA,19.9,13.5,8.7,NO DATA,NO DATA,NO DATA,NO DATA,NO DATA,NO DATA,NO DATA,NO DATA,NO DATA
d1d37b00-cbf3-4ae1-9c1b-8c3bc577e5ad,8,NO DATA,NO DATA,NO DATA,NO DATA,NO DATA,NO DATA,NO DATA,NO DATA,NO DATA,46.0,NO DATA,NO DATA,NO DATA
d1da44bb-cf0a-4690-95af-60b9a16033c7,10,27.3,27.2,NO DATA,25.5,NO DATA,23.1,NO DATA,NO DATA,NO DATA,NO DATA,NO DATA,NO DATA,NO DATA
d1f9c592-0a8d-4a0f-9053-86f8ef5ce8b3,6,NO DATA,NO DATA,NO DATA,NO DATA,NO DATA,NO DATA,NO DATA,NO DATA,27.2,26.4,23.3,NO DATA,NO DATA
d1faa721-16f9-415a-9ed9-b43dce8abee6,10,24.9,26.4,NO DATA,NO DATA,NO DATA,NO DATA,NO DATA,NO DATA,NO DATA,NO DATA,NO DATA,NO DATA,NO DATA
d2006132-321b-4d28-b087-910f30d3dc2f,10,NO DATA,NO DATA,37.9,27.1,18.7,11.9,6.6,NO DATA,NO DATA,6.4,NO DATA,NO DATA,NO DATA
d20c5d5c-d560-4470-a28f-4a36fe0f4aaf,8,NO DATA,NO DATA,NO DATA,NO DATA,NO DATA,NO DATA,NO DATA,55.7,NO DATA,NO DATA,NO DATA,NO DATA,NO DATA
d22a00ef-334a-43a8-8cb7-9d10dbab2a56,10,NO DATA,41.6,NO DATA,NO DATA,35.0,NO DATA,40.6,NO DATA,NO DATA,NO DATA,NO DATA,NO DATA,NO DATA
d22af278-9c51-4893-a5dd-2e0e3557d990,10,NO DATA,31.1,NO DATA,NO DATA,NO DATA,36.7,NO DATA,40.0,NO DATA,NO DATA,NO DATA,NO DATA,NO DATA
d22bd6ba-6f14-473e-8531-907ecda82715,8,NO DATA,NO DATA,NO DATA,NO DATA,NO DATA,NO DATA,31.8,31.8,NO DATA,NO DATA,NO DATA,NO DATA,NO DATA
d24fd329-366a-4e2a-ab54-4501f7ee5d99,12,NO DATA,NO DATA,NO DATA,NO DATA,NO DATA,NO DATA,NO DATA,NO DATA,37.6,33.2,NO DATA,NO DATA,NO DATA
d25b6508-94ee-4a3c-a646-7bae4f654236,10,26.7,24.1,17.1,12.8,NO DATA,NO DATA,NO DATA,NO DATA,NO DATA,NO DATA,NO DATA,NO DATA,NO DATA
d2715ff5-4e8f-4fc5-a6e3-937770e5637b,12,51.0,44.4,51.0,NO DATA,NO DATA,NO DATA,40.7,NO DATA,NO DATA,NO DATA,NO DATA,NO DATA,NO DATA
d279f0f0-1c6a-4463-b527-e5bf1a3746e0,10,NO DATA,41.0,40.4,39.8,34.1,40.5,40.6,38.8,38.2,NO DATA,NO DATA,NO DATA,NO DATA
d2a8b56d-2abd-420d-b985-b89d7b84c4b7,10,NO DATA,NO DATA,NO DATA,NO DATA,NO DATA,NO DATA,NO DATA,NO DATA,50.6,NO DATA,NO DATA,NO DATA,NO DATA
d2af7078-7993-461f-a4a9-18837df9876c,10,35.6,34.6,31.9,30.2,28.4,23.1,22.6,15.3,38.6,37.9,NO DATA,24.3,23.7
d2b9f0fe-58a8-4620-8c28-d602bcb63a41,8,NO DATA,NO DATA,NO DATA,NO DATA,NO DATA,NO DATA,29.0,NO DATA,NO DATA,NO DATA,NO DATA,NO DATA,NO DATA
d2d59ea4-4730-4c48-baf9-8c3a522dd9cd,10,32.7,37.5,40.2,NO DATA,NO DATA,NO DATA,NO DATA,NO DATA,NO DATA,NO DATA,NO DATA,NO DATA,NO DATA
d2e5ada6-3479-4731-9951-499b711dd929,10,27.4,27.7,23.4,NO DATA,NO DATA,NO DATA,NO DATA,NO DATA,NO DATA,NO DATA,NO DATA,NO DATA,NO DATA
d2f12741-9a17-4c04-b48b-cb4ff235c43a,10,NO DATA,47.8,33.7,32.4,NO DATA,NO DATA,NO DATA,NO DATA,NO DATA,NO DATA,NO DATA,NO DATA,NO DATA
d2f4571e-e447-4abb-8dd9-bcfb7b9d7588,8,NO DATA,NO DATA,NO DATA,NO DATA,NO DATA,NO DATA,33.6,33.4,NO DATA,NO DATA,NO DATA,NO DATA,NO DATA
d30b8715-6a23-4e73-9b62-0c1d57fd40b0,10,NO DATA,NO DATA,27.5,20.1,NO DATA,NO DATA,NO DATA,NO DATA,NO DATA,NO DATA,NO DATA,NO DATA,NO DATA
d30dba0b-d8cc-42a8-81a8-25259fdd81b6,10,34.4,35.0,31.9,30.4,29.8,30.2,25.1,20.3,14.5,NO DATA,NO DATA,NO DATA,NO DATA
d31e705f-5c35-4868-b66b-a6100e4c9a81,10,NO DATA,NO DATA,NO DATA,NO DATA,NO DATA,NO DATA,NO DATA,NO DATA,NO DATA,41.2,34.6,29.1,27.5
d32f6cb8-8f12-4080-b03e-02cfebe82601,12,NO DATA,NO DATA,NO DATA,NO DATA,NO DATA,NO DATA,NO DATA,NO DATA,57.8,75.4,NO DATA,NO DATA,NO DATA
d34adc43-a092-41b2-af9e-266b2f51806a,10,NO DATA,36.7,NO DATA,NO DATA,NO DATA,NO DATA,NO DATA,NO DATA,NO DATA,NO DATA,NO DATA,NO DATA,NO DATA
d37facdc-0773-42ca-b67c-61e7c588bc20,6,24.6,27.2,NO DATA,NO DATA,NO DATA,27.3,22.8,NO DATA,NO DATA,NO DATA,NO DATA,NO DATA,NO DATA
d3a49998-2c21-4a98-81cc-d073cc2a99e6,6,26.1,28.4,27.5,26.1,24.2,26.0,23.4,19.9,13.2,NO DATA,NO DATA,29.8,33.6
d3c19b9e-9af6-4b3a-9740-bb5200a07d4f,8,NO DATA,NO DATA,NO DATA,NO DATA,NO DATA,NO DATA,43.3,41.1,NO DATA,NO DATA,NO DATA,NO DATA,NO DATA
d3db68b6-9e79-4605-83a9-c9d9f27d6995,8,NO DATA,NO DATA,NO DATA,NO DATA,NO DATA,NO DATA,NO DATA,45.0,26.0,NO DATA,NO DATA,NO DATA,NO DATA
d3db68b6-9e79-4605-83a9-c9d9f27d6995,12,NO DATA,NO DATA,NO DATA,NO DATA,NO DATA,NO DATA,NO DATA,NO DATA,61.5,35.1,NO DATA,NO DATA,NO DATA
d3e84b8b-178e-4338-bd4e-ab35d2b978e0,8,NO DATA,NO DATA,NO DATA,NO DATA,33.4,32.8,33.6,30.9,NO DATA,NO DATA,NO DATA,NO DATA,NO DATA
d3f8258f-d91d-4b67-b456-d6cb3dd0875e,10,26.4,29.7,28.6,NO DATA,NO DATA,NO DATA,27.7,36.6,17.0,NO DATA,NO DATA,NO DATA,NO DATA
d3fa7632-a88d-405b-9fcc-cd73fe6f40e4,10,25.0,29.8,NO DATA,NO DATA,34.9,39.9,32.0,NO DATA,NO DATA,NO DATA,NO DATA,NO DATA,NO DATA
d413f7a9-cb14-4312-814b-5ee1b6a0b82e,10,NO DATA,NO DATA,37.7,33.9,30.9,NO DATA,NO DATA,NO DATA,NO DATA,NO DATA,NO DATA,NO DATA,NO DATA
d426d27c-2b79-49b4-9a9a-951594cf8db8,6,16.1,12.8,NO DATA,NO DATA,NO DATA,NO DATA,NO DATA,NO DATA,NO DATA,NO DATA,NO DATA,NO DATA,NO DATA
d42a037d-7715-43f6-80ed-98f23185a387,12,NO DATA,NO DATA,NO DATA,NO DATA,54.3,60.7,NO DATA,NO DATA,NO DATA,NO DATA,NO DATA,NO DATA,NO DATA
d42aa4be-89de-441a-901e-ce4edfc6cec4,10,36.0,37.3,36.1,33.6,32.2,30.3,33.7,28.0,22.9,16.6,NO DATA,34.2,34.1
d431d09d-9707-4060-a6d5-45317a664b1f,10,NO DATA,NO DATA,NO DATA,NO DATA,NO DATA,NO DATA,48.0,40.9,NO DATA,NO DATA,NO DATA,NO DATA,NO DATA
d4405c97-7418-4137-9476-a1f5fcb9a9bc,8,NO DATA,NO DATA,NO DATA,NO DATA,NO DATA,NO DATA,37.2,34.7,33.2,NO DATA,27.8,NO DATA,NO DATA
d4516e95-9149-44a7-9f4a-83f821c0ada9,6,NO DATA,NO DATA,NO DATA,NO DATA,NO DATA,NO DATA,42.6,38.2,36.0,30.0,NO DATA,NO DATA,NO DATA
d475141e-cc42-4144-9431-27a6faefa4be,8,NO DATA,NO DATA,NO DATA,NO DATA,NO DATA,NO DATA,41.8,46.0,41.7,NO DATA,NO DATA,NO DATA,NO DATA
d49bdd8d-9140-45b4-a6e1-60d245967ef8,12,42.9,42.0,42.4,35.1,NO DATA,NO DATA,NO DATA,NO DATA,NO DATA,NO DATA,NO DATA,NO DATA,NO DATA
d4a9097d-e827-4e2d-8411-b02ea71860bb,10,35.8,23.6,NO DATA,NO DATA,NO DATA,NO DATA,NO DATA,NO DATA,NO DATA,NO DATA,NO DATA,NO DATA,NO DATA
d4b2688f-244a-426a-b418-34b6d767d440,10,NO DATA,NO DATA,NO DATA,NO DATA,44.5,NO DATA,47.4,NO DATA,NO DATA,NO DATA,NO DATA,NO DATA,NO DATA
d4cc58ec-2b1a-4b0d-ae51-211fb9b789c1,10,NO DATA,34.9,NO DATA,36.0,32.7,29.1,33.4,33.5,24.4,NO DATA,NO DATA,NO DATA,NO DATA
d4e1470e-9739-4568-8973-75ccf258dcf4,6,NO DATA,NO DATA,NO DATA,NO DATA,40.9,NO DATA,NO DATA,NO DATA,NO DATA,NO DATA,NO DATA,NO DATA,NO DATA
d5011a9c-8e8b-417d-b21e-c03a94185f42,10,NO DATA,NO DATA,NO DATA,NO DATA,NO DATA,NO DATA,NO DATA,35.1,NO DATA,NO DATA,NO DATA,NO DATA,NO DATA
d506065a-32ff-4b20-ac9b-33fd5c0e3f35,8,NO DATA,NO DATA,NO DATA,NO DATA,NO DATA,NO DATA,45.3,NO DATA,NO DATA,NO DATA,NO DATA,NO DATA,NO DATA
d51e7c38-4e49-45eb-9b5a-babe097851b1,10,NO DATA,NO DATA,NO DATA,NO DATA,NO DATA,NO DATA,NO DATA,NO DATA,NO DATA,29.6,NO DATA,NO DATA,NO DATA
d5412e98-0bf6-4036-b20b-35442f2ab189,10,31.5,29.2,27.2,18.8,14.8,NO DATA,NO DATA,NO DATA,NO DATA,NO DATA,NO DATA,NO DATA,NO DATA
d549f5e6-c491-47ff-88b3-33aca58f05a1,6,39.3,NO DATA,NO DATA,NO DATA,NO DATA,NO DATA,NO DATA,NO DATA,NO DATA,NO DATA,NO DATA,NO DATA,NO DATA
d549f5e6-c491-47ff-88b3-33aca58f05a1,10,48.9,NO DATA,41.1,52.4,44.6,39.6,NO DATA,43.4,NO DATA,NO DATA,NO DATA,NO DATA,NO DATA
d5545a3e-6380-41fe-92a4-e3e0f758b723,10,NO DATA,NO DATA,NO DATA,NO DATA,NO DATA,44.2,NO DATA,NO DATA,NO DATA,NO DATA,NO DATA,NO DATA,NO DATA
d560d99b-a9bc-4825-b119-ced39d7cc214,10,34.9,37.3,36.2,33.5,30.7,28.7,27.0,19.9,23.7,41.0,10.9,15.7,17.8
d568ef2c-39be-491f-a462-62b347a53926,8,NO DATA,NO DATA,NO DATA,NO DATA,NO DATA,NO DATA,34.4,32.7,30.5,NO DATA,NO DATA,NO DATA,NO DATA
d571a78d-487a-42e9-a683-42b09af7cd6b,10,NO DATA,30.4,NO DATA,NO DATA,NO DATA,NO DATA,NO DATA,NO DATA,NO DATA,NO DATA,NO DATA,NO DATA,NO DATA
d57aba17-4861-4d57-8ca5-9dc92bff084a,10,NO DATA,NO DATA,NO DATA,NO DATA,NO DATA,NO DATA,NO DATA,NO DATA,NO DATA,NO DATA,NO DATA,38.3,38.7
d5accfa0-dcd6-42b7-aa86-71ba1ef9a3f9,8,NO DATA,NO DATA,NO DATA,NO DATA,NO DATA,NO DATA,34.9,NO DATA,NO DATA,NO DATA,NO DATA,NO DATA,NO DATA
d5af3125-4ea8-4043-bf10-dc2ffa2013be,10,NO DATA,46.5,NO DATA,NO DATA,NO DATA,NO DATA,NO DATA,NO DATA,NO DATA,NO DATA,NO DATA,NO DATA,NO DATA
d5b5b52f-4de4-4e39-b146-19b01fc4d578,10,29.8,31.1,24.2,19.9,15.5,NO DATA,NO DATA,NO DATA,43.3,38.0,NO DATA,NO DATA,NO DATA
d5ba5071-71db-4ce4-8e1b-211a73de4224,10,32.2,33.5,31.2,27.6,NO DATA,NO DATA,20.6,31.8,9.7,NO DATA,NO DATA,NO DATA,NO DATA
d5bcaad8-7cd9-4fd4-beb5-e0a41ab58329,6,NO DATA,NO DATA,NO DATA,24.2,22.5,20.6,23.3,25.3,NO DATA,NO DATA,39.1,24.1,21.0
d5d64d9c-12d8-41b5-8916-e3ff6b92b8ec,10,32.7,34.9,26.9,19.4,16.6,11.3,NO DATA,39.8,35.0,27.7,7.6,NO DATA,NO DATA
d5e94603-6f77-46d1-902b-37bb4b6a2fd5,6,NO DATA,NO DATA,NO DATA,NO DATA,NO DATA,NO DATA,NO DATA,NO DATA,NO DATA,34.8,NO DATA,NO DATA,NO DATA
d5fccd79-8d61-4e1d-83f6-f8259ecaec97,8,22.5,28.6,24.5,27.8,26.2,NO DATA,NO DATA,NO DATA,NO DATA,NO DATA,NO DATA,34.1,30.9
d62cedcd-c0d4-4096-b0e6-cb1da9bcf0ca,8,NO DATA,NO DATA,NO DATA,NO DATA,NO DATA,NO DATA,40.3,NO DATA,NO DATA,NO DATA,NO DATA,NO DATA,NO DATA
d631aebb-b6bc-4419-96d1-bda6d8ee877a,10,45.7,45.3,NO DATA,NO DATA,NO DATA,42.5,NO DATA,NO DATA,25.4,NO DATA,NO DATA,NO DATA,NO DATA
d65f60a7-bd1f-48ac-a31b-cf576cf4439d,10,NO DATA,NO DATA,NO DATA,NO DATA,NO DATA,NO DATA,NO DATA,41.2,NO DATA,NO DATA,NO DATA,NO DATA,NO DATA
d65f60a7-bd1f-48ac-a31b-cf576cf4439d,12,NO DATA,NO DATA,NO DATA,NO DATA,NO DATA,33.7,38.1,23.1,NO DATA,NO DATA,NO DATA,NO DATA,NO DATA
d6647278-a9c2-41ec-a1f8-46d9cfdeb5ed,8,NO DATA,NO DATA,NO DATA,NO DATA,NO DATA,NO DATA,NO DATA,NO DATA,38.8,NO DATA,NO DATA,NO DATA,NO DATA
d6b1aa08-88b4-45be-b656-f050eb60c864,10,NO DATA,42.1,38.8,22.1,NO DATA,NO DATA,NO DATA,NO DATA,40.0,NO DATA,22.7,NO DATA,NO DATA
d6c47fc9-f2c6-46da-8848-8e3202e9b5d3,10,29.2,32.7,31.6,30.2,30.2,33.8,31.0,27.4,24.4,20.9,NO DATA,NO DATA,NO DATA
d6d08d09-678e-4273-bf15-ad5e10738206,6,NO DATA,NO DATA,31.8,27.8,24.9,24.8,NO DATA,NO DATA,24.4,NO DATA,NO DATA,NO DATA,NO DATA
d6f98fdf-3aec-4f58-81e7-e4fafa39a4db,10,36.0,46.5,55.5,52.1,41.1,32.9,32.8,60.1,34.0,NO DATA,NO DATA,NO DATA,NO DATA
d6f9edd7-c4ba-4dcc-826f-cda098e63b64,10,NO DATA,34.6,NO DATA,33.9,NO DATA,NO DATA,NO DATA,NO DATA,NO DATA,NO DATA,NO DATA,NO DATA,NO DATA
d6fbe15c-f5b4-47f9-bad3-044b1a242e5a,10,33.7,34.3,30.8,30.7,30.2,31.0,27.0,17.7,13.8,NO DATA,NO DATA,NO DATA,NO DATA
d70931a0-4fa9-4980-92a4-23bc34b82edd,10,29.1,28.1,20.7,14.1,NO DATA,NO DATA,NO DATA,NO DATA,NO DATA,NO DATA,NO DATA,NO DATA,NO DATA
d7143ea8-0786-4fb8-8a9c-966b63878b84,10,NO DATA,24.7,NO DATA,NO DATA,NO DATA,0.6,NO DATA,NO DATA,NO DATA,NO DATA,NO DATA,NO DATA,NO DATA
d72b698b-68b4-4f39-baae-221d229aff9d,10,30.3,31.8,30.1,28.4,26.1,NO DATA,NO DATA,NO DATA,42.6,37.2,13.5,NO DATA,NO DATA
d750986e-5f87-4dd3-9a47-6b208e05c66c,10,NO DATA,49.1,NO DATA,NO DATA,NO DATA,NO DATA,49.5,NO DATA,NO DATA,NO DATA,NO DATA,NO DATA,NO DATA
d755f362-2e82-4aac-a20e-f79870443e63,10,NO DATA,41.4,40.3,NO DATA,37.0,42.5,NO DATA,NO DATA,34.6,NO DATA,NO DATA,NO DATA,NO DATA
d7770e98-82b0-4f7b-9f02-19811e8e4ee7,10,31.4,35.7,NO DATA,NO DATA,NO DATA,NO DATA,NO DATA,NO DATA,NO DATA,NO DATA,NO DATA,NO DATA,NO DATA
d77bfe99-450d-48b6-b052-ccadee7c98cb,10,NO DATA,NO DATA,NO DATA,NO DATA,NO DATA,NO DATA,43.0,37.5,NO DATA,NO DATA,NO DATA,NO DATA,NO DATA
d78df22d-90b8-44d9-9f5d-a85bc07444c3,8,NO DATA,NO DATA,NO DATA,NO DATA,NO DATA,NO DATA,38.7,36.0,31.4,26.0,NO DATA,NO DATA,NO DATA
d79b2c35-7d31-4830-b51d-86f829556732,6,NO DATA,25.1,NO DATA,NO DATA,NO DATA,NO DATA,NO DATA,NO DATA,NO DATA,NO DATA,NO DATA,NO DATA,NO DATA
d7a98d18-55a7-4b6e-8c0b-64f8671b5070,8,NO DATA,NO DATA,NO DATA,NO DATA,NO DATA,NO DATA,NO DATA,NO DATA,27.2,29.1,25.5,22.0,14.2
d7b7f2f7-247f-47d8-9dcf-33d583fb04ed,12,NO DATA,NO DATA,NO DATA,NO DATA,NO DATA,NO DATA,NO DATA,NO DATA,39.9,33.8,7.8,10.1,NO DATA
d7c6febd-99fd-4382-9132-ab58c6f282e8,10,NO DATA,NO DATA,NO DATA,NO DATA,NO DATA,NO DATA,NO DATA,NO DATA,NO DATA,NO DATA,NO DATA,46.2,48.0
d7ca5955-642f-4b19-ae34-1945123f2ba9,8,NO DATA,NO DATA,NO DATA,NO DATA,NO DATA,NO DATA,49.6,NO DATA,NO DATA,NO DATA,NO DATA,NO DATA,NO DATA
d7cedf83-eb17-4259-b7d0-6d05fcbb9704,8,NO DATA,NO DATA,NO DATA,NO DATA,NO DATA,NO DATA,40.1,NO DATA,NO DATA,NO DATA,NO DATA,NO DATA,NO DATA
d7e42cd4-fb33-4a4e-9dab-7a1bb4c63195,10,28.8,29.4,26.6,17.0,10.1,29.6,42.1,40.0,41.7,NO DATA,NO DATA,NO DATA,NO DATA
d7e7b5b3-aa64-464c-b406-81d1cd6ebf49,12,NO DATA,NO DATA,NO DATA,48.8,55.7,NO DATA,NO DATA,NO DATA,NO DATA,NO DATA,NO DATA,NO DATA,NO DATA
d7ee686d-e5de-4f80-9547-31d42b909f0b,10,27.2,32.9,32.8,32.8,38.4,39.9,NO DATA,NO DATA,NO DATA,NO DATA,NO DATA,NO DATA,NO DATA
d801d868-c968-4b5b-93fc-d64d10324282,10,NO DATA,NO DATA,NO DATA,NO DATA,NO DATA,46.4,NO DATA,NO DATA,NO DATA,NO DATA,NO DATA,NO DATA,NO DATA
d804bf5e-1e00-4c5b-8825-1a707b5e8b37,6,NO DATA,NO DATA,NO DATA,NO DATA,NO DATA,NO DATA,33.5,30.8,NO DATA,NO DATA,NO DATA,NO DATA,NO DATA
d80ef260-2c0a-4b0c-bbc5-a1a14af81e97,10,NO DATA,33.9,31.7,NO DATA,NO DATA,NO DATA,NO DATA,NO DATA,NO DATA,NO DATA,NO DATA,NO DATA,NO DATA
d811c8b7-bcbe-45a3-a69e-2824e0f46e95,8,NO DATA,NO DATA,NO DATA,NO DATA,NO DATA,NO DATA,37.3,46.1,NO DATA,NO DATA,NO DATA,NO DATA,NO DATA
d817b09a-9565-435c-9b72-b23d23977554,10,32.9,34.3,NO DATA,NO DATA,NO DATA,NO DATA,NO DATA,NO DATA,NO DATA,NO DATA,NO DATA,NO DATA,NO DATA
d85345c7-6d70-4cb5-b553-cb66f6635c35,10,NO DATA,NO DATA,NO DATA,NO DATA,NO DATA,NO DATA,NO DATA,NO DATA,NO DATA,NO DATA,NO DATA,38.7,37.5
d8790fb4-5846-4d27-ac02-96d5cea36d3f,8,32.0,44.8,41.2,36.9,37.5,42.0,43.1,41.7,39.1,41.9,NO DATA,28.3,27.3
d889e79e-acd9-4f34-9860-ea55882e4df5,10,29.2,12.5,19.7,NO DATA,13.1,13.9,NO DATA,NO DATA,NO DATA,NO DATA,NO DATA,NO DATA,NO DATA
d895ea57-0fca-4124-b58c-a13742d39634,6,10.2,NO DATA,NO DATA,NO DATA,NO DATA,NO DATA,NO DATA,NO DATA,NO DATA,NO DATA,NO DATA,NO DATA,NO DATA
d895ea57-0fca-4124-b58c-a13742d39634,8,13.6,22.9,24.3,NO DATA,NO DATA,NO DATA,NO DATA,NO DATA,NO DATA,NO DATA,NO DATA,33.5,29.4
d895ea57-0fca-4124-b58c-a13742d39634,10,NO DATA,NO DATA,NO DATA,NO DATA,NO DATA,NO DATA,NO DATA,NO DATA,NO DATA,44.2,14.2,NO DATA,NO DATA
d8bab110-116f-42b2-9dc9-a4d3ab304c32,8,NO DATA,NO DATA,NO DATA,NO DATA,NO DATA,NO DATA,39.9,37.4,32.3,28.7,NO DATA,13.5,12.0
d8cdc76e-3ecf-42be-9359-0ba17e74c21a,10,29.9,32.8,35.0,NO DATA,NO DATA,NO DATA,NO DATA,NO DATA,30.6,NO DATA,NO DATA,NO DATA,NO DATA
d904a969-1ccd-4c6c-8c09-289082c38066,10,29.8,43.0,43.3,NO DATA,NO DATA,16.0,NO DATA,NO DATA,NO DATA,NO DATA,NO DATA,NO DATA,NO DATA
d90c04da-cd43-4ceb-9da7-9a0fe6d73a51,10,30.4,NO DATA,NO DATA,NO DATA,NO DATA,NO DATA,NO DATA,NO DATA,NO DATA,NO DATA,NO DATA,NO DATA,NO DATA
d915274e-3bc6-4681-8e2d-8d18c254e7f6,8,NO DATA,NO DATA,NO DATA,NO DATA,NO DATA,NO DATA,NO DATA,38.5,19.1,NO DATA,NO DATA,NO DATA,NO DATA
d9559a77-ea43-412d-9120-a66373fd4923,10,33.4,NO DATA,NO DATA,NO DATA,NO DATA,38.2,NO DATA,NO DATA,NO DATA,NO DATA,NO DATA,NO DATA,NO DATA
d95e4417-2c99-47e9-a45a-c84e1eecdeca,6,NO DATA,NO DATA,NO DATA,NO DATA,NO DATA,NO DATA,31.0,NO DATA,NO DATA,NO DATA,NO DATA,NO DATA,NO DATA
d969d40e-c9d3-44b4-aafe-9d2f8252b107,8,NO DATA,NO DATA,NO DATA,NO DATA,NO DATA,NO DATA,38.7,NO DATA,NO DATA,NO DATA,NO DATA,NO DATA,NO DATA
d97c6e73-1b03-4bde-938d-7d8412ab52a1,10,23.8,NO DATA,NO DATA,NO DATA,NO DATA,NO DATA,NO DATA,NO DATA,NO DATA,NO DATA,NO DATA,NO DATA,NO DATA
d9841b47-1073-4cde-8b4c-9bca0058db0d,10,NO DATA,42.5,NO DATA,NO DATA,NO DATA,NO DATA,NO DATA,NO DATA,NO DATA,NO DATA,NO DATA,NO DATA,NO DATA
d98b8cd3-411e-4feb-980a-df7adf2a1a35,8,NO DATA,NO DATA,NO DATA,NO DATA,NO DATA,NO DATA,36.5,33.5,29.0,24.9,NO DATA,NO DATA,NO DATA
d9af5e92-4378-4880-acf3-d668235417df,10,36.6,NO DATA,NO DATA,NO DATA,NO DATA,NO DATA,NO DATA,NO DATA,NO DATA,NO DATA,NO DATA,NO DATA,NO DATA
d9c0eb84-b84f-4e8c-998c-b8f11feda185,10,31.4,31.7,NO DATA,NO DATA,NO DATA,NO DATA,NO DATA,NO DATA,NO DATA,NO DATA,NO DATA,NO DATA,NO DATA
d9d4c66e-332f-427c-a25a-f1135dba0d7a,6,26.6,26.0,NO DATA,NO DATA,42.4,42.0,25.4,NO DATA,NO DATA,NO DATA,NO DATA,NO DATA,NO DATA
d9d587da-a648-4e52-b6c6-6d9e9e77e398,10,NO DATA,NO DATA,NO DATA,NO DATA,NO DATA,NO DATA,NO DATA,44.3,55.7,NO DATA,NO DATA,NO DATA,NO DATA
d9f16bbe-6743-45de-8156-4366c0c3a6fc,10,34.8,41.0,41.0,46.5,35.8,39.2,NO DATA,NO DATA,NO DATA,NO DATA,NO DATA,NO DATA,NO DATA
da036eee-f167-422d-a26d-bc99c2ae6cf1,10,38.5,41.7,38.4,NO DATA,55.9,39.6,41.0,37.0,34.9,31.3,NO DATA,NO DATA,NO DATA
da0d7dc8-88ae-462b-a594-7474aaa305d0,10,35.1,35.3,40.6,37.5,32.8,NO DATA,NO DATA,NO DATA,NO DATA,NO DATA,NO DATA,NO DATA,NO DATA
da17e5d6-f13d-4d02-8c3b-03b34cfe03e6,8,NO DATA,NO DATA,NO DATA,NO DATA,56.0,35.6,57.9,54.9,NO DATA,NO DATA,NO DATA,NO DATA,NO DATA
da27ae52-51eb-40c1-8e1b-4b7260f83438,8,NO DATA,NO DATA,NO DATA,NO DATA,NO DATA,NO DATA,NO DATA,37.3,34.6,NO DATA,NO DATA,NO DATA,NO DATA
da325acd-2868-49b6-b52e-b45c8fc927fc,8,NO DATA,NO DATA,NO DATA,NO DATA,NO DATA,NO DATA,NO DATA,NO DATA,35.4,36.1,NO DATA,NO DATA,NO DATA
da3c2992-e00e-4781-87a1-30287135d485,10,NO DATA,NO DATA,NO DATA,NO DATA,42.8,38.2,36.6,39.9,NO DATA,NO DATA,NO DATA,NO DATA,NO DATA
da4b2605-8ea3-46d2-b215-9791260fc1cb,10,NO DATA,NO DATA,36.4,38.0,34.8,34.6,30.3,27.3,25.6,49.7,34.8,38.2,33.5
da4ca979-d615-4a54-9340-f85e984db37d,6,22.9,26.4,23.4,22.0,18.0,19.2,17.5,10.1,NO DATA,NO DATA,NO DATA,NO DATA,NO DATA
da5d0592-2cb8-4593-b03d-87d2ffb60f00,8,NO DATA,NO DATA,NO DATA,NO DATA,NO DATA,NO DATA,NO DATA,28.0,NO DATA,NO DATA,NO DATA,NO DATA,NO DATA
da5d5728-1e6a-498c-a9d4-3d5ffd44242d,10,29.5,32.3,27.8,NO DATA,NO DATA,NO DATA,NO DATA,NO DATA,43.4,42.2,NO DATA,NO DATA,NO DATA
da612bf3-c37b-4e4f-91d4-b8b0c4d94697,10,NO DATA,NO DATA,43.6,37.6,37.0,NO DATA,40.8,NO DATA,NO DATA,NO DATA,NO DATA,NO DATA,NO DATA
da6a7c6c-497e-4258-ba6b-fca3af028491,10,35.2,37.8,NO DATA,NO DATA,NO DATA,NO DATA,NO DATA,NO DATA,51.4,56.2,47.7,41.0,41.8
da813717-2442-4f9f-80b4-c3abe9145de6,8,NO DATA,NO DATA,NO DATA,NO DATA,NO DATA,NO DATA,38.2,33.4,32.3,NO DATA,NO DATA,NO DATA,NO DATA
da8520bf-b3f0-4bd1-b319-eaae2d955c9c,10,NO DATA,NO DATA,45.9,40.0,43.3,34.2,23.2,17.7,NO DATA,NO DATA,NO DATA,NO DATA,NO DATA
daa40977-6b7f-4b35-bac3-affabd435509,10,NO DATA,48.0,NO DATA,NO DATA,NO DATA,NO DATA,NO DATA,NO DATA,NO DATA,NO DATA,NO DATA,NO DATA,NO DATA
daa83ffb-e571-475c-ae9f-f9ede69ce7ff,10,NO DATA,NO DATA,36.5,35.9,33.1,28.4,23.9,18.8,30.7,41.6,NO DATA,31.6,30.2
dabf8cc8-c53e-4b2a-a943-700eb8ae9d2a,6,20.4,NO DATA,NO DATA,19.5,NO DATA,NO DATA,NO DATA,NO DATA,NO DATA,NO DATA,NO DATA,NO DATA,NO DATA
dac7e1cc-e1cf-4996-a312-c7de8a78649f,10,NO DATA,42.1,39.6,NO DATA,NO DATA,NO DATA,NO DATA,NO DATA,NO DATA,NO DATA,NO DATA,NO DATA,NO DATA
dac887ec-6999-4d4f-ad8a-4d734a11f983,10,29.6,34.0,NO DATA,20.1,44.4,39.1,43.5,NO DATA,NO DATA,NO DATA,NO DATA,NO DATA,NO DATA
dacd00e5-87fd-410b-9172-1861b514e7f7,10,20.7,NO DATA,NO DATA,NO DATA,NO DATA,NO DATA,NO DATA,NO DATA,NO DATA,NO DATA,NO DATA,NO DATA,NO DATA
dacd553e-9d81-4d28-b919-b4e7264162d5,8,NO DATA,NO DATA,NO DATA,NO DATA,NO DATA,NO DATA,35.0,33.0,NO DATA,NO DATA,NO DATA,NO DATA,NO DATA
dacee991-917a-4e5e-bac7-070530099972,10,28.8,35.7,32.9,34.0,30.1,39.7,43.3,27.9,10.0,NO DATA,NO DATA,NO DATA,NO DATA
dadb539c-2054-4317-9cac-4568b9b38fd7,12,NO DATA,NO DATA,NO DATA,NO DATA,NO DATA,NO DATA,67.2,53.1,NO DATA,NO DATA,NO DATA,NO DATA,NO DATA
dae7a735-98a7-4f6a-bca9-96d970fe67e4,6,5.0,24.3,NO DATA,NO DATA,NO DATA,NO DATA,35.1,NO DATA,NO DATA,NO DATA,NO DATA,NO DATA,NO DATA
daf228a2-2c8c-4248-81b5-ebadf027c565,6,NO DATA,NO DATA,NO DATA,NO DATA,NO DATA,NO DATA,NO DATA,NO DATA,30.0,29.7,NO DATA,NO DATA,NO DATA
db1c7111-5688-4ea9-b79d-26187db85211,6,NO DATA,NO DATA,NO DATA,24.9,8.3,NO DATA,NO DATA,NO DATA,NO DATA,NO DATA,NO DATA,NO DATA,NO DATA
db378a6b-834d-4dd9-9903-3e632db7bdfc,10,39.3,36.3,38.3,NO DATA,NO DATA,NO DATA,NO DATA,NO DATA,NO DATA,NO DATA,NO DATA,NO DATA,NO DATA
db488ee4-b1f9-4ac9-8729-ac55680ba678,10,36.2,36.8,NO DATA,NO DATA,NO DATA,NO DATA,NO DATA,NO DATA,NO DATA,NO DATA,NO DATA,NO DATA,NO DATA
db4f88d7-719c-4bd8-92fe-9f6049f2df45,10,22.5,NO DATA,NO DATA,NO DATA,NO DATA,NO DATA,NO DATA,NO DATA,NO DATA,NO DATA,NO DATA,NO DATA,NO DATA
db5df998-3439-4173-b009-5a95dbb0e817,10,NO DATA,NO DATA,NO DATA,NO DATA,NO DATA,NO DATA,46.9,NO DATA,NO DATA,NO DATA,NO DATA,NO DATA,NO DATA
db655395-cc64-484f-867c-5b1ac11d58d3,10,27.6,30.1,29.1,26.4,22.3,20.6,19.4,NO DATA,NO DATA,NO DATA,NO DATA,NO DATA,NO DATA
db6ae093-61b6-42a6-b627-a0a241002947,10,NO DATA,NO DATA,39.5,41.6,43.7,41.4,NO DATA,NO DATA,NO DATA,NO DATA,NO DATA,NO DATA,NO DATA
db6e4aa0-bf54-4468-aa48-dfacb3780cc7,10,35.8,38.4,NO DATA,NO DATA,NO DATA,NO DATA,NO DATA,27.4,35.0,20.2,NO DATA,NO DATA,NO DATA
db87d154-e8b9-4147-926d-91b71b5367d9,10,28.6,23.0,16.9,11.2,9.2,NO DATA,NO DATA,NO DATA,45.7,57.0,37.6,39.4,39.4
db8c2cb7-0d96-4026-9e3d-da88fd9fe397,8,NO DATA,NO DATA,NO DATA,NO DATA,NO DATA,NO DATA,30.8,33.5,33.2,23.4,NO DATA,NO DATA,NO DATA
dbbbdf86-55f3-449b-b4fb-16548e2ff43f,12,NO DATA,NO DATA,NO DATA,43.2,41.3,37.4,31.4,27.3,NO DATA,NO DATA,NO DATA,NO DATA,NO DATA
dbe0da5a-ad61-4e9c-89bd-534cec327920,8,NO DATA,NO DATA,NO DATA,NO DATA,NO DATA,NO DATA,38.9,28.6,NO DATA,NO DATA,NO DATA,NO DATA,NO DATA
dbe52cf5-74da-4223-8657-000010f37222,10,NO DATA,NO DATA,NO DATA,NO DATA,NO DATA,61.0,NO DATA,NO DATA,NO DATA,NO DATA,NO DATA,NO DATA,NO DATA
dbeab2a4-2484-453d-836e-ee285e96dc75,8,NO DATA,NO DATA,NO DATA,NO DATA,NO DATA,NO DATA,NO DATA,33.6,29.7,26.1,NO DATA,4.4,NO DATA
dbf37efc-9e06-45d4-8b87-cbee178112de,10,NO DATA,NO DATA,NO DATA,NO DATA,NO DATA,NO DATA,NO DATA,NO DATA,38.8,30.0,13.4,8.4,6.6
dc1b5843-ba4d-4500-a88d-be3e954fdd3e,8,NO DATA,NO DATA,NO DATA,NO DATA,NO DATA,NO DATA,NO DATA,44.1,NO DATA,NO DATA,NO DATA,NO DATA,NO DATA
dc38fa2e-3fe3-460b-87ea-4834e35a8b23,10,35.6,32.5,32.9,26.0,NO DATA,NO DATA,NO DATA,NO DATA,NO DATA,NO DATA,NO DATA,NO DATA,NO DATA
dc658ef4-4cd9-4bf4-b284-55083027655d,10,NO DATA,31.9,41.6,NO DATA,NO DATA,NO DATA,NO DATA,19.7,12.9,NO DATA,NO DATA,NO DATA,NO DATA
dc8a98a2-5007-447d-a17b-66ff009270fd,6,NO DATA,NO DATA,NO DATA,NO DATA,NO DATA,NO DATA,NO DATA,NO DATA,36.4,32.6,NO DATA,NO DATA,NO DATA
dc9ad426-5609-43ed-ae69-8075fa89495a,10,33.1,38.1,NO DATA,NO DATA,NO DATA,NO DATA,NO DATA,NO DATA,NO DATA,NO DATA,NO DATA,NO DATA,NO DATA
dcb19569-ebab-4064-87a6-d8614f526d3d,10,29.6,20.3,NO DATA,NO DATA,NO DATA,NO DATA,NO DATA,NO DATA,NO DATA,NO DATA,NO DATA,NO DATA,NO DATA
dcc2e593-8911-46c1-a0b4-216ca1159b84,8,NO DATA,NO DATA,NO DATA,NO DATA,NO DATA,NO DATA,34.6,29.8,29.7,23.0,NO DATA,NO DATA,NO DATA
dcc9c9fd-1161-44ef-a828-c4ad92f846f4,8,NO DATA,NO DATA,NO DATA,NO DATA,NO DATA,NO DATA,32.8,29.2,17.0,NO DATA,NO DATA,NO DATA,NO DATA
dcd80e89-1d5a-4bca-9430-18b2aeac66b6,8,NO DATA,NO DATA,NO DATA,NO DATA,NO DATA,NO DATA,NO DATA,NO DATA,NO DATA,NO DATA,17.9,NO DATA,NO DATA
dcf5fc7f-8614-4f62-b16a-112d317116d5,8,35.9,28.2,NO DATA,NO DATA,NO DATA,NO DATA,NO DATA,NO DATA,NO DATA,NO DATA,NO DATA,NO DATA,NO DATA
dd0c9a0c-2871-4cdd-8217-20b2783dcd9c,10,NO DATA,34.8,32.2,29.5,24.8,22.5,29.7,22.3,18.8,8.4,NO DATA,NO DATA,NO DATA
dd11c306-1612-403c-ad52-260b78212c20,10,31.5,24.5,19.0,NO DATA,NO DATA,NO DATA,NO DATA,NO DATA,37.5,38.6,NO DATA,NO DATA,NO DATA
dd31c59d-7a61-4e49-9b3d-e0b387bc4234,10,NO DATA,30.1,27.1,26.2,19.7,16.4,10.1,NO DATA,39.7,47.3,NO DATA,NO DATA,NO DATA
dd400c8e-3e3b-4741-a0ff-44f0e1e1674a,10,31.7,32.9,32.0,NO DATA,NO DATA,NO DATA,NO DATA,NO DATA,NO DATA,NO DATA,NO DATA,NO DATA,NO DATA
dd42ac67-2b89-4bd3-a00d-347cc32b670e,8,NO DATA,NO DATA,NO DATA,NO DATA,NO DATA,NO DATA,NO DATA,36.8,NO DATA,NO DATA,NO DATA,NO DATA,NO DATA
dd574796-7420-46e4-beaa-6450e587921b,8,NO DATA,NO DATA,NO DATA,NO DATA,NO DATA,NO DATA,37.2,23.0,NO DATA,NO DATA,NO DATA,NO DATA,NO DATA
dd6291d3-b775-4e5f-8947-c04b78b2094d,12,NO DATA,NO DATA,NO DATA,NO DATA,NO DATA,NO DATA,NO DATA,NO DATA,57.7,NO DATA,NO DATA,NO DATA,NO DATA
dd77470c-8cdb-4627-8b1a-5aaf6fedbe47,10,27.9,27.1,NO DATA,NO DATA,NO DATA,NO DATA,NO DATA,NO DATA,NO DATA,NO DATA,NO DATA,NO DATA,NO DATA
dd8b5f73-0619-4657-8773-326f1ffe4c86,8,NO DATA,NO DATA,NO DATA,NO DATA,NO DATA,NO DATA,42.3,36.6,29.7,22.1,NO DATA,NO DATA,NO DATA
dd9a11dc-c7a4-4ecc-9da8-11dde9cd9722,6,11.7,NO DATA,NO DATA,NO DATA,NO DATA,NO DATA,NO DATA,NO DATA,NO DATA,NO DATA,NO DATA,NO DATA,NO DATA
dd9a11dc-c7a4-4ecc-9da8-11dde9cd9722,8,27.5,30.6,30.1,25.7,21.9,24.8,22.4,20.1,17.4,22.9,23.5,27.7,14.8
dd9be9cc-deeb-4148-a248-1d8624875dec,10,31.6,32.4,27.8,28.2,26.7,24.7,25.6,NO DATA,NO DATA,NO DATA,NO DATA,NO DATA,NO DATA
dda96c35-64f7-451a-a712-28e6e537e110,10,37.8,NO DATA,NO DATA,NO DATA,NO DATA,NO DATA,NO DATA,39.8,37.7,30.0,26.1,NO DATA,NO DATA
ddb64826-a6cf-49a3-a682-124ab5081cbf,6,NO DATA,28.7,22.6,NO DATA,NO DATA,20.6,39.6,NO DATA,NO DATA,14.7,NO DATA,NO DATA,NO DATA
ddc3777e-824e-42d0-8895-cd7caf855ce5,10,29.8,38.6,NO DATA,NO DATA,NO DATA,NO DATA,NO DATA,NO DATA,NO DATA,NO DATA,NO DATA,NO DATA,NO DATA
ddcb22aa-fded-44cd-a0ef-fc0d9e857b56,10,31.5,35.5,35.4,34.2,33.3,36.5,36.1,36.2,35.2,29.8,NO DATA,NO DATA,NO DATA
ddf04c17-379a-480d-adfc-686e8dafe877,10,NO DATA,35.2,34.7,30.6,29.2,30.6,32.0,28.2,29.1,22.3,14.9,NO DATA,NO DATA
ddf9becc-36ba-455b-b8fb-d3f360967352,6,25.3,23.8,NO DATA,NO DATA,NO DATA,NO DATA,NO DATA,NO DATA,NO DATA,NO DATA,NO DATA,NO DATA,NO DATA
ddfdb4ac-c143-4b60-af61-29c508e0a553,8,NO DATA,NO DATA,NO DATA,NO DATA,NO DATA,NO DATA,37.7,34.2,31.6,28.3,NO DATA,NO DATA,NO DATA
de000526-093f-44ca-83e4-915ab16fd512,6,6.1,NO DATA,NO DATA,NO DATA,NO DATA,NO DATA,NO DATA,NO DATA,NO DATA,NO DATA,NO DATA,NO DATA,NO DATA
de000526-093f-44ca-83e4-915ab16fd512,8,4.3,NO DATA,NO DATA,NO DATA,NO DATA,NO DATA,NO DATA,NO DATA,NO DATA,NO DATA,NO DATA,NO DATA,NO DATA
de13b090-b5e4-4390-b6ea-d7059a27e570,6,NO DATA,NO DATA,NO DATA,NO DATA,NO DATA,NO DATA,NO DATA,27.2,NO DATA,NO DATA,NO DATA,NO DATA,NO DATA
de169d21-5d2e-4be2-9b0b-7da85516c314,10,NO DATA,NO DATA,NO DATA,NO DATA,NO DATA,NO DATA,NO DATA,43.9,NO DATA,NO DATA,NO DATA,NO DATA,NO DATA
de174874-8593-4670-9617-3a4b86af7962,8,NO DATA,NO DATA,NO DATA,NO DATA,NO DATA,NO DATA,50.5,46.0,39.2,39.8,22.1,NO DATA,NO DATA
de17f051-e698-4c3e-9f4c-03cd2a1c27b5,10,36.9,39.3,42.9,NO DATA,NO DATA,NO DATA,NO DATA,NO DATA,NO DATA,NO DATA,NO DATA,NO DATA,NO DATA
de2e14e7-dd22-4cce-8238-7631e751ce39,10,NO DATA,30.1,NO DATA,NO DATA,NO DATA,NO DATA,NO DATA,NO DATA,NO DATA,NO DATA,NO DATA,NO DATA,NO DATA
de477230-b549-4cef-9734-bc6d7414477c,10,35.4,33.5,NO DATA,NO DATA,NO DATA,NO DATA,NO DATA,NO DATA,NO DATA,NO DATA,NO DATA,NO DATA,NO DATA
de4e7147-f0d3-499a-a731-35b901224e9b,10,NO DATA,NO DATA,35.3,33.0,31.6,30.3,32.4,31.0,24.9,22.7,NO DATA,NO DATA,NO DATA
de5c0acf-a852-4749-8611-fc3ac7afbdb4,8,27.2,21.9,NO DATA,NO DATA,NO DATA,NO DATA,NO DATA,NO DATA,NO DATA,NO DATA,NO DATA,NO DATA,NO DATA
de5ce71c-a6ee-4437-9997-7c15009c8a1f,6,24.4,23.1,23.6,NO DATA,NO DATA,NO DATA,NO DATA,NO DATA,NO DATA,NO DATA,NO DATA,NO DATA,NO DATA
de70e3a9-2ecb-471c-87d2-1de4d1ad3010,8,NO DATA,NO DATA,NO DATA,NO DATA,NO DATA,NO DATA,32.9,NO DATA,NO DATA,NO DATA,NO DATA,NO DATA,NO DATA
de781d9a-7fdd-4ef3-b38a-084647054140,10,26.9,28.6,21.0,NO DATA,NO DATA,NO DATA,NO DATA,NO DATA,NO DATA,NO DATA,NO DATA,NO DATA,NO DATA
de832a3d-7b76-4a8e-8796-68ed58a3d58a,10,NO DATA,NO DATA,NO DATA,NO DATA,NO DATA,NO DATA,NO DATA,NO DATA,39.4,37.5,NO DATA,NO DATA,NO DATA
dea4a75a-b9d2-48ee-8ebb-1a45c0f129c4,6,NO DATA,NO DATA,23.3,NO DATA,NO DATA,NO DATA,NO DATA,NO DATA,NO DATA,NO DATA,NO DATA,NO DATA,NO DATA
dea4a75a-b9d2-48ee-8ebb-1a45c0f129c4,8,NO DATA,NO DATA,NO DATA,NO DATA,NO DATA,NO DATA,NO DATA,NO DATA,NO DATA,NO DATA,NO DATA,42.6,44.3
dea4a75a-b9d2-48ee-8ebb-1a45c0f129c4,10,NO DATA,NO DATA,NO DATA,17.0,NO DATA,NO DATA,NO DATA,NO DATA,NO DATA,NO DATA,NO DATA,NO DATA,NO DATA
debb1e1c-b3e6-4024-a21d-4b81081f7feb,10,NO DATA,NO DATA,47.5,24.5,NO DATA,NO DATA,NO DATA,NO DATA,NO DATA,NO DATA,NO DATA,NO DATA,NO DATA
deca5054-3201-403e-922a-16d9439c11b2,6,NO DATA,NO DATA,NO DATA,NO DATA,NO DATA,NO DATA,NO DATA,NO DATA,NO DATA,NO DATA,44.6,29.9,NO DATA
dee104fd-830e-4eaf-9e0a-186622f51451,8,NO DATA,NO DATA,NO DATA,NO DATA,NO DATA,NO DATA,NO DATA,34.2,34.2,28.7,21.3,17.6,15.3
dee13339-0492-4db6-9ad4-aca9ae279227,10,29.1,31.8,NO DATA,NO DATA,NO DATA,NO DATA,NO DATA,NO DATA,NO DATA,NO DATA,NO DATA,NO DATA,NO DATA
deee7e73-c7ec-4058-ba08-21baad489f54,6,NO DATA,NO DATA,NO DATA,NO DATA,NO DATA,NO DATA,27.5,25.1,24.0,NO DATA,NO DATA,NO DATA,NO DATA
defd8070-67f6-44c0-966c-61c616af06e3,10,31.8,33.2,30.4,27.2,15.0,12.4,NO DATA,NO DATA,NO DATA,NO DATA,NO DATA,NO DATA,NO DATA
defe66f5-0051-43f9-afbd-0e066aa08963,10,31.7,30.0,NO DATA,NO DATA,NO DATA,NO DATA,NO DATA,NO DATA,NO DATA,NO DATA,NO DATA,NO DATA,NO DATA
df018124-0074-4682-b5e6-2b5cc7d14ae8,10,27.7,30.2,25.1,19.0,13.8,NO DATA,6.0,NO DATA,NO DATA,NO DATA,NO DATA,NO DATA,NO DATA
df096985-5dee-4d47-82a9-493cd7c3bf16,8,NO DATA,NO DATA,NO DATA,NO DATA,NO DATA,NO DATA,NO DATA,51.7,NO DATA,NO DATA,NO DATA,NO DATA,NO DATA
df21f26d-ddde-49c1-961b-c399ecf18ee9,8,NO DATA,NO DATA,NO DATA,NO DATA,NO DATA,NO DATA,46.2,42.1,NO DATA,NO DATA,NO DATA,NO DATA,NO DATA
df300e61-1172-4481-9a5b-bd3706b2cf1e,10,36.4,NO DATA,NO DATA,NO DATA,NO DATA,NO DATA,NO DATA,NO DATA,NO DATA,NO DATA,NO DATA,NO DATA,NO DATA
df4f128d-3788-4166-9fd5-25b4b49065e3,10,35.5,NO DATA,NO DATA,NO DATA,NO DATA,NO DATA,NO DATA,NO DATA,NO DATA,NO DATA,NO DATA,NO DATA,NO DATA
df59f502-200f-4d00-ac66-d8a0ae2c57b9,10,32.9,26.7,22.4,14.5,8.2,NO DATA,NO DATA,NO DATA,39.7,NO DATA,NO DATA,29.1,30.8
df836ef2-040e-4533-a0ce-e252619567e3,6,23.2,22.7,NO DATA,NO DATA,NO DATA,NO DATA,NO DATA,NO DATA,NO DATA,NO DATA,NO DATA,NO DATA,NO DATA
df8dd646-cc59-4af1-8fe2-c9c537532e89,8,NO DATA,NO DATA,NO DATA,NO DATA,NO DATA,NO DATA,50.1,51.2,46.1,NO DATA,NO DATA,NO DATA,NO DATA
dfd1e981-3128-4ac4-b975-2f2b5f34adac,10,NO DATA,37.3,NO DATA,NO DATA,41.0,37.1,36.5,33.8,31.0,25.6,34.2,36.3,37.8
dfd7e80e-8083-4579-8178-161e65f83ffa,10,NO DATA,36.6,26.9,NO DATA,NO DATA,NO DATA,NO DATA,NO DATA,38.2,NO DATA,NO DATA,NO DATA,NO DATA
dfe02e26-6b41-40f3-b103-9457e581110c,6,NO DATA,26.8,NO DATA,NO DATA,NO DATA,NO DATA,NO DATA,NO DATA,NO DATA,NO DATA,NO DATA,NO DATA,NO DATA
dff93c0a-3c34-4c13-b8f2-4592fb9dde5c,6,16.6,15.8,NO DATA,NO DATA,NO DATA,NO DATA,NO DATA,NO DATA,NO DATA,NO DATA,NO DATA,NO DATA,NO DATA
dff93c0a-3c34-4c13-b8f2-4592fb9dde5c,8,NO DATA,NO DATA,NO DATA,NO DATA,NO DATA,NO DATA,NO DATA,NO DATA,36.2,34.2,NO DATA,24.9,23.1
e0046137-1fb4-4f63-b92e-8a9d65698fa4,10,NO DATA,39.4,40.5,35.4,38.2,34.0,29.3,28.4,14.8,NO DATA,NO DATA,43.0,42.0
e0234f71-ea8d-4b64-98bd-02307cc30a2a,10,NO DATA,NO DATA,NO DATA,NO DATA,NO DATA,NO DATA,NO DATA,NO DATA,41.3,27.0,NO DATA,NO DATA,NO DATA
e038b2ff-026e-416c-bb06-12f120f894c9,10,37.4,45.5,45.9,41.2,37.2,40.5,38.2,36.1,32.6,30.8,NO DATA,9.7,9.7
e09324f5-aefb-4dae-afd4-7c16c203487f,8,NO DATA,NO DATA,NO DATA,NO DATA,NO DATA,NO DATA,43.3,36.2,29.6,14.4,NO DATA,NO DATA,NO DATA
e0a33746-b00a-4dee-8ebe-587d36e1d4f0,6,23.1,27.5,26.1,23.1,21.6,21.8,16.3,27.7,28.3,NO DATA,NO DATA,25.9,25.2
e0ac82b7-796a-43f4-966b-f43e53240bc2,10,NO DATA,32.0,26.1,22.4,18.1,13.5,11.7,6.6,32.0,41.3,NO DATA,35.7,40.4
e0b008a6-f473-48d2-b89e-217a6d577c6d,8,NO DATA,NO DATA,NO DATA,NO DATA,NO DATA,13.8,NO DATA,NO DATA,NO DATA,NO DATA,NO DATA,NO DATA,NO DATA
e0c559d4-3d3c-4a0b-8a81-821529e039c1,10,NO DATA,36.1,36.3,34.9,NO DATA,NO DATA,37.9,NO DATA,NO DATA,NO DATA,NO DATA,NO DATA,NO DATA
e0d24692-90c5-4347-a636-6342a99c8d4a,6,NO DATA,28.4,NO DATA,NO DATA,NO DATA,NO DATA,23.5,20.9,NO DATA,NO DATA,NO DATA,NO DATA,NO DATA
e0d81d58-b77d-4a0a-9455-c68d61d599fa,10,NO DATA,32.5,NO DATA,NO DATA,NO DATA,NO DATA,NO DATA,NO DATA,NO DATA,NO DATA,NO DATA,NO DATA,NO DATA
e0ea0f2b-be32-45ad-9919-8bfb2bab2ebd,10,NO DATA,NO DATA,44.4,NO DATA,NO DATA,NO DATA,NO DATA,NO DATA,39.3,39.9,36.4,12.3,NO DATA
e0f233b1-0d63-4a74-90a8-b8228d729b79,10,NO DATA,34.6,NO DATA,NO DATA,NO DATA,NO DATA,NO DATA,NO DATA,NO DATA,NO DATA,NO DATA,NO DATA,NO DATA
e0f5db37-d366-4327-8d68-2a13ed1640c2,8,NO DATA,NO DATA,NO DATA,NO DATA,NO DATA,36.3,35.6,33.1,26.6,NO DATA,NO DATA,NO DATA,NO DATA
e0ff1b82-4885-4280-b3a8-a98cc3c739a5,10,50.0,49.8,53.6,NO DATA,NO DATA,NO DATA,NO DATA,46.7,46.0,NO DATA,NO DATA,NO DATA,NO DATA
e1075470-d9ae-47f6-b688-7a3af58e660b,10,NO DATA,32.4,28.5,24.2,19.9,16.5,13.4,NO DATA,45.9,38.1,NO DATA,22.8,23.8
e1368ba9-6141-427b-85f1-ca1915be453b,12,NO DATA,NO DATA,NO DATA,NO DATA,NO DATA,NO DATA,NO DATA,NO DATA,NO DATA,NO DATA,NO DATA,42.6,41.1
e1723852-841a-41af-8d31-9cda975f3376,10,35.5,35.2,28.9,NO DATA,NO DATA,NO DATA,NO DATA,NO DATA,NO DATA,NO DATA,NO DATA,NO DATA,NO DATA
e18ba966-affd-49f7-a261-b1f92a19c92b,10,NO DATA,41.4,34.6,31.2,28.1,25.3,25.9,46.5,37.8,42.1,NO DATA,6.9,NO DATA
e192e4c8-70fb-4e10-8069-b531a6063d03,10,34.1,35.0,34.0,30.2,28.3,28.1,23.3,22.5,NO DATA,NO DATA,NO DATA,NO DATA,NO DATA
e1b38c39-45a1-4390-9271-3513edbfe50e,8,NO DATA,NO DATA,NO DATA,NO DATA,NO DATA,NO DATA,38.8,NO DATA,NO DATA,NO DATA,NO DATA,NO DATA,NO DATA
e1bc0005-4095-487d-964e-a579b8929b43,10,NO DATA,NO DATA,NO DATA,NO DATA,NO DATA,45.8,42.3,NO DATA,NO DATA,NO DATA,NO DATA,NO DATA,NO DATA
e1d734b8-eb80-4990-acf4-04d3d96662a2,10,27.5,31.2,27.9,26.9,22.8,19.2,18.6,11.2,24.2,36.3,NO DATA,22.1,22.4
e1d85af4-5850-4fc2-8581-666e3bc980a5,10,NO DATA,NO DATA,NO DATA,NO DATA,NO DATA,NO DATA,41.7,NO DATA,NO DATA,NO DATA,NO DATA,NO DATA,NO DATA
e1e776e2-56ce-4264-8220-e8e7ddc8bbec,6,NO DATA,31.3,30.5,NO DATA,NO DATA,NO DATA,NO DATA,NO DATA,NO DATA,NO DATA,NO DATA,NO DATA,NO DATA
e1e776e2-56ce-4264-8220-e8e7ddc8bbec,10,NO DATA,NO DATA,NO DATA,NO DATA,NO DATA,NO DATA,NO DATA,NO DATA,52.9,49.0,55.0,47.7,42.2
e20f4927-41a1-4a7e-b5d1-c44ff7c88423,10,NO DATA,NO DATA,NO DATA,NO DATA,NO DATA,48.8,NO DATA,NO DATA,NO DATA,NO DATA,NO DATA,NO DATA,NO DATA
e235dcf7-d101-4c92-a0b9-e9ad515c0114,10,NO DATA,38.3,35.7,32.6,30.6,28.2,26.4,32.8,29.7,26.0,NO DATA,NO DATA,NO DATA
e2805f03-476d-4137-89de-c1beabe8a523,10,NO DATA,NO DATA,NO DATA,NO DATA,NO DATA,54.3,NO DATA,NO DATA,NO DATA,NO DATA,NO DATA,NO DATA,NO DATA
e286a37e-15eb-4cad-821f-cfdca43ba24a,8,NO DATA,NO DATA,NO DATA,NO DATA,NO DATA,NO DATA,46.4,NO DATA,NO DATA,NO DATA,NO DATA,NO DATA,NO DATA
e29764c0-d065-4394-aae0-951f66566878,10,38.8,42.0,36.3,32.9,31.7,36.3,34.1,30.7,27.0,40.5,NO DATA,NO DATA,NO DATA
e2baebd7-1e43-45fd-a30f-66147dbf1606,10,29.1,31.2,34.6,NO DATA,NO DATA,NO DATA,NO DATA,33.5,NO DATA,NO DATA,NO DATA,NO DATA,NO DATA
e2db6ea5-ba44-4531-b230-bcca5579a878,10,26.9,NO DATA,NO DATA,NO DATA,NO DATA,NO DATA,NO DATA,NO DATA,NO DATA,NO DATA,NO DATA,NO DATA,NO DATA
e2f54fbb-1265-4dce-9d33-86ef29fb4390,8,NO DATA,44.3,NO DATA,NO DATA,NO DATA,NO DATA,NO DATA,NO DATA,NO DATA,NO DATA,NO DATA,NO DATA,NO DATA
e2fb1fc1-8d03-4f04-8fc9-903b6485f4d4,10,28.0,NO DATA,NO DATA,NO DATA,NO DATA,NO DATA,NO DATA,NO DATA,NO DATA,NO DATA,NO DATA,NO DATA,NO DATA
e323ca2e-1603-4cb6-986f-790a91c17d13,10,36.0,43.2,40.0,35.6,33.6,34.6,28.9,27.2,17.5,NO DATA,NO DATA,NO DATA,NO DATA
e329a540-d62a-4494-88ae-a60af4fcb10c,6,NO DATA,NO DATA,NO DATA,NO DATA,NO DATA,NO DATA,31.5,28.9,27.2,NO DATA,NO DATA,NO DATA,NO DATA
e338a9ad-f702-4f64-a1e1-06ce03fda749,10,34.6,26.4,NO DATA,NO DATA,NO DATA,NO DATA,NO DATA,NO DATA,NO DATA,NO DATA,NO DATA,NO DATA,NO DATA
e33b6544-4cef-48c5-9879-7904a5e53766,10,44.6,NO DATA,47.4,50.1,45.5,40.2,50.9,46.6,42.0,41.1,NO DATA,11.9,NO DATA
e33fd32c-7837-4286-9762-c74be7c603ec,10,30.3,33.9,30.1,28.8,28.2,26.1,22.2,18.7,10.5,NO DATA,NO DATA,29.3,28.1
e35dfa01-647a-496a-9a42-668b3db27ac5,10,35.0,38.0,38.3,NO DATA,NO DATA,NO DATA,NO DATA,NO DATA,NO DATA,NO DATA,NO DATA,NO DATA,NO DATA
e363c823-7b0e-420b-b5e4-c1a543191bd4,10,36.9,40.5,37.4,36.4,33.7,32.5,34.4,34.3,31.0,NO DATA,NO DATA,NO DATA,NO DATA
e36647a8-6b8c-454d-89dc-189f63b8e96c,6,NO DATA,NO DATA,NO DATA,NO DATA,NO DATA,NO DATA,31.8,31.2,28.9,NO DATA,NO DATA,NO DATA,NO DATA
e3710db8-1bee-44bb-9e95-6589e05ca7cf,10,NO DATA,34.8,34.5,NO DATA,NO DATA,NO DATA,NO DATA,29.9,NO DATA,NO DATA,NO DATA,NO DATA,NO DATA
e3836b0d-d785-4ac7-b72e-f95b796c51df,10,31.6,32.1,21.0,15.9,14.3,15.8,16.3,NO DATA,NO DATA,NO DATA,NO DATA,NO DATA,NO DATA
e3884c1a-9813-4a40-8c2d-f6542e09c47d,10,NO DATA,NO DATA,NO DATA,NO DATA,NO DATA,NO DATA,NO DATA,NO DATA,NO DATA,26.9,NO DATA,NO DATA,NO DATA
e39a1e10-feda-4f98-a535-3ff84fe8e2ec,10,27.8,NO DATA,NO DATA,35.4,34.3,NO DATA,NO DATA,NO DATA,NO DATA,NO DATA,NO DATA,NO DATA,NO DATA
e3a3a3b0-adf1-4a0e-9d8f-bbee99d3770f,10,NO DATA,35.6,33.8,32.5,30.6,33.2,31.1,25.2,20.9,12.5,NO DATA,NO DATA,NO DATA
e3be3766-f57a-453c-9782-7cfbc54fa6d0,10,29.8,31.4,31.6,32.4,29.9,31.1,32.2,32.3,28.9,20.7,NO DATA,NO DATA,NO DATA
e3e1b6a1-75fa-4537-a742-fb61ac3eacb6,6,NO DATA,23.0,NO DATA,NO DATA,NO DATA,NO DATA,NO DATA,NO DATA,NO DATA,NO DATA,NO DATA,NO DATA,NO DATA
e410b52b-9e8b-4ba0-be3c-39480b59da39,10,30.6,NO DATA,NO DATA,NO DATA,NO DATA,42.9,77.4,NO DATA,NO DATA,NO DATA,NO DATA,NO DATA,NO DATA
e4353770-0b5d-4935-aeb4-6080db98abdd,10,NO DATA,NO DATA,NO DATA,NO DATA,NO DATA,NO DATA,44.7,44.9,NO DATA,NO DATA,NO DATA,NO DATA,NO DATA
e4463d11-d26b-4aeb-8c5a-da4d1b5c3177,10,31.9,35.1,33.7,32.6,38.0,34.5,NO DATA,NO DATA,34.4,33.7,NO DATA,NO DATA,NO DATA
e44ae416-5023-46c3-aa3e-3094eb905ec3,6,NO DATA,NO DATA,NO DATA,NO DATA,NO DATA,NO DATA,NO DATA,NO DATA,NO DATA,NO DATA,26.6,27.1,27.4
e45837b6-be0f-4dd7-8bf4-eb875ed8d836,10,25.9,35.3,29.8,30.0,28.2,30.3,24.7,22.6,22.6,NO DATA,25.5,12.4,8.2
e46dc723-013b-4306-8203-fd7f9f92a780,8,NO DATA,NO DATA,NO DATA,NO DATA,NO DATA,NO DATA,35.1,NO DATA,NO DATA,NO DATA,NO DATA,NO DATA,NO DATA
e47f0d50-c194-41f9-b906-cea836ce3de5,12,NO DATA,NO DATA,NO DATA,NO DATA,NO DATA,NO DATA,NO DATA,NO DATA,46.3,NO DATA,NO DATA,NO DATA,NO DATA
e492d504-381c-499c-a776-c31aaf81cc23,10,29.1,27.5,NO DATA,NO DATA,30.4,30.5,25.8,NO DATA,NO DATA,NO DATA,NO DATA,NO DATA,NO DATA
e4aac973-deb9-4589-8092-0d5e5e3cf021,10,NO DATA,NO DATA,33.9,30.7,26.3,24.3,22.4,21.6,NO DATA,NO DATA,NO DATA,NO DATA,NO DATA
e4c371a5-454b-4c83-8eb0-5624a5aaf585,10,NO DATA,32.7,32.2,30.3,27.6,24.5,16.5,17.5,NO DATA,NO DATA,NO DATA,NO DATA,NO DATA
e4d726e4-d5c2-4812-b8f8-3cc015507789,6,10.8,24.7,23.3,23.0,17.1,12.2,30.6,36.1,30.7,20.5,NO DATA,NO DATA,NO DATA
e4e1a573-58c2-4786-80f2-648445083292,10,30.1,32.3,20.3,8.4,NO DATA,38.4,45.7,43.2,39.2,36.0,8.4,NO DATA,NO DATA
e4f25fc6-4730-49b6-9729-6c2e1b2c5c27,6,24.1,NO DATA,NO DATA,NO DATA,NO DATA,NO DATA,NO DATA,NO DATA,NO DATA,NO DATA,NO DATA,NO DATA,NO DATA
e4f25fc6-4730-49b6-9729-6c2e1b2c5c27,8,15.3,23.0,23.5,15.5,NO DATA,37.0,35.3,39.3,42.5,44.6,20.9,NO DATA,NO DATA
e502d29f-226c-488c-aed2-343713da62ad,10,36.3,NO DATA,NO DATA,NO DATA,NO DATA,NO DATA,NO DATA,NO DATA,NO DATA,NO DATA,NO DATA,NO DATA,NO DATA
e50457e9-fd1e-43ca-a424-22e4e159dc77,8,NO DATA,NO DATA,NO DATA,NO DATA,NO DATA,NO DATA,NO DATA,NO DATA,31.5,31.3,NO DATA,27.9,NO DATA
e5087242-9aaa-41f4-a221-e6b7a0e50a77,6,NO DATA,NO DATA,NO DATA,NO DATA,NO DATA,NO DATA,NO DATA,NO DATA,NO DATA,NO DATA,0.9,NO DATA,NO DATA
e5087242-9aaa-41f4-a221-e6b7a0e50a77,8,NO DATA,NO DATA,NO DATA,NO DATA,NO DATA,19.0,24.6,NO DATA,NO DATA,NO DATA,NO DATA,NO DATA,NO DATA
e5087242-9aaa-41f4-a221-e6b7a0e50a77,10,36.6,37.5,29.9,18.9,8.9,31.5,NO DATA,47.0,40.2,36.7,35.0,30.9,25.4
e50bbd19-d0b0-4ac1-8c6a-1632e7df2ca8,10,26.4,25.3,21.6,12.7,NO DATA,NO DATA,NO DATA,NO DATA,NO DATA,NO DATA,NO DATA,NO DATA,NO DATA
e50f6e5f-5bad-4b1d-a20d-8f7a6332f640,6,15.2,14.7,NO DATA,NO DATA,NO DATA,NO DATA,NO DATA,NO DATA,NO DATA,NO DATA,NO DATA,NO DATA,NO DATA
e5113fb5-bc0c-40fb-a85a-59a696437b3a,10,NO DATA,41.0,35.7,37.7,NO DATA,NO DATA,40.0,31.5,NO DATA,NO DATA,NO DATA,NO DATA,NO DATA
e52ebe15-1565-45cc-8486-876272594402,10,34.3,38.1,NO DATA,NO DATA,NO DATA,NO DATA,NO DATA,NO DATA,NO DATA,NO DATA,NO DATA,NO DATA,NO DATA
e5513c02-e656-439d-95d3-4039011daf33,10,29.6,NO DATA,NO DATA,NO DATA,NO DATA,NO DATA,NO DATA,NO DATA,NO DATA,NO DATA,NO DATA,NO DATA,NO DATA
e584f03e-004f-4112-8f3f-54ce4ef6de55,10,29.9,NO DATA,NO DATA,NO DATA,NO DATA,NO DATA,NO DATA,NO DATA,NO DATA,NO DATA,NO DATA,NO DATA,NO DATA
e59c8276-fa28-461e-8c23-723173fc42e1,10,NO DATA,NO DATA,NO DATA,NO DATA,NO DATA,NO DATA,NO DATA,NO DATA,46.8,63.0,NO DATA,NO DATA,NO DATA
e5b1572a-32cc-413d-81e4-726d0055feaa,10,NO DATA,NO DATA,NO DATA,38.4,33.9,37.1,37.2,NO DATA,NO DATA,NO DATA,NO DATA,NO DATA,NO DATA
e5bd38e8-a23d-49b8-8487-ae647de3081b,10,NO DATA,33.1,50.0,NO DATA,NO DATA,NO DATA,NO DATA,NO DATA,33.6,NO DATA,NO DATA,NO DATA,NO DATA
e5c46896-dbcb-4840-b418-67889b4ef72d,8,NO DATA,NO DATA,NO DATA,NO DATA,NO DATA,33.3,37.3,35.4,32.6,32.4,NO DATA,NO DATA,NO DATA
e5d3128e-aee4-4dd9-a2b0-2a532fd57b42,12,NO DATA,NO DATA,NO DATA,NO DATA,NO DATA,NO DATA,NO DATA,48.9,NO DATA,39.1,NO DATA,NO DATA,NO DATA
e62eee13-9643-4ff3-a686-f60e0c26d650,6,22.4,21.8,NO DATA,NO DATA,NO DATA,NO DATA,NO DATA,NO DATA,NO DATA,NO DATA,NO DATA,NO DATA,NO DATA
e640fc32-107f-4709-88b5-689ff2359617,8,NO DATA,NO DATA,NO DATA,NO DATA,NO DATA,NO DATA,38.7,NO DATA,NO DATA,NO DATA,NO DATA,NO DATA,NO DATA
e64bf308-4286-44a3-8a09-b74d07b54c1c,10,NO DATA,NO DATA,34.6,28.1,26.0,20.3,22.4,13.3,NO DATA,NO DATA,NO DATA,NO DATA,NO DATA
e6589f5c-dd0b-4cd2-a9ea-64af65c57f23,10,NO DATA,39.3,34.0,19.4,NO DATA,NO DATA,NO DATA,NO DATA,NO DATA,NO DATA,NO DATA,NO DATA,NO DATA
e65e545c-0348-4a1e-811c-6944d9d208ee,6,20.3,21.8,23.0,NO DATA,NO DATA,NO DATA,NO DATA,NO DATA,NO DATA,NO DATA,NO DATA,NO DATA,NO DATA
e65ffeb9-ffea-43af-8715-d10a735b09e1,10,NO DATA,35.6,44.2,NO DATA,NO DATA,NO DATA,NO DATA,NO DATA,NO DATA,NO DATA,NO DATA,NO DATA,NO DATA
e6785bf8-0a3f-488c-b1ad-b0d381861e03,10,NO DATA,41.1,NO DATA,NO DATA,NO DATA,NO DATA,NO DATA,NO DATA,NO DATA,NO DATA,NO DATA,NO DATA,NO DATA
e67e7e2d-bfef-41ee-a965-e0fafd36da5b,10,NO DATA,38.6,38.4,37.1,33.1,33.1,31.7,29.7,26.4,24.1,14.6,15.3,NO DATA
e696f774-79e1-4700-9da1-8dd9ebb39f3b,8,NO DATA,NO DATA,NO DATA,NO DATA,NO DATA,NO DATA,NO DATA,31.1,NO DATA,NO DATA,NO DATA,NO DATA,NO DATA
e69e0e13-732f-4792-8042-010237451ff8,8,NO DATA,NO DATA,NO DATA,NO DATA,NO DATA,30.0,41.4,NO DATA,NO DATA,NO DATA,NO DATA,NO DATA,NO DATA
e6ca2697-4841-4f90-ab52-20adbaf4b565,10,NO DATA,NO DATA,40.1,44.5,50.6,40.7,38.2,37.3,36.3,38.6,31.0,17.2,13.7
e6ca7d69-43a6-491d-9281-169e8bb255e5,10,31.4,34.3,33.0,31.0,29.6,27.9,NO DATA,NO DATA,NO DATA,NO DATA,NO DATA,NO DATA,NO DATA
e6dddccf-6f61-4186-9e62-ea353bdf6dd1,6,NO DATA,NO DATA,NO DATA,14.9,11.9,5.6,NO DATA,NO DATA,NO DATA,NO DATA,NO DATA,NO DATA,NO DATA
e6f021e7-253f-4cfa-976d-0011d7cd9425,6,NO DATA,NO DATA,18.7,17.4,10.8,NO DATA,NO DATA,NO DATA,NO DATA,NO DATA,NO DATA,NO DATA,NO DATA
e6fd1115-b352-4514-b026-0ba03b1bc124,10,NO DATA,41.8,NO DATA,NO DATA,NO DATA,NO DATA,NO DATA,NO DATA,NO DATA,NO DATA,NO DATA,NO DATA,NO DATA
e72b8a18-ba10-49e7-bb56-99093245cb25,10,NO DATA,NO DATA,27.3,26.2,22.6,18.3,NO DATA,NO DATA,NO DATA,NO DATA,NO DATA,NO DATA,NO DATA
e74d6315-b834-4a48-96eb-b7e010fddaab,10,36.5,38.2,NO DATA,39.4,27.5,29.0,27.6,22.8,22.9,NO DATA,NO DATA,NO DATA,NO DATA
e7548805-b2f7-48ff-9c46-c7def654b5a0,6,24.2,NO DATA,NO DATA,NO DATA,NO DATA,NO DATA,NO DATA,NO DATA,NO DATA,NO DATA,NO DATA,NO DATA,NO DATA
e755f3c2-e538-441f-a431-2d96e1d3e537,6,NO DATA,NO DATA,18.8,NO DATA,NO DATA,NO DATA,NO DATA,NO DATA,NO DATA,NO DATA,NO DATA,35.7,35.8
e755f3c2-e538-441f-a431-2d96e1d3e537,8,23.7,21.7,NO DATA,34.9,42.3,39.2,NO DATA,NO DATA,NO DATA,NO DATA,NO DATA,NO DATA,NO DATA
e75b2341-a608-405e-a109-08dd69c69cd3,10,41.0,NO DATA,NO DATA,NO DATA,NO DATA,NO DATA,NO DATA,NO DATA,NO DATA,NO DATA,NO DATA,NO DATA,NO DATA
e75b2420-3ece-4c13-9efc-e9e44c4f0dfe,8,NO DATA,NO DATA,NO DATA,NO DATA,NO DATA,NO DATA,32.4,28.3,NO DATA,NO DATA,NO DATA,NO DATA,NO DATA
e75b2420-3ece-4c13-9efc-e9e44c4f0dfe,10,NO DATA,NO DATA,NO DATA,NO DATA,NO DATA,NO DATA,NO DATA,45.1,38.3,35.2,8.8,7.9,NO DATA
e7638dc5-8eaa-453d-948e-86dc73dc3f92,10,25.5,21.7,10.5,NO DATA,NO DATA,NO DATA,NO DATA,NO DATA,NO DATA,NO DATA,NO DATA,NO DATA,NO DATA
e77bbb82-8a51-4c97-bf93-e0dd1da192ce,8,NO DATA,30.2,NO DATA,NO DATA,NO DATA,27.5,27.9,NO DATA,20.9,NO DATA,NO DATA,NO DATA,NO DATA
e7a5eab0-52ac-4285-9a0c-5e645740acb7,10,NO DATA,30.5,NO DATA,NO DATA,NO DATA,NO DATA,NO DATA,NO DATA,NO DATA,NO DATA,NO DATA,NO DATA,NO DATA
e7ad5173-2a1b-4967-8393-de48119c56c5,8,NO DATA,NO DATA,NO DATA,NO DATA,NO DATA,NO DATA,NO DATA,40.7,36.3,NO DATA,NO DATA,NO DATA,NO DATA
e7adfd90-2a57-4b79-9cb4-338eefb75a88,8,NO DATA,NO DATA,NO DATA,NO DATA,NO DATA,NO DATA,38.9,42.9,33.1,30.1,NO DATA,25.4,25.8
e7b40ef6-6bd5-4f38-b85c-a6da9ce9cee8,8,NO DATA,NO DATA,NO DATA,NO DATA,NO DATA,NO DATA,41.4,41.2,NO DATA,NO DATA,NO DATA,NO DATA,NO DATA
e7b4926e-363c-408a-9bdc-11681b56d7a8,10,30.5,33.4,26.1,NO DATA,NO DATA,NO DATA,NO DATA,NO DATA,NO DATA,NO DATA,NO DATA,NO DATA,NO DATA
e7c6a69e-66bb-4651-90ea-bbf70d32acff,10,26.7,21.9,13.3,NO DATA,NO DATA,NO DATA,NO DATA,NO DATA,51.2,NO DATA,NO DATA,NO DATA,NO DATA
e7cc3944-34fe-4fd4-a534-6663874ac340,8,NO DATA,NO DATA,NO DATA,NO DATA,NO DATA,NO DATA,76.8,40.2,NO DATA,NO DATA,NO DATA,NO DATA,NO DATA
e7dc7790-49e8-40ae-bc00-26b18497b811,8,NO DATA,NO DATA,NO DATA,NO DATA,NO DATA,NO DATA,37.4,35.3,32.9,NO DATA,NO DATA,NO DATA,NO DATA
e7feb283-c1ea-494b-9cb9-a257c544a36d,10,28.3,17.6,NO DATA,NO DATA,NO DATA,NO DATA,NO DATA,NO DATA,NO DATA,NO DATA,NO DATA,NO DATA,NO DATA
e81711fa-9b02-4e78-bbfa-64e36011f240,10,29.3,30.6,24.2,16.3,NO DATA,8.6,NO DATA,NO DATA,41.3,40.8,NO DATA,26.8,26.0
e81b08e9-900c-4fc5-9642-a709fd113f11,10,27.7,31.0,26.9,21.5,19.4,16.2,49.1,41.6,40.9,33.4,NO DATA,NO DATA,NO DATA
e83828bd-5940-42ad-9b36-a255a8ffe3e2,10,29.4,35.2,33.5,25.9,24.9,22.3,14.2,NO DATA,NO DATA,NO DATA,NO DATA,NO DATA,NO DATA
e84e84e2-e6ad-4d95-9a35-a47a63906048,8,NO DATA,NO DATA,NO DATA,NO DATA,NO DATA,NO DATA,37.9,41.3,NO DATA,NO DATA,NO DATA,NO DATA,NO DATA
e8623bb0-12fd-4ffc-9652-13075cef0d0d,10,NO DATA,32.1,29.1,27.4,23.8,17.5,14.1,7.5,22.7,18.1,14.5,13.8,12.0
e877ea7a-3119-41e6-8e3e-acca62340bb6,10,37.4,37.7,NO DATA,NO DATA,NO DATA,NO DATA,NO DATA,NO DATA,NO DATA,NO DATA,NO DATA,NO DATA,NO DATA
e883250d-96ea-49e8-964d-b0d2bb898290,10,NO DATA,34.6,NO DATA,NO DATA,NO DATA,NO DATA,NO DATA,NO DATA,NO DATA,NO DATA,NO DATA,NO DATA,NO DATA
e8ce5c39-78eb-4fa2-bce6-bcb5f342c47f,10,NO DATA,38.1,32.8,32.4,25.6,18.2,NO DATA,NO DATA,NO DATA,NO DATA,NO DATA,NO DATA,NO DATA
e8dfed3d-8b56-4e0b-ad05-35fce68ac209,8,NO DATA,NO DATA,NO DATA,NO DATA,NO DATA,NO DATA,37.1,32.1,33.0,20.5,21.1,21.4,18.0
e8e119fe-a57a-4ed9-9ee4-dc7341f40291,10,37.7,39.5,23.6,NO DATA,NO DATA,NO DATA,NO DATA,NO DATA,NO DATA,NO DATA,NO DATA,NO DATA,NO DATA
e8ea3745-3c1e-444f-8c74-6571f329dba8,10,34.6,33.7,NO DATA,NO DATA,NO DATA,NO DATA,NO DATA,NO DATA,NO DATA,NO DATA,NO DATA,NO DATA,NO DATA
e8eb96ca-652d-48c3-9133-00c80385dde2,10,32.7,33.0,NO DATA,NO DATA,NO DATA,NO DATA,NO DATA,NO DATA,NO DATA,NO DATA,NO DATA,NO DATA,NO DATA
e901f054-c39b-4ce2-8228-1fba965b5a37,12,NO DATA,NO DATA,NO DATA,NO DATA,NO DATA,NO DATA,52.6,54.0,48.9,37.8,NO DATA,38.1,39.1
e90da930-5eec-41a9-a267-40fb582bbfad,10,29.6,30.0,NO DATA,NO DATA,36.5,35.9,NO DATA,NO DATA,NO DATA,NO DATA,NO DATA,NO DATA,NO DATA
e90f10b4-dc33-4233-b4cc-a2be9abc6776,10,39.7,NO DATA,NO DATA,NO DATA,NO DATA,NO DATA,NO DATA,NO DATA,NO DATA,NO DATA,NO DATA,NO DATA,NO DATA
e9225f1b-c6ba-407d-8aa3-e00da049499d,8,NO DATA,NO DATA,NO DATA,NO DATA,NO DATA,NO DATA,29.8,NO DATA,28.9,25.9,10.9,16.8,17.9
e9248a3e-9cee-428a-8496-b6f37b804cb6,10,27.8,35.7,34.8,31.3,22.6,21.6,NO DATA,NO DATA,NO DATA,NO DATA,NO DATA,NO DATA,NO DATA
e93fa0ee-40fc-4666-9ce5-ce81c3823928,6,23.3,NO DATA,NO DATA,NO DATA,NO DATA,NO DATA,NO DATA,NO DATA,NO DATA,NO DATA,NO DATA,NO DATA,NO DATA
e960b7f8-19ef-477b-b48a-b7e289ccc738,6,16.0,10.5,NO DATA,NO DATA,28.2,33.6,27.5,21.4,22.7,25.7,31.0,24.5,23.4
e960b7f8-19ef-477b-b48a-b7e289ccc738,8,NO DATA,24.6,21.4,15.2,11.3,NO DATA,NO DATA,NO DATA,NO DATA,NO DATA,NO DATA,NO DATA,NO DATA
e96efb94-c984-4b98-a7c7-bc272489aa52,10,NO DATA,34.3,36.9,33.4,NO DATA,NO DATA,NO DATA,NO DATA,NO DATA,NO DATA,NO DATA,NO DATA,NO DATA
e97ed844-1a20-4ba1-9328-8d0f7f58b07b,6,NO DATA,NO DATA,NO DATA,NO DATA,NO DATA,NO DATA,32.8,33.9,28.5,NO DATA,NO DATA,NO DATA,NO DATA
e980bcd6-7532-4700-b431-022062cb8874,10,NO DATA,NO DATA,NO DATA,22.7,20.5,17.4,NO DATA,NO DATA,NO DATA,NO DATA,NO DATA,NO DATA,NO DATA
e98e8f54-4e7d-47ad-835a-5ee247fa0daf,10,NO DATA,NO DATA,NO DATA,NO DATA,NO DATA,NO DATA,40.5,36.5,36.7,NO DATA,NO DATA,NO DATA,NO DATA
e9a9a165-f8f4-47dc-a390-dc4b4fbd2612,8,NO DATA,NO DATA,NO DATA,NO DATA,NO DATA,NO DATA,35.3,27.3,20.4,NO DATA,NO DATA,NO DATA,NO DATA
e9c08639-b89c-4ee4-bed2-783206fcdb26,10,30.1,38.6,37.9,37.3,NO DATA,NO DATA,NO DATA,NO DATA,NO DATA,NO DATA,NO DATA,NO DATA,NO DATA
e9c792de-d1ff-45f4-9b43-f8b8f10c4ced,8,NO DATA,33.1,NO DATA,NO DATA,NO DATA,39.0,NO DATA,NO DATA,NO DATA,NO DATA,NO DATA,NO DATA,NO DATA
e9c99dc0-d1a5-461a-ad03-622581d163c0,10,34.9,38.0,36.7,37.4,42.9,37.3,31.1,22.5,18.2,NO DATA,NO DATA,NO DATA,NO DATA
e9cf2277-e6fc-45c5-805e-8297f62a5e25,8,NO DATA,NO DATA,NO DATA,NO DATA,NO DATA,NO DATA,NO DATA,NO DATA,34.5,NO DATA,NO DATA,NO DATA,NO DATA
e9d106e0-3eee-48ee-868d-44b6e708c032,6,18.9,20.0,16.5,12.0,NO DATA,NO DATA,NO DATA,NO DATA,NO DATA,29.2,NO DATA,NO DATA,NO DATA
e9d41ff4-b0ae-4713-9be6-59e671b256e2,10,28.5,33.9,35.6,27.5,28.5,33.5,30.4,24.3,NO DATA,NO DATA,NO DATA,NO DATA,NO DATA
e9f13ca1-0b7d-4704-ad19-cd67800d9d9d,10,18.6,16.8,13.6,11.0,NO DATA,NO DATA,NO DATA,NO DATA,44.8,36.8,43.6,NO DATA,NO DATA
ea0062cb-7975-4f26-b0be-61a524cdae82,8,NO DATA,NO DATA,NO DATA,NO DATA,NO DATA,NO DATA,36.8,33.9,NO DATA,NO DATA,NO DATA,NO DATA,NO DATA
ea0972d5-039c-4f47-8b68-660aeb906c17,10,NO DATA,NO DATA,NO DATA,NO DATA,NO DATA,NO DATA,NO DATA,NO DATA,NO DATA,NO DATA,21.1,23.0,14.9
ea152c9a-a365-46fe-ace6-9f1eda04408e,8,NO DATA,NO DATA,NO DATA,NO DATA,NO DATA,NO DATA,NO DATA,35.9,NO DATA,NO DATA,NO DATA,NO DATA,NO DATA
ea1a6082-5bec-4571-9da7-56a5c84d270e,10,NO DATA,NO DATA,NO DATA,NO DATA,NO DATA,NO DATA,NO DATA,NO DATA,40.3,41.3,NO DATA,NO DATA,NO DATA
ea1ab807-2d79-468e-bd4e-f8a6a2d6e0bc,10,30.7,30.8,NO DATA,NO DATA,NO DATA,NO DATA,NO DATA,NO DATA,NO DATA,NO DATA,NO DATA,NO DATA,NO DATA
ea22c74d-822e-499c-ac39-f12ffa5698f1,10,26.6,NO DATA,NO DATA,NO DATA,NO DATA,NO DATA,NO DATA,NO DATA,NO DATA,NO DATA,NO DATA,NO DATA,NO DATA
ea22c74d-822e-499c-ac39-f12ffa5698f1,12,NO DATA,NO DATA,NO DATA,NO DATA,NO DATA,34.5,43.6,31.7,34.0,NO DATA,NO DATA,NO DATA,NO DATA
ea26f291-3e00-461f-9648-984ea2f862a0,10,NO DATA,41.9,37.8,35.5,NO DATA,NO DATA,40.4,38.4,36.7,26.9,NO DATA,NO DATA,NO DATA
ea47e8a6-b828-49f1-a1de-cbef8a373bbd,10,NO DATA,NO DATA,NO DATA,28.7,29.1,25.9,26.1,25.9,30.5,10.4,NO DATA,NO DATA,NO DATA
ea4b25cf-7092-4a9d-afa2-3a76dab06268,10,29.0,28.3,28.8,NO DATA,NO DATA,NO DATA,NO DATA,NO DATA,NO DATA,NO DATA,NO DATA,NO DATA,NO DATA
ea61e576-13e9-4b0c-ac25-5f690d9b6cb0,10,NO DATA,NO DATA,NO DATA,NO DATA,61.5,44.1,40.1,NO DATA,NO DATA,NO DATA,NO DATA,NO DATA,NO DATA
ea8305e6-7fbe-4818-b832-e781ccf6ca9c,10,34.1,35.6,34.6,33.3,33.1,30.6,32.3,31.1,23.8,19.8,NO DATA,30.0,22.7
ea96c998-64a4-44df-85cd-5e09f18ddb07,10,26.0,25.0,NO DATA,NO DATA,NO DATA,NO DATA,NO DATA,NO DATA,NO DATA,NO DATA,NO DATA,NO DATA,NO DATA
eaa05d18-b79f-451e-8e50-ac3600f3bf47,10,33.8,33.4,NO DATA,NO DATA,NO DATA,NO DATA,NO DATA,NO DATA,52.0,26.9,10.0,27.2,24.0
eab375aa-0a2b-4c93-b1f0-ef56160edba1,10,31.7,32.3,29.3,27.3,24.9,19.9,NO DATA,NO DATA,NO DATA,NO DATA,NO DATA,NO DATA,NO DATA
eab776ad-de8f-4323-b72d-67b58ed75a34,10,29.5,NO DATA,NO DATA,NO DATA,43.1,NO DATA,NO DATA,NO DATA,NO DATA,NO DATA,NO DATA,NO DATA,NO DATA
eabf2da2-b890-4527-b6e5-b909348560a7,10,NO DATA,39.5,38.0,34.6,33.2,32.2,30.9,33.7,31.0,27.8,NO DATA,NO DATA,NO DATA
eac50b7c-a194-4a7f-9906-b34a579553a4,10,NO DATA,NO DATA,41.9,40.2,38.7,36.1,37.8,35.1,31.5,NO DATA,NO DATA,NO DATA,NO DATA
ead73aa0-b4b3-4e27-b612-23041fd47355,10,NO DATA,43.0,NO DATA,NO DATA,NO DATA,NO DATA,NO DATA,NO DATA,NO DATA,NO DATA,NO DATA,NO DATA,NO DATA
eaeb1bd4-c496-4738-8011-27e1f089dc86,10,NO DATA,NO DATA,31.9,NO DATA,NO DATA,NO DATA,NO DATA,15.0,13.8,65.6,NO DATA,NO DATA,NO DATA
eafb311d-4646-4a5a-81b3-eb956c375253,6,16.7,NO DATA,NO DATA,NO DATA,NO DATA,NO DATA,NO DATA,NO DATA,NO DATA,NO DATA,NO DATA,NO DATA,NO DATA
eb1ec19c-e2bb-4f5f-af4a-104968f259c6,10,NO DATA,33.1,39.7,31.8,31.0,NO DATA,35.5,35.3,NO DATA,NO DATA,NO DATA,NO DATA,NO DATA
eb3062b6-2d73-4351-8c82-90a4d05b916f,6,NO DATA,NO DATA,NO DATA,26.7,NO DATA,NO DATA,NO DATA,NO DATA,NO DATA,NO DATA,NO DATA,NO DATA,NO DATA
eb3a4b29-d2ee-4196-aac7-7d79731be60b,10,28.6,NO DATA,NO DATA,NO DATA,NO DATA,NO DATA,NO DATA,NO DATA,NO DATA,NO DATA,NO DATA,NO DATA,NO DATA
eb42ecb9-24d7-4b78-8a51-99a4beefaa19,6,24.2,NO DATA,NO DATA,18.3,12.6,NO DATA,NO DATA,31.4,28.9,24.7,NO DATA,15.9,15.2
eb6da77e-8353-416c-b7bc-ea1aaee56671,6,NO DATA,31.6,26.6,NO DATA,NO DATA,NO DATA,NO DATA,NO DATA,NO DATA,NO DATA,NO DATA,NO DATA,NO DATA
eb6f57c0-dbb9-4e17-8e44-4256fea80720,12,40.6,37.4,44.2,NO DATA,NO DATA,NO DATA,NO DATA,NO DATA,NO DATA,NO DATA,NO DATA,NO DATA,NO DATA
eb7f3b19-6d22-488b-9437-609dc8183c5e,10,NO DATA,37.6,33.3,33.1,31.2,31.8,32.8,30.1,30.4,NO DATA,NO DATA,NO DATA,NO DATA
eb82eecc-1b0e-4f48-a2ee-2edd279622a0,10,NO DATA,NO DATA,NO DATA,NO DATA,NO DATA,NO DATA,NO DATA,NO DATA,NO DATA,NO DATA,24.9,7.7,NO DATA
ebd6d20a-cade-4bcd-bde4-d3646471b83d,6,NO DATA,30.5,NO DATA,NO DATA,NO DATA,NO DATA,NO DATA,NO DATA,NO DATA,NO DATA,NO DATA,NO DATA,NO DATA
ebdd1ce4-bc74-4ae9-94bc-6e725516f14e,10,28.0,25.9,NO DATA,NO DATA,NO DATA,NO DATA,NO DATA,NO DATA,NO DATA,NO DATA,NO DATA,NO DATA,NO DATA
ebfaa306-6dbe-4515-968e-2ede39c4571e,10,35.2,34.9,32.7,NO DATA,NO DATA,NO DATA,37.8,NO DATA,NO DATA,NO DATA,NO DATA,NO DATA,NO DATA
ec1d330f-b8b7-46e6-9df9-c90ee9335276,10,37.4,38.4,48.9,43.2,32.1,NO DATA,NO DATA,NO DATA,NO DATA,NO DATA,NO DATA,NO DATA,NO DATA
ec2c788e-67b3-4c1d-80eb-540612aad5c9,10,30.9,23.6,20.0,19.5,NO DATA,NO DATA,NO DATA,NO DATA,NO DATA,NO DATA,NO DATA,NO DATA,NO DATA
ec36e26e-827e-43c7-867f-cd90932f3dcf,8,NO DATA,NO DATA,NO DATA,NO DATA,NO DATA,NO DATA,NO DATA,NO DATA,63.7,50.7,NO DATA,NO DATA,NO DATA
ec3de9ab-6cee-421b-b81e-97028b54a6b4,12,NO DATA,NO DATA,NO DATA,NO DATA,NO DATA,NO DATA,NO DATA,NO DATA,37.4,NO DATA,NO DATA,NO DATA,NO DATA
ec4e651c-8389-4bc4-abf0-3869a0f6aaa2,8,NO DATA,NO DATA,NO DATA,NO DATA,NO DATA,NO DATA,39.0,38.0,35.5,29.4,NO DATA,22.3,20.9
ec5928e1-17b6-4027-9b1d-3026f2f80c21,10,24.6,23.7,18.1,11.9,8.6,NO DATA,NO DATA,NO DATA,NO DATA,NO DATA,NO DATA,NO DATA,NO DATA
ec5db44a-c822-46d6-8c9e-e4a376794127,8,NO DATA,NO DATA,NO DATA,NO DATA,NO DATA,NO DATA,NO DATA,39.2,NO DATA,NO DATA,NO DATA,NO DATA,NO DATA
ec694d1b-d03a-47ce-b12b-4a9e75649eaa,8,NO DATA,NO DATA,NO DATA,NO DATA,NO DATA,NO DATA,NO DATA,NO DATA,27.0,NO DATA,NO DATA,NO DATA,NO DATA
ec694d1b-d03a-47ce-b12b-4a9e75649eaa,12,32.4,40.4,NO DATA,NO DATA,NO DATA,NO DATA,NO DATA,NO DATA,NO DATA,NO DATA,NO DATA,NO DATA,NO DATA
eca5a2cc-7f0b-425b-bc38-9d124e3e6905,8,NO DATA,NO DATA,NO DATA,NO DATA,NO DATA,NO DATA,32.9,30.4,29.1,16.3,NO DATA,NO DATA,NO DATA
ecb5f20e-471c-44f8-9bfe-85c0a4aa5ef7,8,NO DATA,NO DATA,NO DATA,NO DATA,NO DATA,NO DATA,40.3,38.2,39.2,NO DATA,NO DATA,25.3,22.5
ecbbdabd-373c-494a-a80f-6a78ad48bfcf,10,NO DATA,34.4,39.5,33.5,34.3,35.7,33.4,32.4,29.6,28.9,19.6,22.2,18.9
ecbd8e29-1c48-4122-a5e7-491e06d9e8dd,10,NO DATA,NO DATA,46.9,45.9,40.9,44.4,45.9,NO DATA,NO DATA,NO DATA,NO DATA,NO DATA,NO DATA
ece244ee-ca44-45bf-9bcc-bdef4bf1d202,12,40.7,45.4,38.6,37.1,29.0,28.9,25.3,13.6,NO DATA,NO DATA,NO DATA,NO DATA,NO DATA
ecefa03e-5d04-4b0e-ac19-1f9cdaef7e4b,6,NO DATA,NO DATA,NO DATA,NO DATA,NO DATA,NO DATA,31.1,36.1,NO DATA,27.8,NO DATA,NO DATA,NO DATA
ecf579d4-02a3-4b30-bc12-ed54ab909ac0,10,25.6,25.0,NO DATA,NO DATA,NO DATA,NO DATA,NO DATA,NO DATA,NO DATA,NO DATA,NO DATA,NO DATA,NO DATA
ed0bf31b-8000-4ae6-99c0-c97fa3aa1c37,10,34.3,28.5,24.6,24.6,25.6,31.1,31.2,29.3,NO DATA,NO DATA,NO DATA,NO DATA,NO DATA
ed157af5-b002-42c9-9801-2b89c28c5acf,10,37.8,39.1,NO DATA,NO DATA,NO DATA,NO DATA,NO DATA,NO DATA,NO DATA,NO DATA,NO DATA,NO DATA,NO DATA
ed1866c9-ff03-4ecd-b1dc-cb1240c885cd,10,NO DATA,39.7,NO DATA,NO DATA,NO DATA,NO DATA,NO DATA,NO DATA,NO DATA,NO DATA,NO DATA,NO DATA,NO DATA
ed1a2827-d1fd-489a-8adc-6a3d6f3e563c,10,26.4,NO DATA,NO DATA,NO DATA,NO DATA,NO DATA,NO DATA,NO DATA,NO DATA,NO DATA,NO DATA,NO DATA,NO DATA
ed271b9c-2978-4050-9b34-c3e779d7ae3a,10,NO DATA,NO DATA,42.4,NO DATA,NO DATA,NO DATA,NO DATA,NO DATA,NO DATA,NO DATA,NO DATA,NO DATA,NO DATA
ed369fc4-17ec-4b86-bd38-cdbd1e3d23c0,10,33.9,46.0,NO DATA,NO DATA,37.7,36.7,NO DATA,NO DATA,NO DATA,NO DATA,NO DATA,NO DATA,NO DATA
ed8012a2-1545-4475-a711-4f0193316793,10,NO DATA,33.7,32.7,32.0,29.3,28.7,28.3,24.9,21.8,17.6,10.1,5.2,NO DATA
ed911c0e-fe76-4f3b-83b4-1f52c631c660,6,26.6,27.7,26.6,23.4,18.7,19.9,16.1,NO DATA,NO DATA,NO DATA,NO DATA,NO DATA,NO DATA
eda33013-b41b-4ff9-beea-2ec4d3169d54,8,NO DATA,NO DATA,NO DATA,NO DATA,NO DATA,NO DATA,36.7,37.2,NO DATA,NO DATA,NO DATA,NO DATA,NO DATA
edab499a-6424-4cc8-adab-3f6cc8ef2782,10,NO DATA,52.1,NO DATA,NO DATA,NO DATA,NO DATA,NO DATA,NO DATA,NO DATA,NO DATA,NO DATA,NO DATA,NO DATA
edb53008-c783-444b-b98b-a556155ae65e,10,NO DATA,37.7,35.5,34.9,33.8,32.2,39.0,38.7,36.4,NO DATA,NO DATA,NO DATA,NO DATA
edbf3bd3-30c8-4d23-a4f8-bab19c3a6efd,12,NO DATA,NO DATA,NO DATA,NO DATA,NO DATA,NO DATA,NO DATA,NO DATA,43.3,NO DATA,NO DATA,39.9,34.4
edcf08d8-0d2d-41eb-a31c-0044b9cc505a,10,NO DATA,45.1,33.0,40.2,NO DATA,31.0,29.5,NO DATA,NO DATA,NO DATA,NO DATA,NO DATA,NO DATA
eddf0982-82b9-4d6c-bfb4-5d6ef3b1c4cc,10,30.8,NO DATA,NO DATA,NO DATA,NO DATA,NO DATA,NO DATA,NO DATA,NO DATA,NO DATA,NO DATA,NO DATA,NO DATA
edf0f080-51c3-4471-9c5b-41ab7de3ea5b,8,NO DATA,NO DATA,NO DATA,NO DATA,NO DATA,NO DATA,NO DATA,NO DATA,40.9,42.0,NO DATA,NO DATA,NO DATA
ee1613b1-f9cc-48f7-8cd3-dc2c8a7de74c,10,30.5,NO DATA,NO DATA,NO DATA,NO DATA,NO DATA,NO DATA,NO DATA,NO DATA,NO DATA,NO DATA,NO DATA,NO DATA
ee40e022-6432-4a4d-a1d2-a961668048b1,8,NO DATA,NO DATA,NO DATA,NO DATA,NO DATA,NO DATA,40.6,34.3,36.4,NO DATA,NO DATA,27.6,25.1
ee8d2646-bb9f-4079-8911-bddbba0d6277,10,33.1,39.4,NO DATA,NO DATA,NO DATA,NO DATA,NO DATA,NO DATA,NO DATA,NO DATA,NO DATA,NO DATA,NO DATA
ee9c9b93-9e71-430b-bbe5-76d4ff4b0380,8,NO DATA,NO DATA,NO DATA,NO DATA,NO DATA,NO DATA,NO DATA,38.5,35.4,30.8,NO DATA,NO DATA,NO DATA
ee9e90fe-f42a-41bb-870c-d024ff353117,10,30.3,33.6,32.4,28.5,30.1,28.5,35.0,32.6,30.5,30.5,NO DATA,17.5,14.9
eeab79c2-7e05-4e87-b27e-edfe8ffab4c4,10,NO DATA,NO DATA,NO DATA,NO DATA,NO DATA,48.6,NO DATA,NO DATA,NO DATA,NO DATA,NO DATA,NO DATA,NO DATA
eecb9328-ecef-4c53-adff-b4f15b27c82e,10,30.8,35.5,33.4,30.2,34.6,24.3,26.5,14.6,15.4,NO DATA,NO DATA,NO DATA,NO DATA
eeccf070-e20e-4f75-b9a9-886ce7b248f3,10,NO DATA,NO DATA,35.0,32.9,29.0,32.1,34.7,31.0,28.3,23.7,NO DATA,NO DATA,NO DATA
eed2ab5d-bbf3-46ef-8c09-ff307164aa48,10,NO DATA,NO DATA,NO DATA,31.3,33.6,NO DATA,NO DATA,NO DATA,NO DATA,NO DATA,NO DATA,NO DATA,NO DATA
eed5e3be-0e8f-471b-885b-99bd9be7f768,6,NO DATA,22.7,21.7,19.8,20.0,NO DATA,NO DATA,28.4,23.1,32.1,NO DATA,NO DATA,NO DATA
eefdecd1-2421-44ff-bbc3-41d22e0e4b49,10,NO DATA,31.6,21.3,12.8,NO DATA,NO DATA,NO DATA,NO DATA,NO DATA,NO DATA,NO DATA,NO DATA,NO DATA
ef4ab9fe-57e2-49c5-b8c2-75aa0d615739,10,NO DATA,NO DATA,NO DATA,NO DATA,NO DATA,NO DATA,NO DATA,NO DATA,32.2,NO DATA,NO DATA,NO DATA,NO DATA
ef6a7376-e744-4009-ad93-96ae6df9fe99,8,22.5,NO DATA,NO DATA,NO DATA,NO DATA,NO DATA,NO DATA,NO DATA,NO DATA,NO DATA,NO DATA,NO DATA,NO DATA
ef6a7376-e744-4009-ad93-96ae6df9fe99,10,26.3,30.4,NO DATA,57.0,NO DATA,60.5,28.2,NO DATA,NO DATA,NO DATA,NO DATA,NO DATA,NO DATA
ef6ae8e8-4b98-4203-82fa-19fd0c0774b6,8,NO DATA,NO DATA,NO DATA,NO DATA,NO DATA,NO DATA,38.0,33.4,26.3,NO DATA,NO DATA,NO DATA,NO DATA
ef6dea97-84f6-499e-812e-6e7fc5facd13,10,29.7,NO DATA,NO DATA,NO DATA,NO DATA,NO DATA,NO DATA,NO DATA,NO DATA,NO DATA,NO DATA,NO DATA,NO DATA
ef7687ca-035e-4830-8c7c-7a403b80901c,6,26.0,27.4,25.5,23.5,21.9,20.3,21.4,18.1,15.5,11.8,NO DATA,NO DATA,NO DATA
ef8531c6-6ef8-4c33-bf9b-ccc6529843cc,6,NO DATA,29.3,34.3,NO DATA,NO DATA,NO DATA,NO DATA,NO DATA,NO DATA,NO DATA,NO DATA,NO DATA,NO DATA
efa46d8c-6a17-4a77-83d7-bb995ee4e79a,10,38.7,43.6,NO DATA,NO DATA,NO DATA,NO DATA,43.3,39.2,NO DATA,NO DATA,NO DATA,NO DATA,NO DATA
efa7eb23-8ef0-45bf-a531-a7ce6065a5b4,10,NO DATA,NO DATA,32.0,32.0,NO DATA,NO DATA,NO DATA,NO DATA,NO DATA,NO DATA,NO DATA,NO DATA,NO DATA
efade676-ae78-4525-8eaa-82b567cd4d97,6,23.8,27.8,24.4,NO DATA,21.1,NO DATA,NO DATA,NO DATA,28.4,25.7,13.8,NO DATA,NO DATA
efb478d9-09bf-42bb-bc08-fd31d8223e7d,10,30.1,28.5,29.7,23.9,NO DATA,NO DATA,NO DATA,NO DATA,NO DATA,NO DATA,NO DATA,NO DATA,NO DATA
efc06e38-4dde-4027-9e34-68932feded04,12,33.0,22.0,NO DATA,NO DATA,NO DATA,NO DATA,NO DATA,NO DATA,NO DATA,NO DATA,NO DATA,NO DATA,NO DATA
efc5fdfa-36b4-4151-98e3-6428f0379c38,12,25.9,30.1,25.8,NO DATA,NO DATA,NO DATA,NO DATA,NO DATA,NO DATA,NO DATA,NO DATA,NO DATA,NO DATA
f0258bc1-ba23-49b1-9900-f4b368e8c42f,10,NO DATA,NO DATA,44.2,31.7,28.6,24.9,21.0,16.6,NO DATA,NO DATA,NO DATA,NO DATA,NO DATA
f04399a9-4b80-47f1-8d1f-43a02bf79ac0,10,NO DATA,NO DATA,NO DATA,NO DATA,47.9,NO DATA,NO DATA,NO DATA,NO DATA,NO DATA,NO DATA,NO DATA,NO DATA
f04fdc1c-a206-494e-970c-01a976128f80,10,26.5,29.6,25.9,24.7,23.1,NO DATA,NO DATA,NO DATA,NO DATA,NO DATA,NO DATA,NO DATA,NO DATA
f05c0fd2-7a20-4126-8c79-40adf3193360,8,NO DATA,NO DATA,NO DATA,NO DATA,NO DATA,NO DATA,32.5,30.2,NO DATA,NO DATA,NO DATA,NO DATA,NO DATA
f06baaa8-76bb-47c4-be56-d2d9b535d3ee,6,24.7,27.4,29.2,NO DATA,NO DATA,NO DATA,NO DATA,NO DATA,NO DATA,NO DATA,NO DATA,NO DATA,NO DATA
f0705583-f93e-402b-ae81-e3526f62f5ff,10,NO DATA,47.0,43.2,37.9,34.0,33.4,33.8,31.6,34.3,27.9,12.3,NO DATA,NO DATA
f07382d6-f7fc-40bf-bf1e-e0413162bef5,12,NO DATA,NO DATA,NO DATA,NO DATA,NO DATA,NO DATA,NO DATA,NO DATA,44.8,44.3,NO DATA,26.3,26.3
f087aa11-12aa-432a-a658-1009688b9cbf,10,NO DATA,NO DATA,42.3,40.9,37.7,NO DATA,NO DATA,NO DATA,NO DATA,NO DATA,NO DATA,NO DATA,NO DATA
f095d5d5-dc26-4ea5-9632-f046c00f3782,8,NO DATA,NO DATA,NO DATA,NO DATA,NO DATA,NO DATA,35.3,NO DATA,NO DATA,NO DATA,NO DATA,NO DATA,NO DATA
f0a1b08a-4989-46f4-98dd-ef4e29a274d4,10,NO DATA,NO DATA,34.9,NO DATA,NO DATA,NO DATA,NO DATA,NO DATA,NO DATA,NO DATA,NO DATA,NO DATA,NO DATA
f0a252c9-8c5e-4126-86f4-3216b2353e07,8,NO DATA,NO DATA,NO DATA,NO DATA,NO DATA,NO DATA,NO DATA,39.9,NO DATA,NO DATA,NO DATA,NO DATA,NO DATA
f0bb45aa-7ef5-41bf-9c7b-38251df4d203,10,32.9,31.0,NO DATA,NO DATA,NO DATA,NO DATA,NO DATA,NO DATA,NO DATA,NO DATA,NO DATA,NO DATA,NO DATA
f0bd1b1e-d994-41c8-bdd0-56ad1636eff1,6,21.2,16.6,NO DATA,NO DATA,NO DATA,NO DATA,NO DATA,NO DATA,NO DATA,NO DATA,NO DATA,NO DATA,NO DATA
f0c3aa1a-3ec0-45e3-9996-d2aa6422bb0a,10,32.9,35.2,27.3,NO DATA,NO DATA,NO DATA,NO DATA,NO DATA,NO DATA,NO DATA,NO DATA,NO DATA,NO DATA
f0cc2834-8c4d-4af1-9540-67d2aadef91d,10,NO DATA,NO DATA,NO DATA,32.6,NO DATA,NO DATA,NO DATA,NO DATA,NO DATA,NO DATA,NO DATA,NO DATA,NO DATA
f0e0312d-5799-4dab-9cd4-1ba6b2b80a50,8,NO DATA,NO DATA,NO DATA,NO DATA,NO DATA,NO DATA,NO DATA,NO DATA,NO DATA,NO DATA,NO DATA,21.6,NO DATA
f0e5191b-d9d2-4b42-9d88-6233d30211e7,10,NO DATA,37.6,39.4,33.1,31.8,36.2,32.2,27.5,23.4,NO DATA,NO DATA,20.9,19.8
f112c0b9-bf03-4001-b25a-af33c5ffcade,10,31.0,34.1,NO DATA,NO DATA,28.8,33.7,29.3,NO DATA,NO DATA,NO DATA,NO DATA,NO DATA,NO DATA
f1157bd1-0f40-4b98-8668-df7564129669,10,NO DATA,NO DATA,49.5,NO DATA,NO DATA,NO DATA,NO DATA,NO DATA,NO DATA,NO DATA,NO DATA,NO DATA,NO DATA
f11d1c78-f053-4bdb-9dfb-02098f41a198,10,34.1,NO DATA,NO DATA,NO DATA,NO DATA,NO DATA,NO DATA,31.6,NO DATA,NO DATA,NO DATA,NO DATA,NO DATA
f134099c-118e-47dc-8b63-496afd0d4d5a,10,30.9,NO DATA,NO DATA,NO DATA,NO DATA,NO DATA,NO DATA,NO DATA,NO DATA,NO DATA,NO DATA,NO DATA,NO DATA
f137055a-be76-44dc-9ea9-f5c9b8c54daf,6,22.3,NO DATA,NO DATA,39.3,NO DATA,NO DATA,NO DATA,27.8,NO DATA,NO DATA,NO DATA,NO DATA,NO DATA
f14eafdc-e6f0-4e79-b534-29266ea4c1db,10,29.8,NO DATA,NO DATA,NO DATA,NO DATA,NO DATA,NO DATA,NO DATA,NO DATA,NO DATA,NO DATA,NO DATA,NO DATA
f156d8bf-aee9-4fb1-91d4-5cb7857c581e,10,28.0,29.1,NO DATA,NO DATA,NO DATA,NO DATA,24.2,NO DATA,NO DATA,NO DATA,NO DATA,NO DATA,NO DATA
f175b139-f0aa-4785-ae4a-2a4a987c9c96,10,27.0,28.9,25.1,12.5,9.6,NO DATA,NO DATA,NO DATA,NO DATA,NO DATA,NO DATA,NO DATA,NO DATA
f189b59d-13e7-4201-9dab-8c43b17c6b1e,10,NO DATA,NO DATA,33.1,26.9,19.9,26.8,NO DATA,NO DATA,NO DATA,NO DATA,NO DATA,NO DATA,NO DATA
f1b68759-f624-4640-94de-a54ebab68214,10,NO DATA,36.8,NO DATA,NO DATA,NO DATA,NO DATA,NO DATA,NO DATA,NO DATA,NO DATA,NO DATA,NO DATA,NO DATA
f1e07c0e-63df-4d99-86e4-ec453449b7ad,6,24.0,NO DATA,NO DATA,NO DATA,NO DATA,NO DATA,NO DATA,NO DATA,NO DATA,NO DATA,NO DATA,NO DATA,NO DATA
f1e1bdcb-9471-4f9b-847d-a6ef185f1258,8,NO DATA,NO DATA,NO DATA,NO DATA,NO DATA,NO DATA,46.1,NO DATA,NO DATA,NO DATA,NO DATA,NO DATA,NO DATA
f1ef1a7f-aa54-479c-a838-6c920c59ba86,10,30.0,36.8,37.4,33.7,30.6,28.9,22.2,11.3,NO DATA,NO DATA,NO DATA,NO DATA,NO DATA
f1f78d1f-9b61-484e-851e-07744a6533ff,10,35.6,35.8,NO DATA,NO DATA,NO DATA,NO DATA,NO DATA,NO DATA,NO DATA,NO DATA,NO DATA,NO DATA,NO DATA
f1fa8374-bcd6-4134-9a6f-d141fdccd8b8,10,NO DATA,30.5,19.7,NO DATA,NO DATA,NO DATA,36.3,35.3,29.9,NO DATA,NO DATA,NO DATA,NO DATA
f20f6828-82bd-4a8a-b515-b8a4c08398eb,12,NO DATA,NO DATA,NO DATA,NO DATA,40.4,51.2,40.3,33.2,NO DATA,NO DATA,NO DATA,NO DATA,NO DATA
f2169440-f805-474c-9044-52b80fbb7926,10,22.1,NO DATA,NO DATA,NO DATA,NO DATA,NO DATA,NO DATA,NO DATA,NO DATA,NO DATA,NO DATA,NO DATA,NO DATA
f21c3618-262b-4fd0-804b-a8fde4a93c3e,6,NO DATA,NO DATA,33.3,NO DATA,NO DATA,NO DATA,NO DATA,NO DATA,NO DATA,NO DATA,NO DATA,NO DATA,NO DATA
f21c3618-262b-4fd0-804b-a8fde4a93c3e,8,15.8,NO DATA,NO DATA,46.0,45.1,NO DATA,NO DATA,NO DATA,NO DATA,NO DATA,NO DATA,NO DATA,NO DATA
f21c3618-262b-4fd0-804b-a8fde4a93c3e,12,NO DATA,NO DATA,NO DATA,NO DATA,NO DATA,45.0,NO DATA,NO DATA,NO DATA,NO DATA,NO DATA,NO DATA,NO DATA
f223c408-c0fe-4d1e-b45f-7c7166b5c1c4,8,NO DATA,NO DATA,NO DATA,NO DATA,NO DATA,NO DATA,35.8,35.0,34.9,NO DATA,NO DATA,NO DATA,NO DATA
f23016cc-522c-4af7-9b0e-d0ae6160bd8d,10,NO DATA,NO DATA,30.5,30.7,27.6,25.6,NO DATA,NO DATA,NO DATA,NO DATA,NO DATA,NO DATA,NO DATA
f2356c78-e2bc-4ea6-ba96-a6cbe8bfc292,6,NO DATA,NO DATA,NO DATA,NO DATA,NO DATA,NO DATA,NO DATA,26.3,NO DATA,NO DATA,NO DATA,NO DATA,NO DATA
f23b0053-dba0-4834-afad-dfc12b77727c,6,16.7,19.5,17.4,15.4,12.1,7.4,8.9,29.0,27.5,14.9,15.9,16.0,NO DATA
f23cb2d3-06e0-475a-af17-36f840a4f4de,10,NO DATA,NO DATA,NO DATA,NO DATA,26.9,NO DATA,NO DATA,NO DATA,NO DATA,NO DATA,NO DATA,NO DATA,NO DATA
f2402381-f661-4ff7-9175-5050bfc90099,12,NO DATA,NO DATA,NO DATA,NO DATA,NO DATA,NO DATA,NO DATA,NO DATA,26.5,NO DATA,NO DATA,NO DATA,NO DATA
f24303e7-0146-42a6-a755-3b51406c3f5a,10,NO DATA,35.8,28.9,NO DATA,NO DATA,NO DATA,NO DATA,NO DATA,NO DATA,NO DATA,NO DATA,NO DATA,NO DATA
f26127cf-e41a-4a48-a6b9-e538d839125a,10,28.3,NO DATA,NO DATA,NO DATA,NO DATA,NO DATA,NO DATA,48.5,54.5,56.4,NO DATA,28.2,28.2
f262a716-2b15-4274-9c93-2a88cdc496e7,10,30.6,34.9,NO DATA,NO DATA,NO DATA,NO DATA,NO DATA,NO DATA,NO DATA,NO DATA,NO DATA,NO DATA,NO DATA
f288882d-5f65-4a2b-9101-2050f5674928,10,NO DATA,NO DATA,30.4,NO DATA,NO DATA,NO DATA,NO DATA,NO DATA,NO DATA,NO DATA,NO DATA,NO DATA,NO DATA
f2890a35-8c52-4bdf-b11e-18ac33c94ee2,8,NO DATA,NO DATA,NO DATA,NO DATA,NO DATA,NO DATA,39.9,38.5,NO DATA,NO DATA,NO DATA,NO DATA,NO DATA
f2890a35-8c52-4bdf-b11e-18ac33c94ee2,12,NO DATA,NO DATA,NO DATA,NO DATA,NO DATA,NO DATA,NO DATA,NO DATA,39.3,NO DATA,NO DATA,NO DATA,NO DATA
f2ada223-77d8-4bb7-9b2b-d651f6c5517e,10,NO DATA,33.0,28.2,NO DATA,NO DATA,NO DATA,NO DATA,NO DATA,NO DATA,NO DATA,NO DATA,NO DATA,NO DATA
f2c25dac-8857-4203-8642-e506e806269b,12,NO DATA,NO DATA,NO DATA,NO DATA,NO DATA,30.8,45.6,42.3,38.9,NO DATA,NO DATA,25.7,22.2
f2d8adf9-1c71-462b-9a1d-8a5f36a29c08,8,NO DATA,NO DATA,NO DATA,NO DATA,NO DATA,NO DATA,43.1,34.9,27.9,24.5,17.1,NO DATA,NO DATA
f2e82af8-aa8c-44f4-bb5c-70bb9a3c8e1a,8,NO DATA,NO DATA,26.4,NO DATA,NO DATA,NO DATA,NO DATA,NO DATA,NO DATA,NO DATA,NO DATA,NO DATA,NO DATA
f2e82af8-aa8c-44f4-bb5c-70bb9a3c8e1a,10,NO DATA,NO DATA,43.6,NO DATA,NO DATA,NO DATA,NO DATA,NO DATA,NO DATA,NO DATA,NO DATA,NO DATA,NO DATA
f2fc537e-8fe7-4a04-b6e5-0ae1a28ff340,10,28.2,27.8,NO DATA,NO DATA,NO DATA,NO DATA,NO DATA,NO DATA,NO DATA,NO DATA,NO DATA,NO DATA,NO DATA
f32c459e-649f-4b1c-b6fe-9046f6c256ca,10,NO DATA,NO DATA,NO DATA,33.3,NO DATA,NO DATA,NO DATA,NO DATA,NO DATA,NO DATA,NO DATA,NO DATA,NO DATA
f331c5ab-4dd7-47dd-ab1f-572a77f2018c,10,30.4,32.6,26.8,18.5,11.7,9.2,NO DATA,NO DATA,NO DATA,NO DATA,NO DATA,NO DATA,NO DATA
f385ff23-eee4-4212-b06b-56972a7013c4,6,26.8,NO DATA,NO DATA,NO DATA,NO DATA,NO DATA,NO DATA,NO DATA,NO DATA,NO DATA,NO DATA,NO DATA,NO DATA
f3aa103b-507a-4d34-9556-5c592b9ffe29,10,27.2,30.5,NO DATA,NO DATA,NO DATA,NO DATA,NO DATA,NO DATA,NO DATA,NO DATA,NO DATA,NO DATA,NO DATA
f3b32bdc-4137-4755-8836-40a2f714434c,6,NO DATA,NO DATA,NO DATA,NO DATA,NO DATA,NO DATA,NO DATA,NO DATA,31.2,19.2,16.8,21.4,19.1
f3eb63a2-a27e-48eb-bee7-4ac5d3baee62,6,20.8,27.9,25.3,NO DATA,NO DATA,NO DATA,NO DATA,NO DATA,NO DATA,NO DATA,NO DATA,NO DATA,NO DATA
f3fac04f-a2f4-4edb-bf2e-b3dff7cd4d40,10,NO DATA,34.1,34.5,30.5,24.9,24.3,21.3,14.6,NO DATA,NO DATA,NO DATA,NO DATA,NO DATA
f433fdd0-c059-44fa-a793-0c6fe315f30c,6,15.8,16.9,NO DATA,NO DATA,NO DATA,NO DATA,NO DATA,NO DATA,NO DATA,NO DATA,NO DATA,NO DATA,NO DATA
f43bd679-24fc-4a58-b2dd-994cc3df835b,10,NO DATA,32.9,NO DATA,NO DATA,NO DATA,NO DATA,NO DATA,NO DATA,NO DATA,NO DATA,NO DATA,NO DATA,NO DATA
f44bd874-a48c-4b8d-b0c3-8bc356058d9e,10,31.0,33.2,30.3,NO DATA,NO DATA,NO DATA,NO DATA,NO DATA,NO DATA,NO DATA,NO DATA,NO DATA,NO DATA
f470e41e-a415-4fce-97e5-585c7b61bdbb,6,NO DATA,NO DATA,NO DATA,NO DATA,NO DATA,NO DATA,NO DATA,28.8,NO DATA,NO DATA,NO DATA,NO DATA,NO DATA
f4796330-3257-461f-90ee-b7f033f6dd66,10,NO DATA,NO DATA,NO DATA,NO DATA,NO DATA,NO DATA,NO DATA,NO DATA,NO DATA,NO DATA,NO DATA,10.9,NO DATA
f47e0b83-6223-49fe-8345-6ea8cb74de05,12,NO DATA,NO DATA,32.2,33.3,32.7,31.9,30.3,NO DATA,NO DATA,NO DATA,NO DATA,NO DATA,NO DATA
f496ab9b-6cff-4031-b8ab-571caf9d0174,12,NO DATA,NO DATA,NO DATA,NO DATA,NO DATA,NO DATA,NO DATA,NO DATA,NO DATA,44.8,29.2,24.6,27.6
f4a59319-1829-40b8-a841-635cf5f818a3,10,24.0,29.5,NO DATA,NO DATA,NO DATA,NO DATA,NO DATA,NO DATA,NO DATA,NO DATA,NO DATA,NO DATA,NO DATA
f4b312bb-97c2-4531-b1b1-b3b45a795e5c,10,NO DATA,42.2,NO DATA,NO DATA,NO DATA,NO DATA,NO DATA,45.1,45.5,NO DATA,NO DATA,NO DATA,NO DATA
f4b39d36-dd29-41c6-a01e-7202fbe56107,10,NO DATA,NO DATA,37.5,31.7,NO DATA,40.1,37.6,32.9,NO DATA,NO DATA,NO DATA,NO DATA,NO DATA
f4d00240-12ad-47f3-8f06-4ccf1742c2af,10,32.7,NO DATA,NO DATA,NO DATA,NO DATA,NO DATA,NO DATA,NO DATA,NO DATA,NO DATA,NO DATA,NO DATA,NO DATA
f4dcd6d0-e04f-4dff-9209-8a4f3777ff4a,6,17.2,15.4,11.0,NO DATA,NO DATA,NO DATA,NO DATA,NO DATA,NO DATA,NO DATA,NO DATA,NO DATA,NO DATA
f4de697d-9187-4c35-9674-46a8314d17ad,10,NO DATA,NO DATA,NO DATA,NO DATA,NO DATA,45.3,44.9,44.7,37.0,10.1,NO DATA,NO DATA,NO DATA
f4e6bc5b-3b1e-4b5b-8bfe-75152f4e2f4f,10,NO DATA,NO DATA,32.0,31.2,30.2,28.0,28.8,25.9,21.7,19.8,NO DATA,NO DATA,NO DATA
f4f2cf21-e54f-44c4-8d78-f8bf0e186b44,10,NO DATA,NO DATA,NO DATA,NO DATA,NO DATA,NO DATA,NO DATA,NO DATA,NO DATA,NO DATA,NO DATA,38.2,38.5
f4ffda1c-8c14-4896-8073-8b4e99fd09fd,10,15.0,26.7,25.2,16.6,NO DATA,14.2,NO DATA,NO DATA,NO DATA,NO DATA,NO DATA,NO DATA,NO DATA
f5278ffb-a126-46f8-9bf4-79d3e784ca8e,10,NO DATA,38.6,34.2,24.9,NO DATA,NO DATA,NO DATA,NO DATA,NO DATA,NO DATA,NO DATA,NO DATA,NO DATA
f53e3985-536c-4e52-a884-43c05de3fdeb,10,22.6,NO DATA,NO DATA,NO DATA,NO DATA,NO DATA,NO DATA,NO DATA,NO DATA,NO DATA,NO DATA,NO DATA,NO DATA
f55728c2-2fc2-4b98-b688-627a5c2fc9dc,8,NO DATA,NO DATA,NO DATA,NO DATA,NO DATA,NO DATA,35.9,33.4,31.9,27.9,NO DATA,NO DATA,NO DATA
f55e4d64-0c92-4a40-9ef9-0102ff03d310,8,NO DATA,NO DATA,NO DATA,NO DATA,NO DATA,NO DATA,33.5,29.3,26.3,11.6,8.8,11.9,11.9
f566ed72-e5e4-4182-bb7d-9ff7935b02e1,10,33.7,30.5,28.9,25.7,20.1,5.9,NO DATA,NO DATA,33.2,32.1,NO DATA,13.2,8.5
f582b968-5fa6-4540-9d5c-756d259d9757,6,21.6,23.2,18.0,NO DATA,NO DATA,NO DATA,33.1,28.4,20.3,18.4,NO DATA,NO DATA,NO DATA
f5a523bf-da4b-421a-b803-fc9ddfffc5a8,10,NO DATA,37.2,NO DATA,NO DATA,NO DATA,39.6,36.1,40.5,39.8,NO DATA,NO DATA,NO DATA,NO DATA
f5c1a6df-a1dc-49a1-9754-3c9cd58b2e77,10,NO DATA,NO DATA,NO DATA,NO DATA,NO DATA,NO DATA,NO DATA,NO DATA,46.6,46.8,49.3,37.6,NO DATA
f5cf9638-cb19-4a4d-ae25-72aae1490530,6,22.5,25.8,22.8,NO DATA,NO DATA,NO DATA,NO DATA,NO DATA,NO DATA,NO DATA,NO DATA,NO DATA,NO DATA
f5d116f7-3561-4fc3-827c-982e231582b6,10,22.4,18.1,11.0,NO DATA,NO DATA,NO DATA,NO DATA,NO DATA,48.4,54.2,NO DATA,27.3,24.2
f5e0d2d6-230c-4167-a667-96c4c47cbc20,8,NO DATA,NO DATA,NO DATA,NO DATA,NO DATA,NO DATA,37.4,NO DATA,NO DATA,NO DATA,NO DATA,NO DATA,NO DATA
f5f7e53c-06f5-49b7-8c5d-dd0c8e07dacc,10,18.2,25.0,NO DATA,NO DATA,NO DATA,NO DATA,NO DATA,NO DATA,NO DATA,NO DATA,NO DATA,NO DATA,NO DATA
f6283845-7575-476e-bacf-a8bf798875b1,8,NO DATA,NO DATA,NO DATA,NO DATA,NO DATA,34.3,30.7,18.3,33.5,15.0,12.9,NO DATA,NO DATA
f6328b10-1ffe-48e0-95c7-1dcf9dc07645,12,NO DATA,NO DATA,NO DATA,NO DATA,43.3,47.6,49.0,46.4,37.0,NO DATA,NO DATA,NO DATA,NO DATA
f64c1845-2b74-4c41-8969-f134f154c02e,6,NO DATA,31.8,29.4,26.4,23.2,19.5,16.9,10.3,28.0,30.9,26.0,20.5,18.5
f656c948-3087-45f0-a16f-5ecb10b4a867,10,41.6,48.3,49.3,NO DATA,NO DATA,NO DATA,NO DATA,NO DATA,NO DATA,NO DATA,NO DATA,NO DATA,NO DATA
f658a739-f621-42e2-9609-8d51e965b0b8,10,34.7,36.3,NO DATA,NO DATA,NO DATA,NO DATA,NO DATA,NO DATA,NO DATA,NO DATA,NO DATA,NO DATA,NO DATA
f670587a-57de-4aac-9166-2590cfa7171a,10,37.0,NO DATA,NO DATA,NO DATA,NO DATA,NO DATA,NO DATA,NO DATA,NO DATA,NO DATA,NO DATA,NO DATA,NO DATA
f6724e38-c146-4106-a0aa-e5d9ca8bf4ab,8,NO DATA,NO DATA,NO DATA,NO DATA,NO DATA,NO DATA,NO DATA,NO DATA,30.7,NO DATA,NO DATA,NO DATA,NO DATA
f69d1c12-7673-4346-97bd-cf717d4edaad,10,NO DATA,42.6,37.1,33.2,32.1,31.5,33.6,30.0,NO DATA,NO DATA,NO DATA,NO DATA,NO DATA
f6a29908-53a9-40c0-b475-6183516fdc98,10,31.5,34.9,65.8,NO DATA,NO DATA,NO DATA,NO DATA,NO DATA,NO DATA,NO DATA,NO DATA,NO DATA,NO DATA
f6b161b8-1e79-4416-9040-af01061e2f50,8,NO DATA,NO DATA,NO DATA,NO DATA,NO DATA,NO DATA,34.4,19.2,35.7,32.2,NO DATA,NO DATA,NO DATA
f6c3be86-3768-4dee-b26a-4e6e09ff5e13,10,33.6,37.5,36.0,35.3,35.2,32.4,37.4,34.4,NO DATA,NO DATA,NO DATA,NO DATA,NO DATA
f6c5d43e-d1b2-4982-b79d-3087f46cb286,10,37.5,51.3,45.6,NO DATA,NO DATA,NO DATA,NO DATA,NO DATA,NO DATA,NO DATA,NO DATA,NO DATA,NO DATA
f6e89ac8-fa7a-4462-a939-c20477d5de24,8,NO DATA,NO DATA,NO DATA,NO DATA,NO DATA,NO DATA,NO DATA,39.5,33.6,9.0,NO DATA,NO DATA,NO DATA
f6f48f2f-3e14-4e14-abb2-baeed5ee9446,10,26.7,29.9,NO DATA,NO DATA,NO DATA,NO DATA,24.8,25.3,17.3,NO DATA,NO DATA,NO DATA,NO DATA
f7010577-1e76-446e-84f0-7a53ca55e589,10,NO DATA,NO DATA,NO DATA,NO DATA,NO DATA,NO DATA,NO DATA,NO DATA,38.5,37.2,32.3,NO DATA,NO DATA
f719c503-3bb1-437b-b1c6-044a9d2abd95,10,26.1,28.5,22.9,16.0,11.3,10.5,8.2,41.9,34.7,26.7,24.0,7.3,NO DATA
f726ea1c-7571-441a-83b7-4232940323fc,10,37.9,42.8,NO DATA,NO DATA,NO DATA,NO DATA,46.7,NO DATA,NO DATA,NO DATA,NO DATA,NO DATA,NO DATA
f7301ea8-7d9f-4fc1-9430-5fa31f510b30,10,22.0,34.1,38.7,NO DATA,NO DATA,14.4,NO DATA,NO DATA,NO DATA,NO DATA,NO DATA,NO DATA,NO DATA
f744e49c-3052-455b-b900-2d60f150143d,10,NO DATA,NO DATA,NO DATA,NO DATA,NO DATA,NO DATA,NO DATA,NO DATA,34.9,31.4,NO DATA,NO DATA,NO DATA
f7500a0f-eedf-4b33-b44b-3c7debc50a4c,10,NO DATA,NO DATA,32.4,31.6,33.7,33.2,36.5,34.2,34.0,32.9,NO DATA,18.3,14.1
f7539264-eba8-4e61-bab3-27a8a3b1ce04,10,34.6,45.6,44.3,39.8,29.7,15.1,53.6,52.6,43.0,NO DATA,NO DATA,NO DATA,NO DATA
f7556db2-bbeb-45f8-9f9a-069296938ed5,8,NO DATA,NO DATA,NO DATA,NO DATA,NO DATA,35.8,40.0,38.9,NO DATA,NO DATA,NO DATA,NO DATA,NO DATA
f7679300-77a6-4359-9a8c-35c387a4c033,6,23.0,25.6,25.4,23.3,21.7,NO DATA,24.3,22.8,NO DATA,NO DATA,NO DATA,NO DATA,NO DATA
f76d3e5e-e8e4-498b-8398-6f7ef589c9ad,10,NO DATA,36.5,NO DATA,NO DATA,NO DATA,NO DATA,NO DATA,NO DATA,NO DATA,NO DATA,NO DATA,NO DATA,NO DATA
f79b008f-9e0a-4fd2-ad8c-d1a858897be4,10,34.5,41.7,33.7,NO DATA,NO DATA,NO DATA,NO DATA,NO DATA,NO DATA,NO DATA,NO DATA,NO DATA,NO DATA
f7af4699-b7b4-4a05-9609-df360a30d80c,8,NO DATA,NO DATA,NO DATA,NO DATA,NO DATA,NO DATA,40.8,39.0,NO DATA,NO DATA,NO DATA,NO DATA,NO DATA
f7af642d-c2a8-4844-a027-476dc70a7cea,10,NO DATA,29.6,25.4,NO DATA,NO DATA,NO DATA,21.5,NO DATA,NO DATA,NO DATA,NO DATA,NO DATA,NO DATA
f7ba1bc0-20c2-4b3f-bc55-ddfa7cb0ae6a,12,36.2,38.6,36.0,32.1,27.5,27.5,24.4,NO DATA,44.0,41.0,NO DATA,12.1,10.2
f7bd1fc1-2c74-438d-98b6-ffea30f8236d,10,22.1,22.1,18.6,NO DATA,NO DATA,NO DATA,NO DATA,NO DATA,NO DATA,NO DATA,NO DATA,NO DATA,NO DATA
f7c66d30-77a7-4661-8084-faca5182190e,10,NO DATA,NO DATA,35.2,37.7,NO DATA,NO DATA,36.1,31.2,28.2,NO DATA,NO DATA,NO DATA,NO DATA
f7d8f86f-04a2-4244-8f23-cd421f0194a3,10,26.8,32.0,33.6,NO DATA,NO DATA,NO DATA,NO DATA,NO DATA,NO DATA,NO DATA,NO DATA,NO DATA,NO DATA
f7e70c04-938c-41cc-a5d2-e3a77053adb6,10,17.5,NO DATA,NO DATA,NO DATA,NO DATA,NO DATA,NO DATA,NO DATA,NO DATA,NO DATA,NO DATA,NO DATA,NO DATA
f7fe3476-2ef2-4031-ad22-c42deaf31f04,10,22.1,22.6,NO DATA,NO DATA,NO DATA,NO DATA,NO DATA,NO DATA,NO DATA,NO DATA,NO DATA,NO DATA,NO DATA
f7fe85a1-b09a-4eac-a7dd-2fcacb1d1ae5,10,NO DATA,NO DATA,NO DATA,NO DATA,NO DATA,NO DATA,NO DATA,NO DATA,39.8,NO DATA,NO DATA,NO DATA,NO DATA
f82989b5-744f-4716-8fb2-b6360ad138a6,10,32.7,34.8,31.9,29.4,25.9,18.5,26.6,13.5,NO DATA,NO DATA,NO DATA,NO DATA,NO DATA
f8317ab9-39ad-472e-a333-2c436424a67c,10,NO DATA,NO DATA,40.7,NO DATA,NO DATA,NO DATA,NO DATA,40.9,NO DATA,NO DATA,NO DATA,NO DATA,NO DATA
f83c8993-9557-49db-b18c-1be3ecc8c214,6,NO DATA,NO DATA,NO DATA,NO DATA,NO DATA,NO DATA,30.1,NO DATA,NO DATA,NO DATA,NO DATA,NO DATA,NO DATA
f8418c90-4998-409b-9dcd-60d2a5773fe6,10,NO DATA,NO DATA,NO DATA,NO DATA,NO DATA,NO DATA,NO DATA,NO DATA,48.8,NO DATA,NO DATA,NO DATA,NO DATA
f84f90c3-69ec-4955-9b24-52ab3e90e285,10,31.4,26.7,18.1,NO DATA,NO DATA,NO DATA,NO DATA,NO DATA,41.2,45.8,NO DATA,34.0,26.7
f859cfe4-60aa-4a7f-a649-5e6cff5bdbd3,10,NO DATA,NO DATA,NO DATA,23.9,14.3,NO DATA,NO DATA,NO DATA,32.1,42.3,NO DATA,NO DATA,NO DATA
f85bc71d-79dd-4639-88df-c81d4f41ffe8,10,33.7,37.4,NO DATA,NO DATA,NO DATA,NO DATA,NO DATA,NO DATA,NO DATA,NO DATA,NO DATA,NO DATA,NO DATA
f86ec5f5-d79f-4443-bf32-b51a98c79d0c,10,32.2,32.6,31.5,NO DATA,29.9,29.3,27.3,25.0,18.1,NO DATA,NO DATA,NO DATA,NO DATA
f8988825-8d8c-4e2c-9e90-55b9345a7f55,10,41.3,36.4,NO DATA,NO DATA,NO DATA,NO DATA,NO DATA,NO DATA,NO DATA,NO DATA,NO DATA,NO DATA,NO DATA
f8bcd7e1-e553-4634-909f-ea14a9713925,8,NO DATA,NO DATA,NO DATA,NO DATA,NO DATA,NO DATA,NO DATA,NO DATA,30.7,25.7,30.0,NO DATA,NO DATA
f8c6f059-de5e-4b54-a542-6004b0aeceec,6,NO DATA,NO DATA,NO DATA,NO DATA,NO DATA,NO DATA,NO DATA,NO DATA,NO DATA,NO DATA,29.1,24.8,22.2
f8c78603-06e8-4f10-9f0a-938fb1d6e38b,10,29.5,NO DATA,NO DATA,NO DATA,NO DATA,NO DATA,NO DATA,NO DATA,NO DATA,NO DATA,NO DATA,NO DATA,NO DATA
f8ca4d83-9082-4515-8e6a-b1e98cb7d05b,10,NO DATA,33.8,31.1,28.2,26.5,30.6,27.9,NO DATA,NO DATA,NO DATA,NO DATA,NO DATA,NO DATA
f8e2c66c-4430-46fd-af20-4594ed7fb23a,8,NO DATA,43.0,24.3,NO DATA,NO DATA,NO DATA,NO DATA,NO DATA,NO DATA,NO DATA,NO DATA,NO DATA,NO DATA
f8f4bac8-c1d8-4c12-bdc0-1ae97f883020,10,NO DATA,NO DATA,34.0,NO DATA,NO DATA,NO DATA,NO DATA,NO DATA,NO DATA,NO DATA,NO DATA,NO DATA,NO DATA
f929b678-1c26-4101-99a9-eb8bcb61be9f,10,25.0,23.9,18.8,18.6,NO DATA,23.5,NO DATA,NO DATA,NO DATA,NO DATA,NO DATA,NO DATA,NO DATA
f9377c0b-d092-4797-9d5a-6f9849ed5ba3,10,NO DATA,NO DATA,37.2,33.7,29.1,25.8,28.3,23.8,11.1,34.9,30.6,34.0,34.4
f93e4277-7702-4825-9c95-91b99ce176d8,8,NO DATA,NO DATA,NO DATA,NO DATA,NO DATA,NO DATA,NO DATA,32.9,28.4,24.3,NO DATA,NO DATA,NO DATA
f9421437-8e2e-41a3-be78-06c5b76ceaf7,6,NO DATA,NO DATA,NO DATA,NO DATA,35.8,35.5,35.4,33.0,26.0,NO DATA,NO DATA,NO DATA,NO DATA
f946a1f4-7dd3-4620-bf3f-3ddebf0268e6,10,NO DATA,50.0,NO DATA,NO DATA,NO DATA,46.9,52.2,NO DATA,NO DATA,NO DATA,NO DATA,NO DATA,NO DATA
f94eef70-d869-4fa6-b4ea-a3517d37ab63,12,NO DATA,NO DATA,NO DATA,NO DATA,58.5,56.7,60.9,44.7,34.5,NO DATA,NO DATA,NO DATA,NO DATA
f9596157-dd0a-4206-98af-56a058bc613f,10,NO DATA,33.0,NO DATA,NO DATA,NO DATA,NO DATA,29.3,NO DATA,NO DATA,NO DATA,NO DATA,NO DATA,NO DATA
f971e76c-179a-4330-9f36-57b70170d149,10,NO DATA,33.0,NO DATA,NO DATA,NO DATA,NO DATA,NO DATA,NO DATA,NO DATA,NO DATA,NO DATA,NO DATA,NO DATA
f9ae4d3c-3da2-4c41-a199-239cf409c874,10,NO DATA,NO DATA,31.6,31.2,28.2,28.6,NO DATA,NO DATA,NO DATA,NO DATA,NO DATA,NO DATA,NO DATA
f9b4e454-eb25-4b71-9f37-c9780fc812bf,8,NO DATA,NO DATA,NO DATA,NO DATA,41.3,44.7,NO DATA,NO DATA,NO DATA,NO DATA,NO DATA,NO DATA,NO DATA
f9c61688-335e-4806-8d5a-393887a191f5,8,NO DATA,NO DATA,NO DATA,NO DATA,NO DATA,NO DATA,45.5,NO DATA,NO DATA,NO DATA,NO DATA,NO DATA,NO DATA
f9e5d48c-fb75-4098-8676-c27e2689b369,10,NO DATA,NO DATA,NO DATA,NO DATA,NO DATA,NO DATA,51.9,53.5,50.7,NO DATA,39.4,39.3,32.9
f9e7affd-4a05-4248-a616-2d1c75e38507,10,NO DATA,35.7,28.7,NO DATA,NO DATA,NO DATA,NO DATA,NO DATA,NO DATA,NO DATA,NO DATA,NO DATA,NO DATA
f9e7e31d-8423-490c-a7d0-1bd16bfda5d5,10,34.7,36.4,34.2,33.4,32.8,40.1,32.3,30.1,22.4,NO DATA,NO DATA,NO DATA,NO DATA
fa012941-f305-4297-ab12-b8e1ffcdd55e,10,26.9,28.7,25.4,15.6,NO DATA,NO DATA,NO DATA,NO DATA,39.9,37.3,NO DATA,34.9,28.1
fa0e5ad6-4b08-4339-8462-81e56403c924,10,26.3,29.9,26.9,NO DATA,NO DATA,26.6,34.9,NO DATA,NO DATA,NO DATA,NO DATA,NO DATA,NO DATA
fa1c2596-2f1a-4984-8610-755ca27a7000,10,29.3,34.3,30.4,NO DATA,30.3,31.1,NO DATA,NO DATA,NO DATA,NO DATA,NO DATA,NO DATA,NO DATA
fa2c804d-6df1-4453-95f2-398d1ccb0cc1,8,NO DATA,NO DATA,NO DATA,NO DATA,NO DATA,NO DATA,36.6,NO DATA,NO DATA,NO DATA,NO DATA,NO DATA,NO DATA
fa3424f2-8691-45ea-a5bf-a775d7c9e974,8,NO DATA,NO DATA,NO DATA,NO DATA,NO DATA,NO DATA,31.7,28.3,22.1,NO DATA,NO DATA,NO DATA,NO DATA
fa4ed793-36e9-4df8-825c-e145d5f63cfa,10,NO DATA,NO DATA,NO DATA,NO DATA,NO DATA,NO DATA,39.3,32.7,27.1,26.1,NO DATA,NO DATA,NO DATA
fa50d9fe-1440-41c6-9a2d-0cb4e626bccc,10,25.6,29.3,23.5,NO DATA,NO DATA,NO DATA,NO DATA,NO DATA,NO DATA,NO DATA,NO DATA,NO DATA,NO DATA
fa612c28-9728-4c7f-94d0-b4638ac06c6b,10,NO DATA,37.0,35.3,32.9,31.0,32.0,30.7,27.7,24.8,NO DATA,NO DATA,NO DATA,NO DATA
fa8e15ba-6c20-4e94-bb59-b1bcd95be327,10,NO DATA,NO DATA,31.6,26.1,NO DATA,NO DATA,NO DATA,NO DATA,NO DATA,NO DATA,NO DATA,NO DATA,NO DATA
faaef0dc-fe82-42a5-ae57-fdd546bee91d,8,NO DATA,NO DATA,NO DATA,NO DATA,NO DATA,NO DATA,32.1,NO DATA,NO DATA,NO DATA,NO DATA,NO DATA,NO DATA
fab8f3c4-aa74-4c76-b61f-497788cc20e7,10,27.7,28.3,5.5,9.2,NO DATA,NO DATA,NO DATA,38.2,32.9,28.8,NO DATA,NO DATA,NO DATA
fad0859d-9863-4e61-a792-e2adf4fd50b0,12,NO DATA,NO DATA,NO DATA,NO DATA,NO DATA,NO DATA,NO DATA,45.9,NO DATA,NO DATA,NO DATA,NO DATA,NO DATA
fad104ae-2774-4992-90cc-8ba3e97df7e5,8,NO DATA,NO DATA,NO DATA,NO DATA,NO DATA,NO DATA,35.6,33.5,27.4,NO DATA,NO DATA,NO DATA,NO DATA
fad99a9f-3d96-4f6f-8fc0-944b5610ca62,6,NO DATA,26.0,25.8,NO DATA,NO DATA,NO DATA,NO DATA,NO DATA,NO DATA,NO DATA,NO DATA,NO DATA,NO DATA
faeafd3a-7556-4e27-bf6b-00d914e97b8a,10,NO DATA,34.5,32.2,38.2,37.5,34.5,NO DATA,NO DATA,NO DATA,NO DATA,NO DATA,NO DATA,NO DATA
faf563db-8841-474d-ab69-843d0ade7c98,10,34.1,38.7,NO DATA,45.3,NO DATA,43.2,NO DATA,NO DATA,NO DATA,NO DATA,NO DATA,NO DATA,NO DATA
fb1dae93-0b1f-4c5f-ba5e-277cb12635b7,8,NO DATA,NO DATA,NO DATA,NO DATA,NO DATA,NO DATA,41.8,37.5,NO DATA,NO DATA,NO DATA,NO DATA,NO DATA
fb1ecb07-f423-42a6-ab55-1ebd65207081,10,NO DATA,36.2,43.6,50.0,NO DATA,NO DATA,NO DATA,NO DATA,NO DATA,NO DATA,NO DATA,NO DATA,NO DATA
fb5094d2-67e2-41de-8a73-ebf95b74e38e,8,NO DATA,NO DATA,NO DATA,NO DATA,NO DATA,NO DATA,36.0,36.5,NO DATA,NO DATA,NO DATA,NO DATA,NO DATA
fb5ce964-c24a-4ce7-828b-63ad3954fe55,10,35.2,43.2,35.9,NO DATA,NO DATA,NO DATA,43.6,39.5,33.8,NO DATA,NO DATA,NO DATA,NO DATA
fb5fff9a-30ec-493b-ad9b-06b13b9015c3,10,NO DATA,NO DATA,26.5,16.4,8.9,NO DATA,NO DATA,NO DATA,39.6,41.7,36.1,24.5,22.6
fb6070ec-5e07-4f69-9c90-5cc7c71bf9db,6,NO DATA,NO DATA,NO DATA,NO DATA,NO DATA,NO DATA,29.2,26.2,24.5,14.1,NO DATA,NO DATA,NO DATA
fb7a3433-eb28-4934-abd8-5b06a41f8c4b,8,NO DATA,NO DATA,NO DATA,NO DATA,NO DATA,31.6,32.3,NO DATA,NO DATA,37.4,NO DATA,NO DATA,NO DATA
fb9a0aba-98f3-4bc7-90a5-d6cea782c9b0,10,35.8,NO DATA,NO DATA,NO DATA,NO DATA,NO DATA,NO DATA,NO DATA,NO DATA,NO DATA,NO DATA,NO DATA,NO DATA
fbb3dabe-8e2c-47de-89da-40d37af19324,10,29.4,30.8,28.8,27.9,23.3,21.2,21.9,16.3,NO DATA,NO DATA,NO DATA,NO DATA,NO DATA
fbcc6473-562d-4887-bd15-1d216796c618,10,33.3,32.7,NO DATA,NO DATA,NO DATA,NO DATA,NO DATA,NO DATA,NO DATA,NO DATA,NO DATA,NO DATA,NO DATA
fbd9044d-9899-4335-b877-4f10dadb9fe9,6,21.7,22.4,1.3,NO DATA,NO DATA,NO DATA,NO DATA,NO DATA,NO DATA,NO DATA,NO DATA,NO DATA,NO DATA
fc101637-3090-40a5-8212-4d20cc68f5b6,10,21.7,20.0,14.9,12.2,9.0,NO DATA,NO DATA,NO DATA,NO DATA,NO DATA,NO DATA,NO DATA,NO DATA
fc242f8a-25b3-48f4-9c17-eac28a6ca2da,10,36.2,31.3,20.7,11.0,NO DATA,NO DATA,NO DATA,NO DATA,NO DATA,NO DATA,NO DATA,NO DATA,NO DATA
fc397128-c053-4ae9-bfe4-3ff3f9b83109,10,NO DATA,28.2,NO DATA,NO DATA,NO DATA,14.0,NO DATA,NO DATA,NO DATA,NO DATA,NO DATA,NO DATA,NO DATA
fc662d49-5632-44e0-8e0b-5bb42d9df239,8,NO DATA,NO DATA,NO DATA,NO DATA,NO DATA,NO DATA,44.0,NO DATA,NO DATA,NO DATA,NO DATA,NO DATA,NO DATA
fc6f2d2c-2d22-43ef-b595-60314a9573f6,6,26.1,27.3,NO DATA,NO DATA,NO DATA,NO DATA,NO DATA,NO DATA,NO DATA,NO DATA,NO DATA,NO DATA,NO DATA
fc7e25ce-91bd-44af-836c-bcc165f82213,8,NO DATA,NO DATA,NO DATA,NO DATA,NO DATA,NO DATA,44.2,NO DATA,NO DATA,NO DATA,NO DATA,NO DATA,NO DATA
fca80bf9-a184-4fa4-ac85-6e28acea35bb,10,34.3,36.6,NO DATA,40.7,40.1,NO DATA,NO DATA,NO DATA,NO DATA,NO DATA,NO DATA,NO DATA,NO DATA
fcad9655-9906-4d4b-bcf0-7d7e86382dc0,6,21.0,NO DATA,NO DATA,NO DATA,NO DATA,NO DATA,NO DATA,NO DATA,NO DATA,NO DATA,33.2,30.6,NO DATA
fcad9655-9906-4d4b-bcf0-7d7e86382dc0,8,26.5,28.7,26.3,26.3,21.7,18.4,28.4,24.7,27.2,27.2,31.2,36.4,37.2
fcb68688-a931-4e95-9f4a-e9e928748bf3,10,33.4,35.4,30.5,29.3,28.9,29.8,27.4,25.5,NO DATA,NO DATA,NO DATA,NO DATA,NO DATA
fcb88160-47ef-430c-8d04-c35d74155fe1,6,NO DATA,NO DATA,NO DATA,NO DATA,NO DATA,NO DATA,NO DATA,NO DATA,NO DATA,NO DATA,NO DATA,21.6,20.3
fcc54aa4-32ba-4def-82aa-cc157e275eee,10,35.0,38.6,40.9,37.5,NO DATA,NO DATA,NO DATA,NO DATA,NO DATA,NO DATA,NO DATA,NO DATA,NO DATA
fcd5209f-05af-4608-b924-4b9df4f72c27,8,NO DATA,NO DATA,NO DATA,NO DATA,NO DATA,NO DATA,NO DATA,NO DATA,36.5,33.6,11.7,NO DATA,NO DATA
fcd7e9d9-5b23-4910-9a06-ddb8e7f46abf,10,31.7,35.8,31.2,40.7,NO DATA,NO DATA,NO DATA,NO DATA,NO DATA,NO DATA,NO DATA,NO DATA,NO DATA
fcdc3ccd-ff8f-4145-bf2a-1c5035d4c06e,12,NO DATA,NO DATA,NO DATA,NO DATA,NO DATA,NO DATA,NO DATA,45.1,38.6,26.4,19.8,NO DATA,NO DATA
fcf23668-cfb1-48e0-b8aa-fa0c3a2e6795,10,30.1,30.3,29.9,23.2,20.3,25.4,13.4,NO DATA,NO DATA,NO DATA,NO DATA,NO DATA,NO DATA
fcf97d23-5416-46ee-9cd8-94bb3933a06f,10,26.0,27.7,29.3,NO DATA,28.6,30.3,NO DATA,NO DATA,NO DATA,NO DATA,NO DATA,NO DATA,NO DATA
fcfbe16f-90ce-4fe0-bd8d-e33ca902b968,10,NO DATA,35.8,30.4,29.1,26.9,30.3,28.1,25.0,24.3,19.3,7.7,NO DATA,NO DATA
fd0560e8-b425-43e9-b0b2-66b02460bc21,6,NO DATA,NO DATA,NO DATA,NO DATA,NO DATA,NO DATA,32.5,33.0,40.7,NO DATA,NO DATA,NO DATA,NO DATA
fd093910-4e01-40c9-89fd-70bf57163494,10,NO DATA,NO DATA,27.5,25.8,NO DATA,NO DATA,23.1,19.7,NO DATA,NO DATA,NO DATA,NO DATA,NO DATA
fd0a4baa-b3bc-413f-9c9b-bb7c7ec1d971,12,NO DATA,NO DATA,NO DATA,NO DATA,NO DATA,NO DATA,NO DATA,NO DATA,36.3,10.9,NO DATA,NO DATA,NO DATA
fd3b9890-5047-440b-b1ef-b997f42a7ade,10,33.7,35.5,34.8,37.9,NO DATA,NO DATA,NO DATA,NO DATA,NO DATA,NO DATA,NO DATA,NO DATA,NO DATA
fd4eea1f-504f-427c-9d72-b4ed904552f6,8,NO DATA,NO DATA,NO DATA,NO DATA,NO DATA,NO DATA,30.2,29.6,29.1,25.7,NO DATA,NO DATA,NO DATA
fd5cc5b2-b6a1-4fc8-8043-87d2c59ddf10,10,24.1,31.9,NO DATA,NO DATA,NO DATA,NO DATA,NO DATA,NO DATA,NO DATA,NO DATA,NO DATA,NO DATA,NO DATA
fd5d9681-9177-4794-b3d2-1d36ab90bc05,10,26.1,27.4,30.8,32.2,NO DATA,30.9,16.4,9.4,NO DATA,NO DATA,NO DATA,NO DATA,NO DATA
fd714a9d-137b-4f3c-8bee-01bd608ee73d,10,31.0,33.1,32.3,29.0,21.9,18.0,NO DATA,NO DATA,36.9,31.5,NO DATA,NO DATA,NO DATA
fda4a2bb-896f-4fc9-b738-1c4af174041e,12,NO DATA,NO DATA,NO DATA,NO DATA,NO DATA,48.6,51.9,NO DATA,NO DATA,56.2,51.3,28.4,28.4
fde8f76d-88f5-4b27-9028-ff223fc67e0f,10,NO DATA,NO DATA,33.6,NO DATA,NO DATA,NO DATA,NO DATA,NO DATA,NO DATA,NO DATA,NO DATA,NO DATA,NO DATA
fdeb589d-ee0b-4ae2-b3f6-50ef6c94bc6a,6,25.5,NO DATA,NO DATA,NO DATA,NO DATA,NO DATA,31.6,27.9,NO DATA,NO DATA,NO DATA,NO DATA,NO DATA
fdf6d624-d1da-4e67-87e4-630cd0cfab12,10,31.3,32.0,31.3,24.7,22.6,20.4,11.3,8.4,38.3,NO DATA,NO DATA,21.5,23.6
fe022fff-dba1-45ca-a0b5-f23afcd39b6f,10,NO DATA,42.9,40.8,NO DATA,NO DATA,NO DATA,NO DATA,NO DATA,NO DATA,NO DATA,NO DATA,NO DATA,NO DATA
fe068ff8-4558-407b-84aa-435263b0102b,8,NO DATA,NO DATA,NO DATA,NO DATA,NO DATA,NO DATA,35.1,NO DATA,NO DATA,NO DATA,NO DATA,NO DATA,NO DATA
fe13befd-10f6-418a-9e57-81e79a08d8ee,10,29.3,35.0,NO DATA,NO DATA,NO DATA,NO DATA,NO DATA,NO DATA,NO DATA,NO DATA,NO DATA,NO DATA,NO DATA
fe3e2433-a73f-4262-9834-f30e4301ea38,8,NO DATA,NO DATA,NO DATA,NO DATA,NO DATA,30.8,38.7,NO DATA,NO DATA,NO DATA,NO DATA,NO DATA,NO DATA
fe432590-82bd-4f6f-a7ba-92e054b9ead1,12,NO DATA,37.3,28.7,25.4,17.2,NO DATA,NO DATA,NO DATA,NO DATA,NO DATA,NO DATA,NO DATA,NO DATA
fe4953e2-fe7d-46ea-a17e-c42adf9e71d7,10,34.7,34.9,35.7,34.1,NO DATA,39.5,NO DATA,NO DATA,NO DATA,NO DATA,NO DATA,NO DATA,NO DATA
fe526b9b-7750-486d-b506-7c5933ba4113,10,NO DATA,NO DATA,NO DATA,NO DATA,NO DATA,NO DATA,NO DATA,NO DATA,NO DATA,NO DATA,NO DATA,51.0,55.2
fe577bcb-6129-40c3-9cf3-e24ae48cb827,8,NO DATA,NO DATA,NO DATA,NO DATA,NO DATA,NO DATA,38.6,34.6,27.0,28.1,NO DATA,NO DATA,NO DATA
fe97c36f-093b-4698-bd59-f889a265b4a7,10,NO DATA,NO DATA,34.4,NO DATA,NO DATA,NO DATA,NO DATA,NO DATA,NO DATA,NO DATA,NO DATA,NO DATA,NO DATA
feeccd07-f899-4a0a-a469-90f751271da3,12,NO DATA,NO DATA,NO DATA,NO DATA,NO DATA,NO DATA,NO DATA,NO DATA,49.2,NO DATA,NO DATA,NO DATA,NO DATA
fef3555e-d613-4698-9007-187651545d18,10,NO DATA,NO DATA,36.5,NO DATA,NO DATA,NO DATA,NO DATA,NO DATA,NO DATA,NO DATA,NO DATA,NO DATA,NO DATA
fefcfc59-2fb7-4ba0-94e7-e43ca3f41057,10,NO DATA,39.8,NO DATA,36.6,37.5,38.5,35.4,31.0,25.4,19.0,0.6,NO DATA,NO DATA
ff224cad-666b-4968-82ec-76cb2c3742f7,8,NO DATA,NO DATA,NO DATA,NO DATA,NO DATA,NO DATA,NO DATA,33.6,35.7,NO DATA,NO DATA,NO DATA,NO DATA
ff27ceb8-4859-4302-bde2-bf80a08033bb,10,27.3,30.3,29.7,NO DATA,NO DATA,NO DATA,NO DATA,NO DATA,NO DATA,NO DATA,NO DATA,NO DATA,NO DATA
ff2ccc40-12ac-4433-87d4-4f4d1395b05c,10,33.6,39.3,NO DATA,NO DATA,NO DATA,NO DATA,NO DATA,NO DATA,NO DATA,NO DATA,NO DATA,NO DATA,NO DATA
ff5a94c8-e558-4189-8b76-ede76e2de98d,10,NO DATA,36.8,35.9,37.5,NO DATA,38.3,NO DATA,38.8,NO DATA,30.6,NO DATA,NO DATA,NO DATA
ff66d196-1be8-4dfc-9b7d-77c781cd1c84,10,NO DATA,32.2,30.0,NO DATA,NO DATA,NO DATA,NO DATA,NO DATA,32.2,30.5,NO DATA,NO DATA,NO DATA
ff8065db-3009-41a1-9059-968721e6674a,10,23.7,23.3,18.7,NO DATA,NO DATA,NO DATA,NO DATA,NO DATA,NO DATA,NO DATA,NO DATA,NO DATA,NO DATA
ff916e04-b409-4949-8642-0c6c9d946192,10,30.2,32.0,20.0,13.0,NO DATA,NO DATA,NO DATA,NO DATA,NO DATA,NO DATA,NO DATA,NO DATA,NO DATA
ff91f76b-2660-4054-904c-082730e4a2c9,12,NO DATA,NO DATA,NO DATA,NO DATA,NO DATA,NO DATA,49.4,45.5,41.0,NO DATA,NO DATA,NO DATA,NO DATA
ffadc755-d377-4b08-a981-5f3c0f89ff78,6,NO DATA,NO DATA,NO DATA,NO DATA,NO DATA,NO DATA,NO DATA,NO DATA,NO DATA,35.5,29.7,NO DATA,NO DATA
ffb24f01-7296-4d56-af10-722db663cf0a,10,28.4,29.9,30.2,27.3,19.3,14.9,NO DATA,NO DATA,NO DATA,NO DATA,NO DATA,NO DATA,NO DATA
ffb3fd1e-fb34-45b3-85bc-a60ee8c3fe42,10,32.4,NO DATA,NO DATA,NO DATA,NO DATA,NO DATA,NO DATA,NO DATA,NO DATA,NO DATA,NO DATA,NO DATA,NO DATA
ffce5d96-442c-44d8-93bc-e666250bdb5b,8,NO DATA,NO DATA,NO DATA,NO DATA,NO DATA,29.9,26.7,NO DATA,NO DATA,NO DATA,NO DATA,NO DATA,NO DATA

